/*******************************************************************************
 * Size: 40 px
 * Bpp: 4
 * Opts: --font atkinson_bold.ttf -r 0x20-0x7E --size 40 --bpp 4 --format lvgl --lv-include lvgl.h --no-compress --lv-font-name ollo_font_40 -o ollo_font_40.c
 ******************************************************************************/

#ifdef LV_LVGL_H_INCLUDE_SIMPLE
#include "lvgl.h"
#else
#include "lvgl.h"
#endif

#ifndef OLLO_FONT_40
#define OLLO_FONT_40 1
#endif

#if OLLO_FONT_40

/*-----------------
 *    BITMAPS
 *----------------*/

/*Store the image of the glyphs*/
static LV_ATTRIBUTE_LARGE_CONST const uint8_t glyph_bitmap[] = {
    /* U+0020 " " */

    /* U+0021 "!" */
    0x3f, 0xff, 0xff, 0xff, 0x83, 0xff, 0xff, 0xff,
    0xf8, 0x3f, 0xff, 0xff, 0xff, 0x83, 0xff, 0xff,
    0xff, 0xf8, 0x3f, 0xff, 0xff, 0xff, 0x83, 0xff,
    0xff, 0xff, 0xf8, 0x3f, 0xff, 0xff, 0xff, 0x82,
    0xff, 0xff, 0xff, 0xf7, 0xf, 0xff, 0xff, 0xff,
    0x40, 0xdf, 0xff, 0xff, 0xf2, 0xb, 0xff, 0xff,
    0xff, 0x0, 0x8f, 0xff, 0xff, 0xc0, 0x6, 0xff,
    0xff, 0xfa, 0x0, 0x3f, 0xff, 0xff, 0x70, 0x1,
    0xff, 0xff, 0xf5, 0x0, 0xe, 0xff, 0xff, 0x20,
    0x0, 0xcf, 0xff, 0xf0, 0x0, 0x5, 0x88, 0x87,
    0x0, 0x0, 0x0, 0x0, 0x0, 0x0, 0x0, 0x0,
    0x0, 0x0, 0x0, 0x5, 0x86, 0x10, 0x0, 0x1c,
    0xff, 0xff, 0x40, 0xb, 0xff, 0xff, 0xff, 0x11,
    0xff, 0xff, 0xff, 0xf6, 0x3f, 0xff, 0xff, 0xff,
    0x81, 0xff, 0xff, 0xff, 0xf6, 0xa, 0xff, 0xff,
    0xfe, 0x10, 0x1c, 0xff, 0xfe, 0x30, 0x0, 0x4,
    0x76, 0x10, 0x0,

    /* U+0022 "\"" */
    0x6f, 0xff, 0xff, 0x40, 0xdf, 0xff, 0xfc, 0x5f,
    0xff, 0xff, 0x30, 0xcf, 0xff, 0xfb, 0x4f, 0xff,
    0xff, 0x20, 0xbf, 0xff, 0xfa, 0x3f, 0xff, 0xff,
    0x10, 0xaf, 0xff, 0xf9, 0x2f, 0xff, 0xff, 0x0,
    0x9f, 0xff, 0xf8, 0x1f, 0xff, 0xff, 0x0, 0x8f,
    0xff, 0xf7, 0xf, 0xff, 0xfe, 0x0, 0x7f, 0xff,
    0xf6, 0xf, 0xff, 0xfd, 0x0, 0x6f, 0xff, 0xf5,
    0xe, 0xff, 0xfc, 0x0, 0x5f, 0xff, 0xf4, 0x8,
    0xaa, 0xa7, 0x0, 0x3a, 0xaa, 0xa2,

    /* U+0023 "#" */
    0x0, 0x0, 0x0, 0x0, 0xd, 0xff, 0xff, 0xc0,
    0x0, 0x0, 0xcf, 0xff, 0xfe, 0x0, 0x0, 0x0,
    0x0, 0x0, 0x0, 0x0, 0xff, 0xff, 0xfa, 0x0,
    0x0, 0xe, 0xff, 0xff, 0xc0, 0x0, 0x0, 0x0,
    0x0, 0x0, 0x0, 0x1f, 0xff, 0xff, 0x80, 0x0,
    0x0, 0xff, 0xff, 0xfa, 0x0, 0x0, 0x0, 0x0,
    0x0, 0x0, 0x3, 0xff, 0xff, 0xf6, 0x0, 0x0,
    0x2f, 0xff, 0xff, 0x80, 0x0, 0x0, 0x0, 0x0,
    0x0, 0x0, 0x5f, 0xff, 0xff, 0x40, 0x0, 0x4,
    0xff, 0xff, 0xf6, 0x0, 0x0, 0x0, 0x0, 0x0,
    0x0, 0x7, 0xff, 0xff, 0xf2, 0x0, 0x0, 0x6f,
    0xff, 0xff, 0x40, 0x0, 0x0, 0x0, 0xb, 0xff,
    0xff, 0xff, 0xff, 0xff, 0xff, 0xff, 0xff, 0xff,
    0xff, 0xff, 0xff, 0xff, 0x40, 0x0, 0xdf, 0xff,
    0xff, 0xff, 0xff, 0xff, 0xff, 0xff, 0xff, 0xff,
    0xff, 0xff, 0xff, 0xf2, 0x0, 0xf, 0xff, 0xff,
    0xff, 0xff, 0xff, 0xff, 0xff, 0xff, 0xff, 0xff,
    0xff, 0xff, 0xff, 0x0, 0x2, 0xff, 0xff, 0xff,
    0xff, 0xff, 0xff, 0xff, 0xff, 0xff, 0xff, 0xff,
    0xff, 0xff, 0xd0, 0x0, 0x4f, 0xff, 0xff, 0xff,
    0xff, 0xff, 0xff, 0xff, 0xff, 0xff, 0xff, 0xff,
    0xff, 0xfb, 0x0, 0x4, 0xcc, 0xcc, 0xdf, 0xff,
    0xff, 0xdc, 0xcc, 0xcd, 0xff, 0xff, 0xfd, 0xcc,
    0xcc, 0x60, 0x0, 0x0, 0x0, 0x6, 0xff, 0xff,
    0xf2, 0x0, 0x0, 0x5f, 0xff, 0xff, 0x40, 0x0,
    0x0, 0x0, 0x0, 0x0, 0x0, 0x9f, 0xff, 0xff,
    0x0, 0x0, 0x7, 0xff, 0xff, 0xf2, 0x0, 0x0,
    0x0, 0x0, 0x0, 0x0, 0xb, 0xff, 0xff, 0xe0,
    0x0, 0x0, 0xaf, 0xff, 0xff, 0x0, 0x0, 0x0,
    0x0, 0x0, 0x0, 0x0, 0xef, 0xff, 0xfb, 0x0,
    0x0, 0xc, 0xff, 0xff, 0xd0, 0x0, 0x0, 0x0,
    0x0, 0x0, 0x0, 0xf, 0xff, 0xff, 0x90, 0x0,
    0x0, 0xef, 0xff, 0xfb, 0x0, 0x0, 0x0, 0x0,
    0x4f, 0xff, 0xff, 0xff, 0xff, 0xff, 0xff, 0xff,
    0xff, 0xff, 0xff, 0xff, 0xff, 0xfb, 0x0, 0x7,
    0xff, 0xff, 0xff, 0xff, 0xff, 0xff, 0xff, 0xff,
    0xff, 0xff, 0xff, 0xff, 0xff, 0x80, 0x0, 0x9f,
    0xff, 0xff, 0xff, 0xff, 0xff, 0xff, 0xff, 0xff,
    0xff, 0xff, 0xff, 0xff, 0xf6, 0x0, 0xb, 0xff,
    0xff, 0xff, 0xff, 0xff, 0xff, 0xff, 0xff, 0xff,
    0xff, 0xff, 0xff, 0xff, 0x40, 0x0, 0xef, 0xff,
    0xff, 0xff, 0xff, 0xff, 0xff, 0xff, 0xff, 0xff,
    0xff, 0xff, 0xff, 0xf2, 0x0, 0xb, 0xbb, 0xbb,
    0xff, 0xff, 0xfe, 0xbb, 0xbb, 0xbf, 0xff, 0xff,
    0xeb, 0xbb, 0xbb, 0x0, 0x0, 0x0, 0x0, 0xf,
    0xff, 0xff, 0x90, 0x0, 0x0, 0xff, 0xff, 0xfb,
    0x0, 0x0, 0x0, 0x0, 0x0, 0x0, 0x2, 0xff,
    0xff, 0xf7, 0x0, 0x0, 0x1f, 0xff, 0xff, 0x80,
    0x0, 0x0, 0x0, 0x0, 0x0, 0x0, 0x4f, 0xff,
    0xff, 0x50, 0x0, 0x3, 0xff, 0xff, 0xf6, 0x0,
    0x0, 0x0, 0x0, 0x0, 0x0, 0x7, 0xff, 0xff,
    0xf3, 0x0, 0x0, 0x5f, 0xff, 0xff, 0x40, 0x0,
    0x0, 0x0, 0x0, 0x0, 0x0, 0x9f, 0xff, 0xff,
    0x10, 0x0, 0x7, 0xff, 0xff, 0xf2, 0x0, 0x0,
    0x0, 0x0,

    /* U+0024 "$" */
    0x0, 0x0, 0x0, 0x0, 0x0, 0x55, 0x40, 0x0,
    0x0, 0x0, 0x0, 0x0, 0x0, 0x0, 0x0, 0x0,
    0x2f, 0xfc, 0x0, 0x0, 0x0, 0x0, 0x0, 0x0,
    0x0, 0x0, 0x0, 0x2, 0xff, 0xc0, 0x0, 0x0,
    0x0, 0x0, 0x0, 0x0, 0x0, 0x0, 0x14, 0x7f,
    0xfe, 0x63, 0x0, 0x0, 0x0, 0x0, 0x0, 0x0,
    0x6, 0xbf, 0xff, 0xff, 0xff, 0xff, 0x92, 0x0,
    0x0, 0x0, 0x0, 0x4d, 0xff, 0xff, 0xff, 0xff,
    0xff, 0xff, 0xf9, 0x0, 0x0, 0x0, 0x6f, 0xff,
    0xff, 0xff, 0xff, 0xff, 0xff, 0xff, 0xfc, 0x0,
    0x0, 0x6f, 0xff, 0xff, 0xff, 0xff, 0xff, 0xff,
    0xff, 0xff, 0xfa, 0x0, 0x1f, 0xff, 0xff, 0xff,
    0xfd, 0xff, 0xff, 0xff, 0xff, 0xff, 0xf4, 0x8,
    0xff, 0xff, 0xff, 0xa1, 0x2f, 0xfc, 0x2a, 0xff,
    0xff, 0xfd, 0x50, 0xbf, 0xff, 0xff, 0xc0, 0x2,
    0xff, 0xc0, 0xa, 0xfe, 0x93, 0x0, 0xd, 0xff,
    0xff, 0xfa, 0x0, 0x2f, 0xfc, 0x0, 0x15, 0x0,
    0x0, 0x0, 0xdf, 0xff, 0xff, 0xe1, 0x2, 0xff,
    0xc0, 0x0, 0x0, 0x0, 0x0, 0xb, 0xff, 0xff,
    0xff, 0xd4, 0x2f, 0xfc, 0x0, 0x0, 0x0, 0x0,
    0x0, 0x6f, 0xff, 0xff, 0xff, 0xff, 0xff, 0xd1,
    0x0, 0x0, 0x0, 0x0, 0x0, 0xef, 0xff, 0xff,
    0xff, 0xff, 0xff, 0xfd, 0x95, 0x0, 0x0, 0x0,
    0x2, 0xef, 0xff, 0xff, 0xff, 0xff, 0xff, 0xff,
    0xff, 0x91, 0x0, 0x0, 0x2, 0xcf, 0xff, 0xff,
    0xff, 0xff, 0xff, 0xff, 0xff, 0xf5, 0x0, 0x0,
    0x0, 0x5c, 0xff, 0xff, 0xff, 0xff, 0xff, 0xff,
    0xff, 0xf5, 0x0, 0x0, 0x0, 0x2, 0x7b, 0xef,
    0xff, 0xff, 0xff, 0xff, 0xff, 0xf1, 0x0, 0x0,
    0x0, 0x0, 0x2, 0xff, 0xfe, 0xff, 0xff, 0xff,
    0xff, 0x70, 0x0, 0x0, 0x0, 0x0, 0x2f, 0xfc,
    0x5, 0xef, 0xff, 0xff, 0xfb, 0x0, 0x0, 0x0,
    0x0, 0x2, 0xff, 0xc0, 0x1, 0xef, 0xff, 0xff,
    0xc0, 0x0, 0x5b, 0xf1, 0x0, 0x2f, 0xfc, 0x0,
    0xb, 0xff, 0xff, 0xfc, 0x39, 0xff, 0xff, 0x90,
    0x2, 0xff, 0xc0, 0x0, 0xcf, 0xff, 0xff, 0xac,
    0xff, 0xff, 0xff, 0x90, 0x2f, 0xfc, 0x0, 0x7f,
    0xff, 0xff, 0xf6, 0x4f, 0xff, 0xff, 0xff, 0xeb,
    0xff, 0xe8, 0xdf, 0xff, 0xff, 0xfe, 0x0, 0x9f,
    0xff, 0xff, 0xff, 0xff, 0xff, 0xff, 0xff, 0xff,
    0xff, 0x50, 0x0, 0xbf, 0xff, 0xff, 0xff, 0xff,
    0xff, 0xff, 0xff, 0xff, 0x60, 0x0, 0x0, 0x9f,
    0xff, 0xff, 0xff, 0xff, 0xff, 0xff, 0xfe, 0x50,
    0x0, 0x0, 0x0, 0x3b, 0xff, 0xff, 0xff, 0xff,
    0xff, 0xe8, 0x10, 0x0, 0x0, 0x0, 0x0, 0x2,
    0x6a, 0xcf, 0xff, 0xb8, 0x50, 0x0, 0x0, 0x0,
    0x0, 0x0, 0x0, 0x0, 0x2, 0xff, 0xc0, 0x0,
    0x0, 0x0, 0x0, 0x0, 0x0, 0x0, 0x0, 0x0,
    0x2f, 0xfc, 0x0, 0x0, 0x0, 0x0, 0x0, 0x0,
    0x0, 0x0, 0x0, 0x2, 0xff, 0xc0, 0x0, 0x0,
    0x0, 0x0, 0x0,

    /* U+0025 "%" */
    0x0, 0x0, 0x0, 0x15, 0x77, 0x40, 0x0, 0x0,
    0x0, 0x0, 0x0, 0x0, 0x0, 0x0, 0x0, 0x0,
    0x0, 0x0, 0x0, 0x0, 0x0, 0x2, 0xbf, 0xff,
    0xff, 0xf8, 0x0, 0x0, 0x0, 0x0, 0x0, 0x0,
    0x1e, 0xff, 0xff, 0x20, 0x0, 0x0, 0x0, 0x0,
    0x4, 0xef, 0xff, 0xff, 0xff, 0xfc, 0x10, 0x0,
    0x0, 0x0, 0x0, 0xa, 0xff, 0xff, 0x60, 0x0,
    0x0, 0x0, 0x0, 0x2, 0xff, 0xff, 0xff, 0xff,
    0xff, 0xfc, 0x0, 0x0, 0x0, 0x0, 0x4, 0xff,
    0xff, 0xc0, 0x0, 0x0, 0x0, 0x0, 0x0, 0xdf,
    0xff, 0xff, 0xff, 0xff, 0xff, 0xf8, 0x0, 0x0,
    0x0, 0x1, 0xef, 0xff, 0xf2, 0x0, 0x0, 0x0,
    0x0, 0x0, 0x6f, 0xff, 0xff, 0xc7, 0x8e, 0xff,
    0xff, 0xf1, 0x0, 0x0, 0x0, 0xaf, 0xff, 0xf6,
    0x0, 0x0, 0x0, 0x0, 0x0, 0xb, 0xff, 0xff,
    0x90, 0x0, 0x1d, 0xff, 0xff, 0x60, 0x0, 0x0,
    0x4f, 0xff, 0xfc, 0x0, 0x0, 0x0, 0x0, 0x0,
    0x0, 0xff, 0xff, 0xf0, 0x0, 0x0, 0x4f, 0xff,
    0xf9, 0x0, 0x0, 0x1e, 0xff, 0xff, 0x20, 0x0,
    0x0, 0x0, 0x0, 0x0, 0xf, 0xff, 0xfc, 0x0,
    0x0, 0x0, 0xff, 0xff, 0xb0, 0x0, 0xa, 0xff,
    0xff, 0x60, 0x0, 0x0, 0x0, 0x0, 0x0, 0x0,
    0xff, 0xff, 0xd0, 0x0, 0x0, 0x2f, 0xff, 0xfa,
    0x0, 0x4, 0xff, 0xff, 0xb0, 0x0, 0x0, 0x0,
    0x0, 0x0, 0x0, 0xd, 0xff, 0xff, 0x30, 0x0,
    0x8, 0xff, 0xff, 0x80, 0x1, 0xef, 0xff, 0xf2,
    0x0, 0x0, 0x0, 0x0, 0x0, 0x0, 0x0, 0x9f,
    0xff, 0xfe, 0x30, 0x6, 0xff, 0xff, 0xf4, 0x0,
    0xaf, 0xff, 0xf6, 0x0, 0x0, 0x0, 0x0, 0x0,
    0x0, 0x0, 0x2, 0xff, 0xff, 0xff, 0xef, 0xff,
    0xff, 0xfd, 0x0, 0x4f, 0xff, 0xfb, 0x0, 0x0,
    0x0, 0x0, 0x0, 0x0, 0x0, 0x0, 0x8, 0xff,
    0xff, 0xff, 0xff, 0xff, 0xff, 0x30, 0x1e, 0xff,
    0xff, 0x20, 0x0, 0x5a, 0xcd, 0xb8, 0x20, 0x0,
    0x0, 0x0, 0xb, 0xff, 0xff, 0xff, 0xff, 0xff,
    0x70, 0xa, 0xff, 0xff, 0x60, 0x2, 0xdf, 0xff,
    0xff, 0xff, 0x80, 0x0, 0x0, 0x0, 0x9, 0xff,
    0xff, 0xff, 0xff, 0x50, 0x4, 0xff, 0xff, 0xb0,
    0x4, 0xff, 0xff, 0xff, 0xff, 0xff, 0xb0, 0x0,
    0x0, 0x0, 0x3, 0x9d, 0xff, 0xc8, 0x10, 0x1,
    0xef, 0xff, 0xf1, 0x2, 0xef, 0xff, 0xff, 0xff,
    0xff, 0xff, 0x80, 0x0, 0x0, 0x0, 0x0, 0x0,
    0x0, 0x0, 0x0, 0xaf, 0xff, 0xf6, 0x0, 0xbf,
    0xff, 0xff, 0xff, 0xff, 0xff, 0xff, 0x30, 0x0,
    0x0, 0x0, 0x0, 0x0, 0x0, 0x0, 0x4f, 0xff,
    0xfb, 0x0, 0x2f, 0xff, 0xff, 0xa2, 0x15, 0xef,
    0xff, 0xfa, 0x0, 0x0, 0x0, 0x0, 0x0, 0x0,
    0x0, 0x1e, 0xff, 0xff, 0x10, 0x7, 0xff, 0xff,
    0xa0, 0x0, 0x3, 0xff, 0xff, 0xe0, 0x0, 0x0,
    0x0, 0x0, 0x0, 0x0, 0xa, 0xff, 0xff, 0x60,
    0x0, 0x9f, 0xff, 0xf3, 0x0, 0x0, 0xb, 0xff,
    0xff, 0x10, 0x0, 0x0, 0x0, 0x0, 0x0, 0x5,
    0xff, 0xff, 0xb0, 0x0, 0x9, 0xff, 0xff, 0x20,
    0x0, 0x0, 0xaf, 0xff, 0xf1, 0x0, 0x0, 0x0,
    0x0, 0x0, 0x1, 0xef, 0xff, 0xf1, 0x0, 0x0,
    0x8f, 0xff, 0xf5, 0x0, 0x0, 0xd, 0xff, 0xff,
    0x0, 0x0, 0x0, 0x0, 0x0, 0x0, 0xaf, 0xff,
    0xf6, 0x0, 0x0, 0x5, 0xff, 0xff, 0xd1, 0x0,
    0x8, 0xff, 0xff, 0xd0, 0x0, 0x0, 0x0, 0x0,
    0x0, 0x5f, 0xff, 0xfb, 0x0, 0x0, 0x0, 0xf,
    0xff, 0xff, 0xe8, 0x7b, 0xff, 0xff, 0xf7, 0x0,
    0x0, 0x0, 0x0, 0x0, 0x1e, 0xff, 0xff, 0x10,
    0x0, 0x0, 0x0, 0x7f, 0xff, 0xff, 0xff, 0xff,
    0xff, 0xfe, 0x10, 0x0, 0x0, 0x0, 0x0, 0xa,
    0xff, 0xff, 0x60, 0x0, 0x0, 0x0, 0x0, 0xbf,
    0xff, 0xff, 0xff, 0xff, 0xff, 0x40, 0x0, 0x0,
    0x0, 0x0, 0x5, 0xff, 0xff, 0xb0, 0x0, 0x0,
    0x0, 0x0, 0x1, 0xbf, 0xff, 0xff, 0xff, 0xff,
    0x50, 0x0, 0x0, 0x0, 0x0, 0x1, 0xef, 0xff,
    0xf1, 0x0, 0x0, 0x0, 0x0, 0x0, 0x0, 0x7f,
    0xff, 0xff, 0xfc, 0x20, 0x0, 0x0, 0x0, 0x0,
    0x0, 0x0, 0x0, 0x0, 0x0, 0x0, 0x0, 0x0,
    0x0, 0x0, 0x0, 0x4, 0x77, 0x62, 0x0, 0x0,
    0x0,

    /* U+0026 "&" */
    0x0, 0x0, 0x0, 0x0, 0x5, 0xad, 0xef, 0xd9,
    0x20, 0x0, 0x0, 0x0, 0x0, 0x0, 0x0, 0x0,
    0x0, 0x3, 0xdf, 0xff, 0xff, 0xff, 0xf9, 0x0,
    0x0, 0x0, 0x0, 0x0, 0x0, 0x0, 0x0, 0x4f,
    0xff, 0xff, 0xff, 0xff, 0xff, 0xc0, 0x0, 0x0,
    0x0, 0x0, 0x0, 0x0, 0x2, 0xff, 0xff, 0xff,
    0xff, 0xff, 0xff, 0xfa, 0x0, 0x0, 0x0, 0x0,
    0x0, 0x0, 0xa, 0xff, 0xff, 0xff, 0xcc, 0xff,
    0xff, 0xff, 0x30, 0x0, 0x0, 0x0, 0x0, 0x0,
    0xf, 0xff, 0xff, 0xe2, 0x0, 0x2e, 0xff, 0xff,
    0x90, 0x0, 0x0, 0x0, 0x0, 0x0, 0x2f, 0xff,
    0xff, 0x70, 0x0, 0x6, 0xff, 0xff, 0xc0, 0x0,
    0x0, 0x0, 0x0, 0x0, 0x1f, 0xff, 0xff, 0x70,
    0x0, 0x4, 0xff, 0xff, 0xd0, 0x0, 0x0, 0x0,
    0x0, 0x0, 0xf, 0xff, 0xff, 0xd0, 0x0, 0x8,
    0xff, 0xff, 0xa0, 0x0, 0x0, 0x0, 0x0, 0x0,
    0xb, 0xff, 0xff, 0xf6, 0x0, 0x3f, 0xff, 0xff,
    0x50, 0x0, 0x0, 0x0, 0x0, 0x0, 0x4, 0xff,
    0xff, 0xff, 0x55, 0xef, 0xff, 0xfd, 0x0, 0x0,
    0x0, 0x0, 0x0, 0x0, 0x0, 0xcf, 0xff, 0xff,
    0xff, 0xff, 0xff, 0xf3, 0x0, 0x0, 0x0, 0x0,
    0x0, 0x0, 0x0, 0x2f, 0xff, 0xff, 0xff, 0xff,
    0xff, 0x50, 0x0, 0x0, 0x0, 0x0, 0x0, 0x0,
    0x0, 0x7f, 0xff, 0xff, 0xff, 0xff, 0xe4, 0x0,
    0x4, 0xff, 0xff, 0xc0, 0x0, 0x0, 0x4e, 0xff,
    0xff, 0xff, 0xff, 0xff, 0x10, 0x0, 0x8, 0xff,
    0xff, 0x90, 0x0, 0x6, 0xff, 0xff, 0xff, 0xff,
    0xff, 0xff, 0xa0, 0x0, 0xd, 0xff, 0xff, 0x50,
    0x0, 0x5f, 0xff, 0xff, 0xff, 0xff, 0xff, 0xff,
    0xf7, 0x0, 0x3f, 0xff, 0xff, 0x10, 0x1, 0xef,
    0xff, 0xff, 0xfa, 0x3e, 0xff, 0xff, 0xff, 0x50,
    0xbf, 0xff, 0xfb, 0x0, 0x7, 0xff, 0xff, 0xff,
    0x60, 0x2, 0xff, 0xff, 0xff, 0xf7, 0xff, 0xff,
    0xf5, 0x0, 0xd, 0xff, 0xff, 0xfb, 0x0, 0x0,
    0x4f, 0xff, 0xff, 0xff, 0xff, 0xff, 0xe0, 0x0,
    0xf, 0xff, 0xff, 0xf6, 0x0, 0x0, 0x6, 0xff,
    0xff, 0xff, 0xff, 0xff, 0x60, 0x0, 0xf, 0xff,
    0xff, 0xf6, 0x0, 0x0, 0x0, 0x9f, 0xff, 0xff,
    0xff, 0xfd, 0x0, 0x0, 0xe, 0xff, 0xff, 0xfc,
    0x0, 0x0, 0x0, 0xb, 0xff, 0xff, 0xff, 0xf3,
    0x0, 0x0, 0xa, 0xff, 0xff, 0xff, 0xa1, 0x0,
    0x0, 0x6e, 0xff, 0xff, 0xff, 0xf5, 0x0, 0x0,
    0x3, 0xff, 0xff, 0xff, 0xff, 0xba, 0xcf, 0xff,
    0xff, 0xff, 0xff, 0xff, 0x30, 0x0, 0x0, 0x8f,
    0xff, 0xff, 0xff, 0xff, 0xff, 0xff, 0xff, 0xff,
    0xff, 0xff, 0xe1, 0x0, 0x0, 0xb, 0xff, 0xff,
    0xff, 0xff, 0xff, 0xff, 0xff, 0xff, 0xff, 0xff,
    0xfc, 0x0, 0x0, 0x0, 0x8f, 0xff, 0xff, 0xff,
    0xff, 0xff, 0xfa, 0x25, 0xff, 0xff, 0xff, 0xa0,
    0x0, 0x0, 0x3, 0xbf, 0xff, 0xff, 0xff, 0xe8,
    0x20, 0x0, 0x8f, 0xff, 0xff, 0xf8, 0x0, 0x0,
    0x0, 0x1, 0x46, 0x76, 0x52, 0x0, 0x0, 0x0,
    0x0, 0x0, 0x0, 0x0,

    /* U+0027 "'" */
    0x6f, 0xff, 0xff, 0x45, 0xff, 0xff, 0xf3, 0x4f,
    0xff, 0xff, 0x23, 0xff, 0xff, 0xf1, 0x2f, 0xff,
    0xff, 0x1, 0xff, 0xff, 0xf0, 0xf, 0xff, 0xfe,
    0x0, 0xff, 0xff, 0xd0, 0xe, 0xff, 0xfc, 0x0,
    0x8a, 0xaa, 0x70,

    /* U+0028 "(" */
    0x0, 0x0, 0x7f, 0xff, 0xff, 0x40, 0x0, 0x0,
    0xe, 0xff, 0xff, 0xb0, 0x0, 0x0, 0x6, 0xff,
    0xff, 0xf2, 0x0, 0x0, 0x0, 0xef, 0xff, 0xfb,
    0x0, 0x0, 0x0, 0x4f, 0xff, 0xff, 0x40, 0x0,
    0x0, 0xa, 0xff, 0xff, 0xe0, 0x0, 0x0, 0x0,
    0xff, 0xff, 0xf8, 0x0, 0x0, 0x0, 0x5f, 0xff,
    0xff, 0x30, 0x0, 0x0, 0x9, 0xff, 0xff, 0xf0,
    0x0, 0x0, 0x0, 0xdf, 0xff, 0xfc, 0x0, 0x0,
    0x0, 0xf, 0xff, 0xff, 0x90, 0x0, 0x0, 0x3,
    0xff, 0xff, 0xf6, 0x0, 0x0, 0x0, 0x5f, 0xff,
    0xff, 0x40, 0x0, 0x0, 0x7, 0xff, 0xff, 0xf3,
    0x0, 0x0, 0x0, 0x8f, 0xff, 0xff, 0x10, 0x0,
    0x0, 0x9, 0xff, 0xff, 0xf1, 0x0, 0x0, 0x0,
    0x9f, 0xff, 0xff, 0x0, 0x0, 0x0, 0x8, 0xff,
    0xff, 0xf1, 0x0, 0x0, 0x0, 0x8f, 0xff, 0xff,
    0x20, 0x0, 0x0, 0x7, 0xff, 0xff, 0xf3, 0x0,
    0x0, 0x0, 0x5f, 0xff, 0xff, 0x50, 0x0, 0x0,
    0x3, 0xff, 0xff, 0xf7, 0x0, 0x0, 0x0, 0xf,
    0xff, 0xff, 0xb0, 0x0, 0x0, 0x0, 0xcf, 0xff,
    0xfe, 0x0, 0x0, 0x0, 0x9, 0xff, 0xff, 0xf2,
    0x0, 0x0, 0x0, 0x4f, 0xff, 0xff, 0x80, 0x0,
    0x0, 0x0, 0xff, 0xff, 0xfd, 0x0, 0x0, 0x0,
    0x9, 0xff, 0xff, 0xf4, 0x0, 0x0, 0x0, 0x3f,
    0xff, 0xff, 0xb0, 0x0, 0x0, 0x0, 0xcf, 0xff,
    0xff, 0x30, 0x0, 0x0, 0x5, 0xff, 0xff, 0xfa,
    0x0, 0x0, 0x0, 0xd, 0xff, 0xff, 0xf2, 0x0,
    0x0, 0x0, 0x5f, 0xff, 0xff, 0xc0, 0x0, 0x0,
    0x0, 0xbf, 0xff, 0xff, 0x50, 0x0, 0x0, 0x2,
    0xff, 0xff, 0xfe, 0x0,

    /* U+0029 ")" */
    0x0, 0xaf, 0xff, 0xff, 0x10, 0x0, 0x0, 0x1,
    0xff, 0xff, 0xf9, 0x0, 0x0, 0x0, 0x8, 0xff,
    0xff, 0xf1, 0x0, 0x0, 0x0, 0x1f, 0xff, 0xff,
    0x90, 0x0, 0x0, 0x0, 0x9f, 0xff, 0xfe, 0x0,
    0x0, 0x0, 0x3, 0xff, 0xff, 0xf4, 0x0, 0x0,
    0x0, 0xe, 0xff, 0xff, 0xa0, 0x0, 0x0, 0x0,
    0x9f, 0xff, 0xff, 0x0, 0x0, 0x0, 0x5, 0xff,
    0xff, 0xf4, 0x0, 0x0, 0x0, 0x1f, 0xff, 0xff,
    0x70, 0x0, 0x0, 0x0, 0xef, 0xff, 0xfb, 0x0,
    0x0, 0x0, 0xc, 0xff, 0xff, 0xd0, 0x0, 0x0,
    0x0, 0xaf, 0xff, 0xff, 0x0, 0x0, 0x0, 0x8,
    0xff, 0xff, 0xf1, 0x0, 0x0, 0x0, 0x7f, 0xff,
    0xff, 0x20, 0x0, 0x0, 0x7, 0xff, 0xff, 0xf3,
    0x0, 0x0, 0x0, 0x6f, 0xff, 0xff, 0x30, 0x0,
    0x0, 0x7, 0xff, 0xff, 0xf3, 0x0, 0x0, 0x0,
    0x7f, 0xff, 0xff, 0x20, 0x0, 0x0, 0x9, 0xff,
    0xff, 0xf1, 0x0, 0x0, 0x0, 0xbf, 0xff, 0xff,
    0x0, 0x0, 0x0, 0xd, 0xff, 0xff, 0xd0, 0x0,
    0x0, 0x0, 0xff, 0xff, 0xfa, 0x0, 0x0, 0x0,
    0x4f, 0xff, 0xff, 0x70, 0x0, 0x0, 0x8, 0xff,
    0xff, 0xf3, 0x0, 0x0, 0x0, 0xdf, 0xff, 0xfe,
    0x0, 0x0, 0x0, 0x3f, 0xff, 0xff, 0x90, 0x0,
    0x0, 0xa, 0xff, 0xff, 0xf3, 0x0, 0x0, 0x1,
    0xff, 0xff, 0xfd, 0x0, 0x0, 0x0, 0x8f, 0xff,
    0xff, 0x70, 0x0, 0x0, 0xe, 0xff, 0xff, 0xf0,
    0x0, 0x0, 0x8, 0xff, 0xff, 0xf8, 0x0, 0x0,
    0x2, 0xff, 0xff, 0xfe, 0x0, 0x0, 0x0, 0xbf,
    0xff, 0xff, 0x60, 0x0, 0x0, 0x4f, 0xff, 0xff,
    0xc0, 0x0, 0x0, 0x0,

    /* U+002A "*" */
    0x0, 0x0, 0x1f, 0xff, 0x70, 0x0, 0x0, 0x0,
    0x0, 0x1f, 0xff, 0x70, 0x0, 0x0, 0x0, 0x0,
    0x1f, 0xff, 0x70, 0x0, 0x0, 0x1f, 0xa4, 0x1f,
    0xff, 0x73, 0x8d, 0x60, 0x6f, 0xff, 0xff, 0xff,
    0xff, 0xff, 0xb0, 0xbf, 0xff, 0xff, 0xff, 0xff,
    0xff, 0xf1, 0x7c, 0xff, 0xff, 0xff, 0xff, 0xfe,
    0x91, 0x0, 0x29, 0xff, 0xff, 0xfd, 0x30, 0x0,
    0x0, 0xc, 0xff, 0xff, 0xff, 0x20, 0x0, 0x0,
    0x8f, 0xff, 0xff, 0xff, 0xd0, 0x0, 0x3, 0xff,
    0xff, 0x2c, 0xff, 0xf8, 0x0, 0x1, 0xbf, 0xf6,
    0x1, 0xef, 0xe3, 0x0, 0x0, 0x7, 0xa0, 0x0,
    0x5b, 0x10, 0x0, 0x0, 0x0, 0x0, 0x0, 0x0,
    0x0, 0x0,

    /* U+002B "+" */
    0x0, 0x0, 0x0, 0x3, 0xff, 0xff, 0xe0, 0x0,
    0x0, 0x0, 0x0, 0x0, 0x0, 0x0, 0x3f, 0xff,
    0xfe, 0x0, 0x0, 0x0, 0x0, 0x0, 0x0, 0x0,
    0x3, 0xff, 0xff, 0xe0, 0x0, 0x0, 0x0, 0x0,
    0x0, 0x0, 0x0, 0x3f, 0xff, 0xfe, 0x0, 0x0,
    0x0, 0x0, 0x0, 0x0, 0x0, 0x3, 0xff, 0xff,
    0xe0, 0x0, 0x0, 0x0, 0x0, 0x0, 0x0, 0x0,
    0x3f, 0xff, 0xfe, 0x0, 0x0, 0x0, 0x0, 0x0,
    0x0, 0x0, 0x3, 0xff, 0xff, 0xe0, 0x0, 0x0,
    0x0, 0xe, 0xff, 0xff, 0xff, 0xff, 0xff, 0xff,
    0xff, 0xff, 0xff, 0xf9, 0xef, 0xff, 0xff, 0xff,
    0xff, 0xff, 0xff, 0xff, 0xff, 0xff, 0x9e, 0xff,
    0xff, 0xff, 0xff, 0xff, 0xff, 0xff, 0xff, 0xff,
    0xf9, 0xef, 0xff, 0xff, 0xff, 0xff, 0xff, 0xff,
    0xff, 0xff, 0xff, 0x9e, 0xff, 0xff, 0xff, 0xff,
    0xff, 0xff, 0xff, 0xff, 0xff, 0xf9, 0x34, 0x44,
    0x44, 0x46, 0xff, 0xff, 0xf4, 0x44, 0x44, 0x44,
    0x20, 0x0, 0x0, 0x0, 0x3f, 0xff, 0xfe, 0x0,
    0x0, 0x0, 0x0, 0x0, 0x0, 0x0, 0x3, 0xff,
    0xff, 0xe0, 0x0, 0x0, 0x0, 0x0, 0x0, 0x0,
    0x0, 0x3f, 0xff, 0xfe, 0x0, 0x0, 0x0, 0x0,
    0x0, 0x0, 0x0, 0x3, 0xff, 0xff, 0xe0, 0x0,
    0x0, 0x0, 0x0, 0x0, 0x0, 0x0, 0x3f, 0xff,
    0xfe, 0x0, 0x0, 0x0, 0x0, 0x0, 0x0, 0x0,
    0x3, 0xff, 0xff, 0xe0, 0x0, 0x0, 0x0, 0x0,
    0x0, 0x0, 0x0, 0x3f, 0xff, 0xfe, 0x0, 0x0,
    0x0, 0x0,

    /* U+002C "," */
    0x0, 0x4, 0x87, 0x20, 0x0, 0xb, 0xff, 0xff,
    0x70, 0x8, 0xff, 0xff, 0xff, 0x30, 0xef, 0xff,
    0xff, 0xfa, 0xf, 0xff, 0xff, 0xff, 0xb0, 0xdf,
    0xff, 0xff, 0xf9, 0x6, 0xff, 0xff, 0xff, 0x40,
    0x9, 0xff, 0xff, 0xe0, 0x0, 0x4, 0xff, 0xf8,
    0x0, 0x0, 0x7f, 0xff, 0x20, 0x0, 0xd, 0xff,
    0xc0, 0x0, 0x3, 0xff, 0xf6, 0x0, 0x0, 0x9f,
    0xff, 0x0, 0x0, 0xe, 0xff, 0xa0, 0x0,

    /* U+002D "-" */
    0x5, 0x55, 0x55, 0x55, 0x55, 0x55, 0x55, 0xf,
    0xff, 0xff, 0xff, 0xff, 0xff, 0xff, 0xf, 0xff,
    0xff, 0xff, 0xff, 0xff, 0xff, 0xf, 0xff, 0xff,
    0xff, 0xff, 0xff, 0xff, 0xf, 0xff, 0xff, 0xff,
    0xff, 0xff, 0xff, 0xf, 0xff, 0xff, 0xff, 0xff,
    0xff, 0xff,

    /* U+002E "." */
    0x0, 0x4, 0x77, 0x20, 0x0, 0xa, 0xff, 0xff,
    0x70, 0x8, 0xff, 0xff, 0xff, 0x40, 0xef, 0xff,
    0xff, 0xfa, 0xf, 0xff, 0xff, 0xff, 0xb0, 0xef,
    0xff, 0xff, 0xf9, 0x7, 0xff, 0xff, 0xff, 0x30,
    0xa, 0xff, 0xff, 0x60, 0x0, 0x3, 0x76, 0x20,
    0x0,

    /* U+002F "/" */
    0x0, 0x0, 0x0, 0x0, 0x0, 0x2f, 0xff, 0xff,
    0xe0, 0x0, 0x0, 0x0, 0x0, 0x0, 0x8f, 0xff,
    0xff, 0x80, 0x0, 0x0, 0x0, 0x0, 0x0, 0xef,
    0xff, 0xff, 0x20, 0x0, 0x0, 0x0, 0x0, 0x4,
    0xff, 0xff, 0xfc, 0x0, 0x0, 0x0, 0x0, 0x0,
    0xa, 0xff, 0xff, 0xf6, 0x0, 0x0, 0x0, 0x0,
    0x0, 0xf, 0xff, 0xff, 0xf1, 0x0, 0x0, 0x0,
    0x0, 0x0, 0x6f, 0xff, 0xff, 0xa0, 0x0, 0x0,
    0x0, 0x0, 0x0, 0xcf, 0xff, 0xff, 0x40, 0x0,
    0x0, 0x0, 0x0, 0x2, 0xff, 0xff, 0xfe, 0x0,
    0x0, 0x0, 0x0, 0x0, 0x8, 0xff, 0xff, 0xf8,
    0x0, 0x0, 0x0, 0x0, 0x0, 0xd, 0xff, 0xff,
    0xf3, 0x0, 0x0, 0x0, 0x0, 0x0, 0x3f, 0xff,
    0xff, 0xd0, 0x0, 0x0, 0x0, 0x0, 0x0, 0x9f,
    0xff, 0xff, 0x70, 0x0, 0x0, 0x0, 0x0, 0x0,
    0xff, 0xff, 0xff, 0x10, 0x0, 0x0, 0x0, 0x0,
    0x5, 0xff, 0xff, 0xfb, 0x0, 0x0, 0x0, 0x0,
    0x0, 0xb, 0xff, 0xff, 0xf5, 0x0, 0x0, 0x0,
    0x0, 0x0, 0x1f, 0xff, 0xff, 0xf0, 0x0, 0x0,
    0x0, 0x0, 0x0, 0x7f, 0xff, 0xff, 0x90, 0x0,
    0x0, 0x0, 0x0, 0x0, 0xdf, 0xff, 0xff, 0x30,
    0x0, 0x0, 0x0, 0x0, 0x3, 0xff, 0xff, 0xfd,
    0x0, 0x0, 0x0, 0x0, 0x0, 0x9, 0xff, 0xff,
    0xf7, 0x0, 0x0, 0x0, 0x0, 0x0, 0xf, 0xff,
    0xff, 0xf2, 0x0, 0x0, 0x0, 0x0, 0x0, 0x5f,
    0xff, 0xff, 0xc0, 0x0, 0x0, 0x0, 0x0, 0x0,
    0xbf, 0xff, 0xff, 0x60, 0x0, 0x0, 0x0, 0x0,
    0x1, 0xff, 0xff, 0xff, 0x0, 0x0, 0x0, 0x0,
    0x0, 0x7, 0xff, 0xff, 0xfa, 0x0, 0x0, 0x0,
    0x0, 0x0, 0xd, 0xff, 0xff, 0xf4, 0x0, 0x0,
    0x0, 0x0, 0x0, 0x3f, 0xff, 0xff, 0xe0, 0x0,
    0x0, 0x0, 0x0, 0x0,

    /* U+0030 "0" */
    0x0, 0x0, 0x0, 0x0, 0x3, 0x56, 0x76, 0x41,
    0x0, 0x0, 0x0, 0x0, 0x0, 0x0, 0x0, 0x19,
    0xef, 0xff, 0xff, 0xff, 0xc5, 0x0, 0x0, 0x0,
    0x0, 0x0, 0x6, 0xff, 0xff, 0xff, 0xff, 0xff,
    0xff, 0xb1, 0x0, 0x0, 0x0, 0x0, 0x7f, 0xff,
    0xff, 0xff, 0xff, 0xff, 0xff, 0xfd, 0x10, 0x0,
    0x0, 0x5, 0xff, 0xff, 0xff, 0xff, 0xff, 0xff,
    0xff, 0xff, 0xd0, 0x0, 0x0, 0x1e, 0xff, 0xff,
    0xff, 0x83, 0x25, 0xdf, 0xff, 0xff, 0xf7, 0x0,
    0x0, 0x8f, 0xff, 0xff, 0xf6, 0x0, 0x0, 0xb,
    0xff, 0xff, 0xff, 0x10, 0x0, 0xef, 0xff, 0xff,
    0xfc, 0x0, 0x0, 0x1, 0xef, 0xff, 0xff, 0x70,
    0x5, 0xff, 0xff, 0xff, 0xff, 0x70, 0x0, 0x0,
    0x7f, 0xff, 0xff, 0xd0, 0x9, 0xff, 0xff, 0xff,
    0xff, 0xf3, 0x0, 0x0, 0x2f, 0xff, 0xff, 0xf1,
    0xc, 0xff, 0xff, 0xff, 0xff, 0xfd, 0x0, 0x0,
    0xe, 0xff, 0xff, 0xf4, 0xf, 0xff, 0xff, 0xf8,
    0xff, 0xff, 0x80, 0x0, 0xc, 0xff, 0xff, 0xf7,
    0x1f, 0xff, 0xff, 0xf2, 0x9f, 0xff, 0xf3, 0x0,
    0xa, 0xff, 0xff, 0xf9, 0x2f, 0xff, 0xff, 0xf1,
    0xe, 0xff, 0xfd, 0x0, 0x9, 0xff, 0xff, 0xfa,
    0x2f, 0xff, 0xff, 0xf0, 0x4, 0xff, 0xff, 0x90,
    0x9, 0xff, 0xff, 0xfb, 0x2f, 0xff, 0xff, 0xf1,
    0x0, 0x9f, 0xff, 0xf3, 0x9, 0xff, 0xff, 0xfb,
    0x2f, 0xff, 0xff, 0xf1, 0x0, 0xe, 0xff, 0xfd,
    0x9, 0xff, 0xff, 0xfa, 0x1f, 0xff, 0xff, 0xf2,
    0x0, 0x4, 0xff, 0xff, 0x9b, 0xff, 0xff, 0xf9,
    0xf, 0xff, 0xff, 0xf4, 0x0, 0x0, 0xaf, 0xff,
    0xff, 0xff, 0xff, 0xf7, 0xc, 0xff, 0xff, 0xf7,
    0x0, 0x0, 0x1e, 0xff, 0xff, 0xff, 0xff, 0xf4,
    0x9, 0xff, 0xff, 0xfb, 0x0, 0x0, 0x5, 0xff,
    0xff, 0xff, 0xff, 0xf1, 0x4, 0xff, 0xff, 0xff,
    0x10, 0x0, 0x0, 0xaf, 0xff, 0xff, 0xff, 0xc0,
    0x0, 0xef, 0xff, 0xff, 0x80, 0x0, 0x0, 0x1e,
    0xff, 0xff, 0xff, 0x70, 0x0, 0x8f, 0xff, 0xff,
    0xf5, 0x0, 0x0, 0xc, 0xff, 0xff, 0xff, 0x10,
    0x0, 0x1e, 0xff, 0xff, 0xff, 0x94, 0x35, 0xdf,
    0xff, 0xff, 0xf7, 0x0, 0x0, 0x5, 0xff, 0xff,
    0xff, 0xff, 0xff, 0xff, 0xff, 0xff, 0xc0, 0x0,
    0x0, 0x0, 0x7f, 0xff, 0xff, 0xff, 0xff, 0xff,
    0xff, 0xfd, 0x10, 0x0, 0x0, 0x0, 0x5, 0xff,
    0xff, 0xff, 0xff, 0xff, 0xff, 0xb1, 0x0, 0x0,
    0x0, 0x0, 0x0, 0x19, 0xef, 0xff, 0xff, 0xff,
    0xc5, 0x0, 0x0, 0x0, 0x0, 0x0, 0x0, 0x0,
    0x3, 0x67, 0x76, 0x41, 0x0, 0x0, 0x0, 0x0,

    /* U+0031 "1" */
    0x0, 0x0, 0x0, 0x0, 0xcf, 0xff, 0xf0, 0x0,
    0x0, 0x0, 0x2f, 0xff, 0xff, 0x0, 0x0, 0x0,
    0xa, 0xff, 0xff, 0xf0, 0x0, 0x0, 0x7, 0xff,
    0xff, 0xff, 0x1, 0x13, 0x6c, 0xff, 0xff, 0xff,
    0xf2, 0xff, 0xff, 0xff, 0xff, 0xff, 0xff, 0x2f,
    0xff, 0xff, 0xff, 0xff, 0xff, 0xf2, 0xff, 0xff,
    0xff, 0xff, 0xff, 0xff, 0x2f, 0xff, 0xff, 0xff,
    0xff, 0xff, 0xf2, 0xff, 0xff, 0xff, 0xff, 0xff,
    0xff, 0x0, 0x0, 0x0, 0xf, 0xff, 0xff, 0xf0,
    0x0, 0x0, 0x0, 0xff, 0xff, 0xff, 0x0, 0x0,
    0x0, 0xf, 0xff, 0xff, 0xf0, 0x0, 0x0, 0x0,
    0xff, 0xff, 0xff, 0x0, 0x0, 0x0, 0xf, 0xff,
    0xff, 0xf0, 0x0, 0x0, 0x0, 0xff, 0xff, 0xff,
    0x0, 0x0, 0x0, 0xf, 0xff, 0xff, 0xf0, 0x0,
    0x0, 0x0, 0xff, 0xff, 0xff, 0x0, 0x0, 0x0,
    0xf, 0xff, 0xff, 0xf0, 0x0, 0x0, 0x0, 0xff,
    0xff, 0xff, 0x0, 0x0, 0x0, 0xf, 0xff, 0xff,
    0xf0, 0x0, 0x0, 0x0, 0xff, 0xff, 0xff, 0x0,
    0x0, 0x0, 0xf, 0xff, 0xff, 0xf0, 0x0, 0x0,
    0x0, 0xff, 0xff, 0xff, 0x0, 0x0, 0x0, 0xf,
    0xff, 0xff, 0xf0, 0x0, 0x0, 0x0, 0xff, 0xff,
    0xff, 0x0, 0x0, 0x0, 0xf, 0xff, 0xff, 0xf0,
    0x0, 0x0, 0x0, 0xff, 0xff, 0xff,

    /* U+0032 "2" */
    0x0, 0x0, 0x0, 0x0, 0x36, 0x77, 0x64, 0x10,
    0x0, 0x0, 0x0, 0x0, 0x0, 0x2a, 0xff, 0xff,
    0xff, 0xff, 0xb4, 0x0, 0x0, 0x0, 0x0, 0x8f,
    0xff, 0xff, 0xff, 0xff, 0xff, 0xfb, 0x10, 0x0,
    0x0, 0xbf, 0xff, 0xff, 0xff, 0xff, 0xff, 0xff,
    0xfc, 0x0, 0x0, 0x9f, 0xff, 0xff, 0xff, 0xff,
    0xff, 0xff, 0xff, 0xfa, 0x0, 0x2f, 0xff, 0xff,
    0xfe, 0x73, 0x37, 0xef, 0xff, 0xff, 0xf2, 0x5,
    0xef, 0xff, 0xfc, 0x0, 0x0, 0x1, 0xef, 0xff,
    0xff, 0x70, 0x0, 0x5b, 0xff, 0x30, 0x0, 0x0,
    0x8, 0xff, 0xff, 0xfa, 0x0, 0x0, 0x1, 0x60,
    0x0, 0x0, 0x0, 0x6f, 0xff, 0xff, 0xb0, 0x0,
    0x0, 0x0, 0x0, 0x0, 0x0, 0x7, 0xff, 0xff,
    0xfa, 0x0, 0x0, 0x0, 0x0, 0x0, 0x0, 0x0,
    0xcf, 0xff, 0xff, 0x90, 0x0, 0x0, 0x0, 0x0,
    0x0, 0x0, 0x3f, 0xff, 0xff, 0xf5, 0x0, 0x0,
    0x0, 0x0, 0x0, 0x0, 0xd, 0xff, 0xff, 0xff,
    0x0, 0x0, 0x0, 0x0, 0x0, 0x0, 0x9, 0xff,
    0xff, 0xff, 0x80, 0x0, 0x0, 0x0, 0x0, 0x0,
    0x7, 0xff, 0xff, 0xff, 0xe0, 0x0, 0x0, 0x0,
    0x0, 0x0, 0x7, 0xff, 0xff, 0xff, 0xf4, 0x0,
    0x0, 0x0, 0x0, 0x0, 0x7, 0xff, 0xff, 0xff,
    0xf6, 0x0, 0x0, 0x0, 0x0, 0x0, 0x9, 0xff,
    0xff, 0xff, 0xf7, 0x0, 0x0, 0x0, 0x0, 0x0,
    0xb, 0xff, 0xff, 0xff, 0xf6, 0x0, 0x0, 0x0,
    0x0, 0x0, 0x2d, 0xff, 0xff, 0xff, 0xf4, 0x0,
    0x0, 0x0, 0x0, 0x0, 0x5f, 0xff, 0xff, 0xff,
    0xd2, 0x0, 0x0, 0x0, 0x0, 0x0, 0x8f, 0xff,
    0xff, 0xff, 0x90, 0x0, 0x0, 0x0, 0x0, 0x1,
    0xbf, 0xff, 0xff, 0xfe, 0x50, 0x0, 0x0, 0x0,
    0x0, 0x3, 0xef, 0xff, 0xff, 0xfc, 0x32, 0x22,
    0x22, 0x22, 0x22, 0x21, 0xaf, 0xff, 0xff, 0xff,
    0xff, 0xff, 0xff, 0xff, 0xff, 0xff, 0xea, 0xff,
    0xff, 0xff, 0xff, 0xff, 0xff, 0xff, 0xff, 0xff,
    0xfe, 0xaf, 0xff, 0xff, 0xff, 0xff, 0xff, 0xff,
    0xff, 0xff, 0xff, 0xea, 0xff, 0xff, 0xff, 0xff,
    0xff, 0xff, 0xff, 0xff, 0xff, 0xfe, 0xaf, 0xff,
    0xff, 0xff, 0xff, 0xff, 0xff, 0xff, 0xff, 0xff,
    0xe0,

    /* U+0033 "3" */
    0x0, 0x0, 0x0, 0x1, 0x46, 0x77, 0x63, 0x0,
    0x0, 0x0, 0x0, 0x0, 0x0, 0x6, 0xdf, 0xff,
    0xff, 0xff, 0xfb, 0x40, 0x0, 0x0, 0x0, 0x4,
    0xef, 0xff, 0xff, 0xff, 0xff, 0xff, 0xfb, 0x10,
    0x0, 0x0, 0x6f, 0xff, 0xff, 0xff, 0xff, 0xff,
    0xff, 0xff, 0xe1, 0x0, 0x4, 0xff, 0xff, 0xff,
    0xff, 0xff, 0xff, 0xff, 0xff, 0xfc, 0x0, 0xd,
    0xff, 0xff, 0xff, 0x94, 0x24, 0x9f, 0xff, 0xff,
    0xff, 0x40, 0x2e, 0xff, 0xff, 0xf2, 0x0, 0x0,
    0x3, 0xff, 0xff, 0xff, 0x80, 0x0, 0x5b, 0xff,
    0x70, 0x0, 0x0, 0x0, 0x9f, 0xff, 0xff, 0xa0,
    0x0, 0x0, 0x28, 0x20, 0x0, 0x0, 0x0, 0x6f,
    0xff, 0xff, 0xa0, 0x0, 0x0, 0x0, 0x0, 0x0,
    0x0, 0x0, 0x8f, 0xff, 0xff, 0x80, 0x0, 0x0,
    0x0, 0x0, 0x0, 0x0, 0x1, 0xef, 0xff, 0xff,
    0x40, 0x0, 0x0, 0x0, 0x0, 0x0, 0x0, 0x4e,
    0xff, 0xff, 0xfc, 0x0, 0x0, 0x0, 0x0, 0x3,
    0x67, 0xae, 0xff, 0xff, 0xff, 0xe2, 0x0, 0x0,
    0x0, 0x0, 0x9, 0xff, 0xff, 0xff, 0xff, 0xff,
    0x40, 0x0, 0x0, 0x0, 0x0, 0x9, 0xff, 0xff,
    0xff, 0xff, 0xf6, 0x0, 0x0, 0x0, 0x0, 0x0,
    0x9, 0xff, 0xff, 0xff, 0xff, 0xff, 0x90, 0x0,
    0x0, 0x0, 0x0, 0x9, 0xff, 0xff, 0xff, 0xff,
    0xff, 0xf9, 0x0, 0x0, 0x0, 0x0, 0x0, 0x1,
    0x47, 0xcf, 0xff, 0xff, 0xff, 0x30, 0x0, 0x0,
    0x0, 0x0, 0x0, 0x0, 0x6, 0xff, 0xff, 0xff,
    0xa0, 0x0, 0x0, 0x0, 0x0, 0x0, 0x0, 0x0,
    0x7f, 0xff, 0xff, 0xf0, 0x0, 0x0, 0x0, 0x0,
    0x0, 0x0, 0x0, 0x2f, 0xff, 0xff, 0xf1, 0x0,
    0x0, 0x5a, 0x0, 0x0, 0x0, 0x0, 0x1f, 0xff,
    0xff, 0xf1, 0x3, 0x9e, 0xff, 0x50, 0x0, 0x0,
    0x0, 0x4f, 0xff, 0xff, 0xf0, 0x7f, 0xff, 0xff,
    0xe3, 0x0, 0x0, 0x0, 0xcf, 0xff, 0xff, 0xc0,
    0x1f, 0xff, 0xff, 0xff, 0xa5, 0x34, 0x7e, 0xff,
    0xff, 0xff, 0x60, 0x6, 0xff, 0xff, 0xff, 0xff,
    0xff, 0xff, 0xff, 0xff, 0xfc, 0x0, 0x0, 0x8f,
    0xff, 0xff, 0xff, 0xff, 0xff, 0xff, 0xff, 0xc1,
    0x0, 0x0, 0x5, 0xff, 0xff, 0xff, 0xff, 0xff,
    0xff, 0xf9, 0x0, 0x0, 0x0, 0x0, 0x17, 0xdf,
    0xff, 0xff, 0xff, 0xea, 0x20, 0x0, 0x0, 0x0,
    0x0, 0x0, 0x1, 0x56, 0x76, 0x53, 0x0, 0x0,
    0x0, 0x0,

    /* U+0034 "4" */
    0x0, 0x0, 0x0, 0x0, 0x0, 0x0, 0x7, 0xff,
    0xff, 0xff, 0x0, 0x0, 0x0, 0x0, 0x0, 0x0,
    0x0, 0x0, 0x3f, 0xff, 0xff, 0xff, 0x0, 0x0,
    0x0, 0x0, 0x0, 0x0, 0x0, 0x1, 0xef, 0xff,
    0xff, 0xff, 0x0, 0x0, 0x0, 0x0, 0x0, 0x0,
    0x0, 0xa, 0xff, 0xff, 0xff, 0xff, 0x0, 0x0,
    0x0, 0x0, 0x0, 0x0, 0x0, 0x6f, 0xff, 0xff,
    0xff, 0xff, 0x0, 0x0, 0x0, 0x0, 0x0, 0x0,
    0x3, 0xff, 0xff, 0xff, 0xff, 0xff, 0x0, 0x0,
    0x0, 0x0, 0x0, 0x0, 0xd, 0xff, 0xff, 0xff,
    0xff, 0xff, 0x0, 0x0, 0x0, 0x0, 0x0, 0x0,
    0xaf, 0xff, 0xff, 0xff, 0xff, 0xff, 0x0, 0x0,
    0x0, 0x0, 0x0, 0x6, 0xff, 0xff, 0xfd, 0xff,
    0xff, 0xff, 0x0, 0x0, 0x0, 0x0, 0x0, 0x3f,
    0xff, 0xff, 0xe2, 0xff, 0xff, 0xff, 0x0, 0x0,
    0x0, 0x0, 0x0, 0xdf, 0xff, 0xff, 0x31, 0xff,
    0xff, 0xff, 0x0, 0x0, 0x0, 0x0, 0xa, 0xff,
    0xff, 0xf6, 0x1, 0xff, 0xff, 0xff, 0x0, 0x0,
    0x0, 0x0, 0x6f, 0xff, 0xff, 0xa0, 0x1, 0xff,
    0xff, 0xff, 0x0, 0x0, 0x0, 0x2, 0xff, 0xff,
    0xfd, 0x0, 0x1, 0xff, 0xff, 0xff, 0x0, 0x0,
    0x0, 0xd, 0xff, 0xff, 0xe2, 0x0, 0x1, 0xff,
    0xff, 0xff, 0x0, 0x0, 0x0, 0xaf, 0xff, 0xff,
    0x40, 0x0, 0x1, 0xff, 0xff, 0xff, 0x0, 0x0,
    0x6, 0xff, 0xff, 0xfd, 0x88, 0x88, 0x88, 0xff,
    0xff, 0xff, 0x88, 0x85, 0xf, 0xff, 0xff, 0xff,
    0xff, 0xff, 0xff, 0xff, 0xff, 0xff, 0xff, 0xfb,
    0x1f, 0xff, 0xff, 0xff, 0xff, 0xff, 0xff, 0xff,
    0xff, 0xff, 0xff, 0xfb, 0x1f, 0xff, 0xff, 0xff,
    0xff, 0xff, 0xff, 0xff, 0xff, 0xff, 0xff, 0xfb,
    0x1f, 0xff, 0xff, 0xff, 0xff, 0xff, 0xff, 0xff,
    0xff, 0xff, 0xff, 0xfb, 0x1f, 0xff, 0xff, 0xff,
    0xff, 0xff, 0xff, 0xff, 0xff, 0xff, 0xff, 0xfb,
    0x0, 0x0, 0x0, 0x0, 0x0, 0x0, 0x1, 0xff,
    0xff, 0xff, 0x0, 0x0, 0x0, 0x0, 0x0, 0x0,
    0x0, 0x0, 0x1, 0xff, 0xff, 0xff, 0x0, 0x0,
    0x0, 0x0, 0x0, 0x0, 0x0, 0x0, 0x1, 0xff,
    0xff, 0xff, 0x0, 0x0, 0x0, 0x0, 0x0, 0x0,
    0x0, 0x0, 0x1, 0xff, 0xff, 0xff, 0x0, 0x0,
    0x0, 0x0, 0x0, 0x0, 0x0, 0x0, 0x1, 0xff,
    0xff, 0xff, 0x0, 0x0, 0x0, 0x0, 0x0, 0x0,
    0x0, 0x0, 0x1, 0xff, 0xff, 0xff, 0x0, 0x0,

    /* U+0035 "5" */
    0x0, 0x9f, 0xff, 0xff, 0xff, 0xff, 0xff, 0xff,
    0xff, 0xff, 0x50, 0x0, 0xbf, 0xff, 0xff, 0xff,
    0xff, 0xff, 0xff, 0xff, 0xff, 0x50, 0x0, 0xcf,
    0xff, 0xff, 0xff, 0xff, 0xff, 0xff, 0xff, 0xff,
    0x50, 0x0, 0xef, 0xff, 0xff, 0xff, 0xff, 0xff,
    0xff, 0xff, 0xff, 0x50, 0x0, 0xff, 0xff, 0xff,
    0xff, 0xff, 0xff, 0xff, 0xff, 0xff, 0x50, 0x2,
    0xff, 0xff, 0xf8, 0x11, 0x11, 0x11, 0x11, 0x11,
    0x11, 0x0, 0x4, 0xff, 0xff, 0xf5, 0x0, 0x0,
    0x0, 0x0, 0x0, 0x0, 0x0, 0x6, 0xff, 0xff,
    0xf4, 0x0, 0x0, 0x0, 0x0, 0x0, 0x0, 0x0,
    0x8, 0xff, 0xff, 0xf2, 0x0, 0x0, 0x0, 0x0,
    0x0, 0x0, 0x0, 0x9, 0xff, 0xff, 0xf0, 0x4,
    0x79, 0xa8, 0x61, 0x0, 0x0, 0x0, 0xb, 0xff,
    0xff, 0xf8, 0xff, 0xff, 0xff, 0xff, 0xb2, 0x0,
    0x0, 0xd, 0xff, 0xff, 0xff, 0xff, 0xff, 0xff,
    0xff, 0xff, 0x60, 0x0, 0xf, 0xff, 0xff, 0xff,
    0xff, 0xff, 0xff, 0xff, 0xff, 0xf6, 0x0, 0x1f,
    0xff, 0xff, 0xff, 0xff, 0xff, 0xff, 0xff, 0xff,
    0xff, 0x20, 0x1d, 0xff, 0xff, 0xff, 0x72, 0x1,
    0x6d, 0xff, 0xff, 0xff, 0xb0, 0x0, 0x4a, 0xff,
    0xe2, 0x0, 0x0, 0x0, 0xcf, 0xff, 0xff, 0xf1,
    0x0, 0x0, 0x6, 0x40, 0x0, 0x0, 0x0, 0x2f,
    0xff, 0xff, 0xf5, 0x0, 0x0, 0x0, 0x0, 0x0,
    0x0, 0x0, 0xd, 0xff, 0xff, 0xf8, 0x0, 0x0,
    0x0, 0x0, 0x0, 0x0, 0x0, 0xb, 0xff, 0xff,
    0xf9, 0x0, 0x0, 0x0, 0x0, 0x0, 0x0, 0x0,
    0xb, 0xff, 0xff, 0xf8, 0x0, 0x0, 0x28, 0x0,
    0x0, 0x0, 0x0, 0xe, 0xff, 0xff, 0xf7, 0x1,
    0x6c, 0xff, 0x60, 0x0, 0x0, 0x0, 0x4f, 0xff,
    0xff, 0xf4, 0x2f, 0xff, 0xff, 0xe2, 0x0, 0x0,
    0x2, 0xef, 0xff, 0xff, 0xe0, 0xb, 0xff, 0xff,
    0xff, 0x94, 0x24, 0x8f, 0xff, 0xff, 0xff, 0x70,
    0x2, 0xff, 0xff, 0xff, 0xff, 0xff, 0xff, 0xff,
    0xff, 0xfc, 0x0, 0x0, 0x3f, 0xff, 0xff, 0xff,
    0xff, 0xff, 0xff, 0xff, 0xd1, 0x0, 0x0, 0x2,
    0xdf, 0xff, 0xff, 0xff, 0xff, 0xff, 0xfa, 0x10,
    0x0, 0x0, 0x0, 0x5, 0xcf, 0xff, 0xff, 0xff,
    0xfa, 0x30, 0x0, 0x0, 0x0, 0x0, 0x0, 0x1,
    0x46, 0x77, 0x63, 0x0, 0x0, 0x0, 0x0,

    /* U+0036 "6" */
    0x0, 0x0, 0x0, 0x0, 0x14, 0x77, 0x75, 0x20,
    0x0, 0x0, 0x0, 0x0, 0x0, 0x0, 0x4c, 0xff,
    0xff, 0xff, 0xfe, 0x70, 0x0, 0x0, 0x0, 0x0,
    0x9, 0xff, 0xff, 0xff, 0xff, 0xff, 0xfc, 0x20,
    0x0, 0x0, 0x0, 0xcf, 0xff, 0xff, 0xff, 0xff,
    0xff, 0xff, 0xe1, 0x0, 0x0, 0xa, 0xff, 0xff,
    0xff, 0xff, 0xff, 0xff, 0xff, 0xf6, 0x0, 0x0,
    0x6f, 0xff, 0xff, 0xe6, 0x10, 0x3b, 0xff, 0xc6,
    0x0, 0x0, 0x0, 0xef, 0xff, 0xfe, 0x10, 0x0,
    0x0, 0x72, 0x0, 0x0, 0x0, 0x6, 0xff, 0xff,
    0xf5, 0x0, 0x0, 0x0, 0x0, 0x0, 0x0, 0x0,
    0xc, 0xff, 0xff, 0xe0, 0x0, 0x0, 0x0, 0x0,
    0x0, 0x0, 0x0, 0x1f, 0xff, 0xff, 0xa0, 0x0,
    0x0, 0x0, 0x0, 0x0, 0x0, 0x0, 0x5f, 0xff,
    0xff, 0x80, 0x15, 0x9a, 0xa9, 0x51, 0x0, 0x0,
    0x0, 0x8f, 0xff, 0xff, 0x77, 0xff, 0xff, 0xff,
    0xff, 0x80, 0x0, 0x0, 0xaf, 0xff, 0xff, 0xff,
    0xff, 0xff, 0xff, 0xff, 0xfd, 0x20, 0x0, 0xcf,
    0xff, 0xff, 0xff, 0xff, 0xff, 0xff, 0xff, 0xff,
    0xd1, 0x0, 0xdf, 0xff, 0xff, 0xff, 0xff, 0xff,
    0xff, 0xff, 0xff, 0xfb, 0x0, 0xef, 0xff, 0xff,
    0xff, 0xa3, 0x1, 0x5e, 0xff, 0xff, 0xff, 0x40,
    0xff, 0xff, 0xff, 0xf8, 0x0, 0x0, 0x2, 0xef,
    0xff, 0xff, 0xa0, 0xef, 0xff, 0xff, 0xe0, 0x0,
    0x0, 0x0, 0x7f, 0xff, 0xff, 0xe0, 0xdf, 0xff,
    0xff, 0xa0, 0x0, 0x0, 0x0, 0x2f, 0xff, 0xff,
    0xf0, 0xbf, 0xff, 0xff, 0x80, 0x0, 0x0, 0x0,
    0xf, 0xff, 0xff, 0xf1, 0x8f, 0xff, 0xff, 0x80,
    0x0, 0x0, 0x0, 0xf, 0xff, 0xff, 0xf1, 0x5f,
    0xff, 0xff, 0xa0, 0x0, 0x0, 0x0, 0x2f, 0xff,
    0xff, 0xf0, 0x1f, 0xff, 0xff, 0xf1, 0x0, 0x0,
    0x0, 0x8f, 0xff, 0xff, 0xb0, 0xb, 0xff, 0xff,
    0xfa, 0x0, 0x0, 0x3, 0xff, 0xff, 0xff, 0x50,
    0x3, 0xff, 0xff, 0xff, 0xc5, 0x23, 0x8f, 0xff,
    0xff, 0xfd, 0x0, 0x0, 0xaf, 0xff, 0xff, 0xff,
    0xff, 0xff, 0xff, 0xff, 0xf4, 0x0, 0x0, 0xc,
    0xff, 0xff, 0xff, 0xff, 0xff, 0xff, 0xff, 0x60,
    0x0, 0x0, 0x0, 0xbf, 0xff, 0xff, 0xff, 0xff,
    0xff, 0xe4, 0x0, 0x0, 0x0, 0x0, 0x5, 0xcf,
    0xff, 0xff, 0xff, 0xe8, 0x10, 0x0, 0x0, 0x0,
    0x0, 0x0, 0x1, 0x46, 0x77, 0x63, 0x0, 0x0,
    0x0, 0x0,

    /* U+0037 "7" */
    0x6f, 0xff, 0xff, 0xff, 0xff, 0xff, 0xff, 0xff,
    0xff, 0xff, 0x96, 0xff, 0xff, 0xff, 0xff, 0xff,
    0xff, 0xff, 0xff, 0xff, 0xf9, 0x6f, 0xff, 0xff,
    0xff, 0xff, 0xff, 0xff, 0xff, 0xff, 0xff, 0x96,
    0xff, 0xff, 0xff, 0xff, 0xff, 0xff, 0xff, 0xff,
    0xff, 0xf9, 0x6f, 0xff, 0xff, 0xff, 0xff, 0xff,
    0xff, 0xff, 0xff, 0xff, 0x90, 0x22, 0x22, 0x22,
    0x22, 0x22, 0x22, 0x3f, 0xff, 0xff, 0xf6, 0x0,
    0x0, 0x0, 0x0, 0x0, 0x0, 0x7, 0xff, 0xff,
    0xfe, 0x0, 0x0, 0x0, 0x0, 0x0, 0x0, 0x0,
    0xef, 0xff, 0xff, 0x80, 0x0, 0x0, 0x0, 0x0,
    0x0, 0x0, 0x7f, 0xff, 0xff, 0xf1, 0x0, 0x0,
    0x0, 0x0, 0x0, 0x0, 0xe, 0xff, 0xff, 0xfa,
    0x0, 0x0, 0x0, 0x0, 0x0, 0x0, 0x6, 0xff,
    0xff, 0xff, 0x20, 0x0, 0x0, 0x0, 0x0, 0x0,
    0x0, 0xdf, 0xff, 0xff, 0xb0, 0x0, 0x0, 0x0,
    0x0, 0x0, 0x0, 0x5f, 0xff, 0xff, 0xf4, 0x0,
    0x0, 0x0, 0x0, 0x0, 0x0, 0xc, 0xff, 0xff,
    0xfd, 0x0, 0x0, 0x0, 0x0, 0x0, 0x0, 0x4,
    0xff, 0xff, 0xff, 0x60, 0x0, 0x0, 0x0, 0x0,
    0x0, 0x0, 0xcf, 0xff, 0xff, 0xe0, 0x0, 0x0,
    0x0, 0x0, 0x0, 0x0, 0x3f, 0xff, 0xff, 0xf7,
    0x0, 0x0, 0x0, 0x0, 0x0, 0x0, 0xb, 0xff,
    0xff, 0xff, 0x10, 0x0, 0x0, 0x0, 0x0, 0x0,
    0x2, 0xff, 0xff, 0xff, 0x90, 0x0, 0x0, 0x0,
    0x0, 0x0, 0x0, 0xaf, 0xff, 0xff, 0xf2, 0x0,
    0x0, 0x0, 0x0, 0x0, 0x0, 0x2f, 0xff, 0xff,
    0xfa, 0x0, 0x0, 0x0, 0x0, 0x0, 0x0, 0x9,
    0xff, 0xff, 0xff, 0x30, 0x0, 0x0, 0x0, 0x0,
    0x0, 0x1, 0xff, 0xff, 0xff, 0xc0, 0x0, 0x0,
    0x0, 0x0, 0x0, 0x0, 0x8f, 0xff, 0xff, 0xf5,
    0x0, 0x0, 0x0, 0x0, 0x0, 0x0, 0x1f, 0xff,
    0xff, 0xfd, 0x0, 0x0, 0x0, 0x0, 0x0, 0x0,
    0x8, 0xff, 0xff, 0xff, 0x60, 0x0, 0x0, 0x0,
    0x0, 0x0, 0x0, 0xef, 0xff, 0xff, 0xe0, 0x0,
    0x0, 0x0, 0x0, 0x0, 0x0, 0x7f, 0xff, 0xff,
    0xf8, 0x0, 0x0, 0x0, 0x0, 0x0,

    /* U+0038 "8" */
    0x0, 0x0, 0x0, 0x0, 0x3, 0x67, 0x63, 0x0,
    0x0, 0x0, 0x0, 0x0, 0x0, 0x0, 0x0, 0x5e,
    0xff, 0xff, 0xfe, 0x50, 0x0, 0x0, 0x0, 0x0,
    0x0, 0x0, 0x8f, 0xff, 0xff, 0xff, 0xff, 0x80,
    0x0, 0x0, 0x0, 0x0, 0x0, 0x6f, 0xff, 0xff,
    0xff, 0xff, 0xff, 0x70, 0x0, 0x0, 0x0, 0x0,
    0x2f, 0xff, 0xff, 0xff, 0xff, 0xff, 0xff, 0x20,
    0x0, 0x0, 0x0, 0x8, 0xff, 0xff, 0xfe, 0xbe,
    0xff, 0xff, 0xf8, 0x0, 0x0, 0x0, 0x0, 0xef,
    0xff, 0xfb, 0x0, 0xa, 0xff, 0xff, 0xe0, 0x0,
    0x0, 0x0, 0xf, 0xff, 0xff, 0x10, 0x0, 0x1f,
    0xff, 0xff, 0x0, 0x0, 0x0, 0x2, 0xff, 0xff,
    0xd0, 0x0, 0x0, 0xdf, 0xff, 0xf2, 0x0, 0x0,
    0x0, 0x2f, 0xff, 0xfe, 0x0, 0x0, 0xe, 0xff,
    0xff, 0x20, 0x0, 0x0, 0x0, 0xff, 0xff, 0xf4,
    0x0, 0x4, 0xff, 0xff, 0xf0, 0x0, 0x0, 0x0,
    0xc, 0xff, 0xff, 0xe5, 0x15, 0xef, 0xff, 0xfc,
    0x0, 0x0, 0x0, 0x0, 0x6f, 0xff, 0xff, 0xff,
    0xff, 0xff, 0xff, 0x60, 0x0, 0x0, 0x0, 0x2,
    0xff, 0xff, 0xff, 0xff, 0xff, 0xff, 0xf2, 0x0,
    0x0, 0x0, 0x5, 0xff, 0xff, 0xff, 0xff, 0xff,
    0xff, 0xff, 0xf5, 0x0, 0x0, 0x7, 0xff, 0xff,
    0xff, 0xff, 0xff, 0xff, 0xff, 0xff, 0xf7, 0x0,
    0x5, 0xff, 0xff, 0xff, 0xff, 0xff, 0xff, 0xff,
    0xff, 0xff, 0xf5, 0x0, 0xef, 0xff, 0xff, 0xfc,
    0x52, 0x2, 0x5c, 0xff, 0xff, 0xff, 0xd0, 0x3f,
    0xff, 0xff, 0xf8, 0x0, 0x0, 0x0, 0x8, 0xff,
    0xff, 0xff, 0x36, 0xff, 0xff, 0xff, 0x0, 0x0,
    0x0, 0x0, 0xf, 0xff, 0xff, 0xf6, 0x7f, 0xff,
    0xff, 0xd0, 0x0, 0x0, 0x0, 0x0, 0xdf, 0xff,
    0xff, 0x76, 0xff, 0xff, 0xfe, 0x0, 0x0, 0x0,
    0x0, 0xe, 0xff, 0xff, 0xf6, 0x4f, 0xff, 0xff,
    0xf6, 0x0, 0x0, 0x0, 0x6, 0xff, 0xff, 0xff,
    0x40, 0xff, 0xff, 0xff, 0xf7, 0x0, 0x0, 0x7,
    0xff, 0xff, 0xff, 0xf0, 0x9, 0xff, 0xff, 0xff,
    0xff, 0xcb, 0xcf, 0xff, 0xff, 0xff, 0xf9, 0x0,
    0x1e, 0xff, 0xff, 0xff, 0xff, 0xff, 0xff, 0xff,
    0xff, 0xfe, 0x10, 0x0, 0x3e, 0xff, 0xff, 0xff,
    0xff, 0xff, 0xff, 0xff, 0xfe, 0x30, 0x0, 0x0,
    0x2c, 0xff, 0xff, 0xff, 0xff, 0xff, 0xff, 0xfc,
    0x20, 0x0, 0x0, 0x0, 0x4, 0xbf, 0xff, 0xff,
    0xff, 0xff, 0xb4, 0x0, 0x0, 0x0, 0x0, 0x0,
    0x0, 0x3, 0x57, 0x77, 0x63, 0x0, 0x0, 0x0,
    0x0,

    /* U+0039 "9" */
    0x0, 0x0, 0x0, 0x2, 0x57, 0x75, 0x20, 0x0,
    0x0, 0x0, 0x0, 0x0, 0x4, 0xcf, 0xff, 0xff,
    0xfc, 0x50, 0x0, 0x0, 0x0, 0x0, 0x8f, 0xff,
    0xff, 0xff, 0xff, 0xf9, 0x0, 0x0, 0x0, 0xb,
    0xff, 0xff, 0xff, 0xff, 0xff, 0xff, 0xc0, 0x0,
    0x0, 0x7f, 0xff, 0xff, 0xff, 0xff, 0xff, 0xff,
    0xf9, 0x0, 0x3, 0xff, 0xff, 0xff, 0xff, 0xff,
    0xff, 0xff, 0xff, 0x40, 0xb, 0xff, 0xff, 0xfd,
    0x51, 0x15, 0xdf, 0xff, 0xff, 0xc0, 0x1f, 0xff,
    0xff, 0xe1, 0x0, 0x0, 0xc, 0xff, 0xff, 0xf2,
    0x4f, 0xff, 0xff, 0x50, 0x0, 0x0, 0x2, 0xff,
    0xff, 0xf6, 0x6f, 0xff, 0xff, 0x0, 0x0, 0x0,
    0x0, 0xdf, 0xff, 0xf9, 0x7f, 0xff, 0xff, 0x0,
    0x0, 0x0, 0x0, 0xcf, 0xff, 0xf9, 0x6f, 0xff,
    0xff, 0x0, 0x0, 0x0, 0x0, 0xef, 0xff, 0xf9,
    0x4f, 0xff, 0xff, 0x50, 0x0, 0x0, 0x3, 0xff,
    0xff, 0xf6, 0x1f, 0xff, 0xff, 0xd1, 0x0, 0x0,
    0xc, 0xff, 0xff, 0xf2, 0xb, 0xff, 0xff, 0xfe,
    0x51, 0x4, 0xcf, 0xff, 0xff, 0xc0, 0x3, 0xff,
    0xff, 0xff, 0xff, 0xff, 0xff, 0xff, 0xff, 0x60,
    0x0, 0x8f, 0xff, 0xff, 0xff, 0xff, 0xff, 0xff,
    0xfe, 0x0, 0x0, 0xb, 0xff, 0xff, 0xff, 0xff,
    0xff, 0xff, 0xf7, 0x0, 0x0, 0x0, 0x9f, 0xff,
    0xff, 0xff, 0xff, 0xff, 0xf1, 0x0, 0x0, 0x0,
    0x5, 0xcf, 0xff, 0xff, 0xff, 0xff, 0x90, 0x0,
    0x0, 0x0, 0x0, 0x2, 0x57, 0xff, 0xff, 0xff,
    0x20, 0x0, 0x0, 0x0, 0x0, 0x0, 0x6, 0xff,
    0xff, 0xfa, 0x0, 0x0, 0x0, 0x0, 0x0, 0x0,
    0xd, 0xff, 0xff, 0xf3, 0x0, 0x0, 0x0, 0x0,
    0x0, 0x0, 0x5f, 0xff, 0xff, 0xb0, 0x0, 0x0,
    0x0, 0x0, 0x0, 0x0, 0xdf, 0xff, 0xff, 0x40,
    0x0, 0x0, 0x0, 0x0, 0x0, 0x5, 0xff, 0xff,
    0xfc, 0x0, 0x0, 0x0, 0x0, 0x0, 0x0, 0xd,
    0xff, 0xff, 0xf5, 0x0, 0x0, 0x0, 0x0, 0x0,
    0x0, 0x6f, 0xff, 0xff, 0xe0, 0x0, 0x0, 0x0,
    0x0, 0x0, 0x0, 0xef, 0xff, 0xff, 0x60, 0x0,
    0x0, 0x0,

    /* U+003A ":" */
    0x0, 0x3, 0x76, 0x20, 0x0, 0xa, 0xff, 0xff,
    0x60, 0x7, 0xff, 0xff, 0xff, 0x30, 0xef, 0xff,
    0xff, 0xf9, 0xf, 0xff, 0xff, 0xff, 0xb0, 0xef,
    0xff, 0xff, 0xfa, 0x8, 0xff, 0xff, 0xff, 0x30,
    0xa, 0xff, 0xff, 0x60, 0x0, 0x3, 0x76, 0x20,
    0x0, 0x0, 0x0, 0x0, 0x0, 0x0, 0x0, 0x0,
    0x0, 0x0, 0x0, 0x0, 0x0, 0x0, 0x0, 0x0,
    0x0, 0x0, 0x0, 0x0, 0x47, 0x72, 0x0, 0x0,
    0xaf, 0xff, 0xf7, 0x0, 0x8f, 0xff, 0xff, 0xf4,
    0xe, 0xff, 0xff, 0xff, 0xa0, 0xff, 0xff, 0xff,
    0xfb, 0xe, 0xff, 0xff, 0xff, 0x90, 0x7f, 0xff,
    0xff, 0xf3, 0x0, 0xaf, 0xff, 0xf6, 0x0, 0x0,
    0x37, 0x62, 0x0,

    /* U+003B ";" */
    0x0, 0x3, 0x76, 0x20, 0x0, 0xa, 0xff, 0xff,
    0x60, 0x7, 0xff, 0xff, 0xff, 0x30, 0xef, 0xff,
    0xff, 0xf9, 0xf, 0xff, 0xff, 0xff, 0xb0, 0xef,
    0xff, 0xff, 0xfa, 0x8, 0xff, 0xff, 0xff, 0x30,
    0xa, 0xff, 0xff, 0x60, 0x0, 0x3, 0x76, 0x20,
    0x0, 0x0, 0x0, 0x0, 0x0, 0x0, 0x0, 0x0,
    0x0, 0x0, 0x0, 0x0, 0x0, 0x0, 0x0, 0x0,
    0x0, 0x0, 0x0, 0x0, 0x0, 0x0, 0x0, 0x0,
    0x3b, 0xfe, 0x91, 0x0, 0x3f, 0xff, 0xff, 0xd0,
    0xc, 0xff, 0xff, 0xff, 0x70, 0xff, 0xff, 0xff,
    0xfb, 0xf, 0xff, 0xff, 0xff, 0xa0, 0xbf, 0xff,
    0xff, 0xf7, 0x2, 0xff, 0xff, 0xff, 0x20, 0x2,
    0xbf, 0xff, 0xb0, 0x0, 0x4, 0xff, 0xf5, 0x0,
    0x0, 0xaf, 0xff, 0x0, 0x0, 0xf, 0xff, 0x90,
    0x0, 0x6, 0xff, 0xf3, 0x0, 0x0, 0xcf, 0xfd,
    0x0, 0x0, 0x8, 0x88, 0x40, 0x0,

    /* U+003C "<" */
    0x0, 0x0, 0x0, 0x0, 0x0, 0x0, 0x0, 0x0,
    0x0, 0x3a, 0x40, 0x0, 0x0, 0x0, 0x0, 0x0,
    0x0, 0x0, 0x5, 0xcf, 0xf5, 0x0, 0x0, 0x0,
    0x0, 0x0, 0x0, 0x0, 0x7d, 0xff, 0xff, 0x50,
    0x0, 0x0, 0x0, 0x0, 0x0, 0x28, 0xff, 0xff,
    0xff, 0xf5, 0x0, 0x0, 0x0, 0x0, 0x3, 0xaf,
    0xff, 0xff, 0xff, 0xff, 0x50, 0x0, 0x0, 0x0,
    0x5c, 0xff, 0xff, 0xff, 0xff, 0xff, 0xf4, 0x0,
    0x0, 0x17, 0xef, 0xff, 0xff, 0xff, 0xff, 0xfe,
    0x82, 0x0, 0x2, 0x9f, 0xff, 0xff, 0xff, 0xff,
    0xff, 0xa4, 0x0, 0x0, 0x2b, 0xff, 0xff, 0xff,
    0xff, 0xff, 0xc6, 0x10, 0x0, 0x0, 0x6, 0xff,
    0xff, 0xff, 0xff, 0xe8, 0x20, 0x0, 0x0, 0x0,
    0x0, 0x6f, 0xff, 0xff, 0xfd, 0x40, 0x0, 0x0,
    0x0, 0x0, 0x0, 0x6, 0xff, 0xff, 0xff, 0xfd,
    0x71, 0x0, 0x0, 0x0, 0x0, 0x0, 0x5f, 0xff,
    0xff, 0xff, 0xff, 0xfb, 0x50, 0x0, 0x0, 0x0,
    0x0, 0x29, 0xff, 0xff, 0xff, 0xff, 0xff, 0xe9,
    0x20, 0x0, 0x0, 0x0, 0x1, 0x7e, 0xff, 0xff,
    0xff, 0xff, 0xff, 0xc6, 0x10, 0x0, 0x0, 0x0,
    0x6, 0xdf, 0xff, 0xff, 0xff, 0xff, 0xff, 0xa2,
    0x0, 0x0, 0x0, 0x0, 0x4b, 0xff, 0xff, 0xff,
    0xff, 0xff, 0x50, 0x0, 0x0, 0x0, 0x0, 0x2,
    0x9f, 0xff, 0xff, 0xff, 0xf5, 0x0, 0x0, 0x0,
    0x0, 0x0, 0x0, 0x17, 0xef, 0xff, 0xff, 0x50,
    0x0, 0x0, 0x0, 0x0, 0x0, 0x0, 0x0, 0x5c,
    0xff, 0xf5, 0x0, 0x0, 0x0, 0x0, 0x0, 0x0,
    0x0, 0x0, 0x4, 0xbf, 0x50, 0x0, 0x0, 0x0,
    0x0, 0x0, 0x0, 0x0, 0x0, 0x0, 0x22,

    /* U+003D "=" */
    0xef, 0xff, 0xff, 0xff, 0xff, 0xff, 0xff, 0xff,
    0xff, 0xff, 0x9e, 0xff, 0xff, 0xff, 0xff, 0xff,
    0xff, 0xff, 0xff, 0xff, 0xf9, 0xef, 0xff, 0xff,
    0xff, 0xff, 0xff, 0xff, 0xff, 0xff, 0xff, 0x9e,
    0xff, 0xff, 0xff, 0xff, 0xff, 0xff, 0xff, 0xff,
    0xff, 0xf9, 0xef, 0xff, 0xff, 0xff, 0xff, 0xff,
    0xff, 0xff, 0xff, 0xff, 0x93, 0x33, 0x33, 0x33,
    0x33, 0x33, 0x33, 0x33, 0x33, 0x33, 0x32, 0x0,
    0x0, 0x0, 0x0, 0x0, 0x0, 0x0, 0x0, 0x0,
    0x0, 0x4, 0x55, 0x55, 0x55, 0x55, 0x55, 0x55,
    0x55, 0x55, 0x55, 0x52, 0xef, 0xff, 0xff, 0xff,
    0xff, 0xff, 0xff, 0xff, 0xff, 0xff, 0x9e, 0xff,
    0xff, 0xff, 0xff, 0xff, 0xff, 0xff, 0xff, 0xff,
    0xf9, 0xef, 0xff, 0xff, 0xff, 0xff, 0xff, 0xff,
    0xff, 0xff, 0xff, 0x9e, 0xff, 0xff, 0xff, 0xff,
    0xff, 0xff, 0xff, 0xff, 0xff, 0xf9, 0xef, 0xff,
    0xff, 0xff, 0xff, 0xff, 0xff, 0xff, 0xff, 0xff,
    0x90,

    /* U+003E ">" */
    0x59, 0x20, 0x0, 0x0, 0x0, 0x0, 0x0, 0x0,
    0x0, 0x0, 0x6, 0xff, 0xb4, 0x0, 0x0, 0x0,
    0x0, 0x0, 0x0, 0x0, 0x0, 0x6f, 0xff, 0xfd,
    0x60, 0x0, 0x0, 0x0, 0x0, 0x0, 0x0, 0x6,
    0xff, 0xff, 0xff, 0xe8, 0x10, 0x0, 0x0, 0x0,
    0x0, 0x0, 0x6f, 0xff, 0xff, 0xff, 0xff, 0xa3,
    0x0, 0x0, 0x0, 0x0, 0x6, 0xff, 0xff, 0xff,
    0xff, 0xff, 0xfc, 0x40, 0x0, 0x0, 0x0, 0x3,
    0x9e, 0xff, 0xff, 0xff, 0xff, 0xff, 0xd6, 0x0,
    0x0, 0x0, 0x0, 0x5, 0xbf, 0xff, 0xff, 0xff,
    0xff, 0xff, 0x81, 0x0, 0x0, 0x0, 0x0, 0x16,
    0xcf, 0xff, 0xff, 0xff, 0xff, 0xfa, 0x10, 0x0,
    0x0, 0x0, 0x0, 0x28, 0xef, 0xff, 0xff, 0xff,
    0xf5, 0x0, 0x0, 0x0, 0x0, 0x0, 0x0, 0x4d,
    0xff, 0xff, 0xff, 0x50, 0x0, 0x0, 0x0, 0x0,
    0x2, 0x7d, 0xff, 0xff, 0xff, 0xf5, 0x0, 0x0,
    0x0, 0x0, 0x5b, 0xff, 0xff, 0xff, 0xff, 0xff,
    0x40, 0x0, 0x0, 0x39, 0xff, 0xff, 0xff, 0xff,
    0xff, 0xf9, 0x20, 0x0, 0x17, 0xdf, 0xff, 0xff,
    0xff, 0xff, 0xfe, 0x70, 0x0, 0x2, 0xbf, 0xff,
    0xff, 0xff, 0xff, 0xff, 0xc5, 0x0, 0x0, 0x0,
    0x6f, 0xff, 0xff, 0xff, 0xff, 0xfa, 0x30, 0x0,
    0x0, 0x0, 0x6, 0xff, 0xff, 0xff, 0xff, 0x82,
    0x0, 0x0, 0x0, 0x0, 0x0, 0x6f, 0xff, 0xff,
    0xd7, 0x0, 0x0, 0x0, 0x0, 0x0, 0x0, 0x6,
    0xff, 0xfc, 0x50, 0x0, 0x0, 0x0, 0x0, 0x0,
    0x0, 0x0, 0x6f, 0xa3, 0x0, 0x0, 0x0, 0x0,
    0x0, 0x0, 0x0, 0x0, 0x2, 0x10, 0x0, 0x0,
    0x0, 0x0, 0x0, 0x0, 0x0, 0x0, 0x0,

    /* U+003F "?" */
    0x0, 0x0, 0x0, 0x1, 0x36, 0x77, 0x65, 0x20,
    0x0, 0x0, 0x0, 0x0, 0x0, 0x6, 0xcf, 0xff,
    0xff, 0xff, 0xfe, 0x92, 0x0, 0x0, 0x0, 0x4,
    0xef, 0xff, 0xff, 0xff, 0xff, 0xff, 0xff, 0xa0,
    0x0, 0x0, 0x6f, 0xff, 0xff, 0xff, 0xff, 0xff,
    0xff, 0xff, 0xfc, 0x10, 0x4, 0xff, 0xff, 0xff,
    0xff, 0xff, 0xff, 0xff, 0xff, 0xff, 0xb0, 0xe,
    0xff, 0xff, 0xff, 0xfb, 0x98, 0xae, 0xff, 0xff,
    0xff, 0xf2, 0x2c, 0xff, 0xff, 0xfa, 0x10, 0x0,
    0x0, 0x7f, 0xff, 0xff, 0xf7, 0x0, 0x39, 0xef,
    0xa0, 0x0, 0x0, 0x0, 0xc, 0xff, 0xff, 0xf8,
    0x0, 0x0, 0x5, 0x20, 0x0, 0x0, 0x0, 0xd,
    0xff, 0xff, 0xf8, 0x0, 0x0, 0x0, 0x0, 0x0,
    0x0, 0x0, 0x9f, 0xff, 0xff, 0xf5, 0x0, 0x0,
    0x0, 0x0, 0x0, 0x0, 0x5d, 0xff, 0xff, 0xff,
    0xf1, 0x0, 0x0, 0x0, 0x0, 0x0, 0x4d, 0xff,
    0xff, 0xff, 0xff, 0x70, 0x0, 0x0, 0x0, 0x0,
    0x1a, 0xff, 0xff, 0xff, 0xff, 0xf8, 0x0, 0x0,
    0x0, 0x0, 0x1, 0xcf, 0xff, 0xff, 0xff, 0xfe,
    0x60, 0x0, 0x0, 0x0, 0x0, 0x9, 0xff, 0xff,
    0xff, 0xff, 0x91, 0x0, 0x0, 0x0, 0x0, 0x0,
    0x1f, 0xff, 0xff, 0xff, 0xc2, 0x0, 0x0, 0x0,
    0x0, 0x0, 0x0, 0x5f, 0xff, 0xff, 0xf9, 0x0,
    0x0, 0x0, 0x0, 0x0, 0x0, 0x0, 0x7f, 0xff,
    0xff, 0xe0, 0x0, 0x0, 0x0, 0x0, 0x0, 0x0,
    0x0, 0x8e, 0xee, 0xee, 0x90, 0x0, 0x0, 0x0,
    0x0, 0x0, 0x0, 0x0, 0x0, 0x0, 0x0, 0x0,
    0x0, 0x0, 0x0, 0x0, 0x0, 0x0, 0x0, 0x0,
    0x0, 0x0, 0x0, 0x0, 0x0, 0x0, 0x0, 0x0,
    0x0, 0x0, 0x0, 0x58, 0x61, 0x0, 0x0, 0x0,
    0x0, 0x0, 0x0, 0x0, 0x0, 0x2d, 0xff, 0xfe,
    0x30, 0x0, 0x0, 0x0, 0x0, 0x0, 0x0, 0x0,
    0xcf, 0xff, 0xff, 0xe0, 0x0, 0x0, 0x0, 0x0,
    0x0, 0x0, 0x3, 0xff, 0xff, 0xff, 0xf5, 0x0,
    0x0, 0x0, 0x0, 0x0, 0x0, 0x4, 0xff, 0xff,
    0xff, 0xf6, 0x0, 0x0, 0x0, 0x0, 0x0, 0x0,
    0x2, 0xff, 0xff, 0xff, 0xf4, 0x0, 0x0, 0x0,
    0x0, 0x0, 0x0, 0x0, 0xcf, 0xff, 0xff, 0xd0,
    0x0, 0x0, 0x0, 0x0, 0x0, 0x0, 0x0, 0x1d,
    0xff, 0xfe, 0x20, 0x0, 0x0, 0x0, 0x0, 0x0,
    0x0, 0x0, 0x0, 0x57, 0x50, 0x0, 0x0, 0x0,
    0x0, 0x0,

    /* U+0040 "@" */
    0x0, 0x0, 0x0, 0x0, 0x0, 0x3, 0x57, 0x76,
    0x41, 0x0, 0x0, 0x0, 0x0, 0x0, 0x0, 0x0,
    0x0, 0x0, 0x29, 0xef, 0xff, 0xff, 0xff, 0xc6,
    0x0, 0x0, 0x0, 0x0, 0x0, 0x0, 0x0, 0x19,
    0xff, 0xff, 0xff, 0xff, 0xff, 0xff, 0xd5, 0x0,
    0x0, 0x0, 0x0, 0x0, 0x3, 0xef, 0xff, 0xfc,
    0x87, 0x67, 0xae, 0xff, 0xff, 0x90, 0x0, 0x0,
    0x0, 0x0, 0x4f, 0xff, 0xf8, 0x10, 0x0, 0x0,
    0x0, 0x4c, 0xff, 0xfb, 0x0, 0x0, 0x0, 0x2,
    0xff, 0xfc, 0x20, 0x0, 0x0, 0x0, 0x0, 0x0,
    0x7f, 0xff, 0x90, 0x0, 0x0, 0xd, 0xff, 0xb0,
    0x0, 0x0, 0x0, 0x0, 0x0, 0x0, 0x5, 0xff,
    0xf6, 0x0, 0x0, 0x8f, 0xfc, 0x0, 0x0, 0x0,
    0x0, 0x0, 0x0, 0x0, 0x0, 0x7f, 0xfe, 0x0,
    0x1, 0xff, 0xf1, 0x0, 0x0, 0x0, 0x36, 0x76,
    0x52, 0x0, 0x0, 0xc, 0xff, 0x80, 0x8, 0xff,
    0x80, 0x0, 0x0, 0x7e, 0xff, 0xff, 0xff, 0xe6,
    0x0, 0x4, 0xff, 0xe0, 0xe, 0xff, 0x10, 0x0,
    0x1d, 0xff, 0xff, 0xff, 0xff, 0xf8, 0x0, 0x0,
    0xef, 0xf4, 0x2f, 0xfb, 0x0, 0x0, 0xbf, 0xff,
    0xff, 0xff, 0xff, 0xf8, 0x0, 0x0, 0x9f, 0xf7,
    0x6f, 0xf6, 0x0, 0x5, 0xff, 0xff, 0xa5, 0x47,
    0xff, 0xf8, 0x0, 0x0, 0x6f, 0xfa, 0x8f, 0xf4,
    0x0, 0xa, 0xff, 0xf8, 0x0, 0x3, 0xff, 0xf8,
    0x0, 0x0, 0x5f, 0xfb, 0x9f, 0xf3, 0x0, 0xd,
    0xff, 0xf1, 0x0, 0x3, 0xff, 0xf8, 0x0, 0x0,
    0x5f, 0xfb, 0x9f, 0xf3, 0x0, 0xf, 0xff, 0xe0,
    0x0, 0x4, 0xff, 0xf8, 0x0, 0x0, 0x7f, 0xfa,
    0x8f, 0xf4, 0x0, 0xf, 0xff, 0xe0, 0x0, 0x6,
    0xff, 0xf8, 0x0, 0x0, 0xbf, 0xf8, 0x6f, 0xf6,
    0x0, 0xe, 0xff, 0xf4, 0x0, 0x1d, 0xff, 0xfb,
    0x0, 0x2, 0xff, 0xf4, 0x2f, 0xfb, 0x0, 0xa,
    0xff, 0xff, 0x88, 0xef, 0xff, 0xff, 0x70, 0x2d,
    0xff, 0xe0, 0xe, 0xff, 0x0, 0x4, 0xff, 0xff,
    0xff, 0xff, 0xff, 0xff, 0xff, 0xff, 0xff, 0x60,
    0x8, 0xff, 0x80, 0x0, 0xaf, 0xff, 0xff, 0xff,
    0x97, 0xff, 0xff, 0xff, 0xfb, 0x0, 0x1, 0xff,
    0xf1, 0x0, 0x9, 0xff, 0xff, 0xf8, 0x0, 0x9f,
    0xff, 0xff, 0x90, 0x0, 0x0, 0x8f, 0xfc, 0x0,
    0x0, 0x27, 0x86, 0x10, 0x0, 0x2, 0x78, 0x72,
    0x0, 0x0, 0x0, 0xd, 0xff, 0xa0, 0x0, 0x0,
    0x0, 0x0, 0x0, 0x0, 0x0, 0x0, 0x0, 0x0,
    0x0, 0x2, 0xff, 0xfc, 0x10, 0x0, 0x0, 0x0,
    0x0, 0x0, 0x0, 0x0, 0x0, 0x0, 0x0, 0x0,
    0x4f, 0xff, 0xf8, 0x10, 0x0, 0x0, 0x0, 0x57,
    0x0, 0x0, 0x0, 0x0, 0x0, 0x0, 0x3, 0xef,
    0xff, 0xfc, 0x97, 0x67, 0xae, 0xfa, 0x0, 0x0,
    0x0, 0x0, 0x0, 0x0, 0x0, 0x19, 0xff, 0xff,
    0xff, 0xff, 0xff, 0xfa, 0x0, 0x0, 0x0, 0x0,
    0x0, 0x0, 0x0, 0x0, 0x29, 0xff, 0xff, 0xff,
    0xff, 0xc4, 0x0, 0x0, 0x0, 0x0, 0x0, 0x0,
    0x0, 0x0, 0x0, 0x3, 0x67, 0x76, 0x41, 0x0,
    0x0, 0x0, 0x0, 0x0,

    /* U+0041 "A" */
    0x0, 0x0, 0x0, 0x0, 0x0, 0xdf, 0xff, 0xff,
    0xf7, 0x0, 0x0, 0x0, 0x0, 0x0, 0x0, 0x0,
    0x0, 0x0, 0x3, 0xff, 0xff, 0xff, 0xfd, 0x0,
    0x0, 0x0, 0x0, 0x0, 0x0, 0x0, 0x0, 0x0,
    0x9, 0xff, 0xff, 0xff, 0xff, 0x20, 0x0, 0x0,
    0x0, 0x0, 0x0, 0x0, 0x0, 0x0, 0xe, 0xff,
    0xff, 0xff, 0xff, 0x80, 0x0, 0x0, 0x0, 0x0,
    0x0, 0x0, 0x0, 0x0, 0x5f, 0xff, 0xff, 0xff,
    0xff, 0xe0, 0x0, 0x0, 0x0, 0x0, 0x0, 0x0,
    0x0, 0x0, 0xaf, 0xff, 0xff, 0xff, 0xff, 0xf4,
    0x0, 0x0, 0x0, 0x0, 0x0, 0x0, 0x0, 0x1,
    0xff, 0xff, 0xff, 0xff, 0xff, 0xfa, 0x0, 0x0,
    0x0, 0x0, 0x0, 0x0, 0x0, 0x6, 0xff, 0xff,
    0xfb, 0xff, 0xff, 0xff, 0x0, 0x0, 0x0, 0x0,
    0x0, 0x0, 0x0, 0xc, 0xff, 0xff, 0xf4, 0xcf,
    0xff, 0xff, 0x50, 0x0, 0x0, 0x0, 0x0, 0x0,
    0x0, 0x1f, 0xff, 0xff, 0xf0, 0x7f, 0xff, 0xff,
    0xb0, 0x0, 0x0, 0x0, 0x0, 0x0, 0x0, 0x7f,
    0xff, 0xff, 0xa0, 0x1f, 0xff, 0xff, 0xf1, 0x0,
    0x0, 0x0, 0x0, 0x0, 0x0, 0xdf, 0xff, 0xff,
    0x50, 0xc, 0xff, 0xff, 0xf7, 0x0, 0x0, 0x0,
    0x0, 0x0, 0x3, 0xff, 0xff, 0xff, 0x10, 0x7,
    0xff, 0xff, 0xfc, 0x0, 0x0, 0x0, 0x0, 0x0,
    0x9, 0xff, 0xff, 0xfb, 0x0, 0x2, 0xff, 0xff,
    0xff, 0x20, 0x0, 0x0, 0x0, 0x0, 0xe, 0xff,
    0xff, 0xf6, 0x0, 0x0, 0xdf, 0xff, 0xff, 0x80,
    0x0, 0x0, 0x0, 0x0, 0x4f, 0xff, 0xff, 0xf1,
    0x0, 0x0, 0x8f, 0xff, 0xff, 0xe0, 0x0, 0x0,
    0x0, 0x0, 0xaf, 0xff, 0xff, 0xc0, 0x0, 0x0,
    0x3f, 0xff, 0xff, 0xf3, 0x0, 0x0, 0x0, 0x0,
    0xff, 0xff, 0xff, 0xa4, 0x44, 0x44, 0x4e, 0xff,
    0xff, 0xf9, 0x0, 0x0, 0x0, 0x5, 0xff, 0xff,
    0xff, 0xff, 0xff, 0xff, 0xff, 0xff, 0xff, 0xff,
    0x0, 0x0, 0x0, 0xb, 0xff, 0xff, 0xff, 0xff,
    0xff, 0xff, 0xff, 0xff, 0xff, 0xff, 0x50, 0x0,
    0x0, 0x1f, 0xff, 0xff, 0xff, 0xff, 0xff, 0xff,
    0xff, 0xff, 0xff, 0xff, 0xb0, 0x0, 0x0, 0x7f,
    0xff, 0xff, 0xff, 0xff, 0xff, 0xff, 0xff, 0xff,
    0xff, 0xff, 0xf1, 0x0, 0x0, 0xdf, 0xff, 0xff,
    0xff, 0xff, 0xff, 0xff, 0xff, 0xff, 0xff, 0xff,
    0xf6, 0x0, 0x2, 0xff, 0xff, 0xff, 0x80, 0x0,
    0x0, 0x0, 0x0, 0xe, 0xff, 0xff, 0xfc, 0x0,
    0x8, 0xff, 0xff, 0xff, 0x30, 0x0, 0x0, 0x0,
    0x0, 0x9, 0xff, 0xff, 0xff, 0x20, 0xe, 0xff,
    0xff, 0xfe, 0x0, 0x0, 0x0, 0x0, 0x0, 0x4,
    0xff, 0xff, 0xff, 0x80, 0x4f, 0xff, 0xff, 0xf8,
    0x0, 0x0, 0x0, 0x0, 0x0, 0x0, 0xff, 0xff,
    0xff, 0xd0, 0x9f, 0xff, 0xff, 0xf3, 0x0, 0x0,
    0x0, 0x0, 0x0, 0x0, 0xaf, 0xff, 0xff, 0xf3,

    /* U+0042 "B" */
    0x3f, 0xff, 0xff, 0xff, 0xff, 0xff, 0xff, 0xec,
    0x96, 0x10, 0x0, 0x0, 0x3f, 0xff, 0xff, 0xff,
    0xff, 0xff, 0xff, 0xff, 0xff, 0xf9, 0x0, 0x0,
    0x3f, 0xff, 0xff, 0xff, 0xff, 0xff, 0xff, 0xff,
    0xff, 0xff, 0xc1, 0x0, 0x3f, 0xff, 0xff, 0xff,
    0xff, 0xff, 0xff, 0xff, 0xff, 0xff, 0xfb, 0x0,
    0x3f, 0xff, 0xff, 0xff, 0xff, 0xff, 0xff, 0xff,
    0xff, 0xff, 0xff, 0x20, 0x3f, 0xff, 0xff, 0xf5,
    0x55, 0x55, 0x56, 0xbf, 0xff, 0xff, 0xff, 0x60,
    0x3f, 0xff, 0xff, 0xf1, 0x0, 0x0, 0x0, 0x8,
    0xff, 0xff, 0xff, 0x80, 0x3f, 0xff, 0xff, 0xf1,
    0x0, 0x0, 0x0, 0x1, 0xff, 0xff, 0xff, 0x80,
    0x3f, 0xff, 0xff, 0xf1, 0x0, 0x0, 0x0, 0x0,
    0xff, 0xff, 0xff, 0x70, 0x3f, 0xff, 0xff, 0xf1,
    0x0, 0x0, 0x0, 0x5, 0xff, 0xff, 0xff, 0x30,
    0x3f, 0xff, 0xff, 0xf1, 0x0, 0x0, 0x1, 0x6f,
    0xff, 0xff, 0xfc, 0x0, 0x3f, 0xff, 0xff, 0xff,
    0xff, 0xff, 0xff, 0xff, 0xff, 0xff, 0xf2, 0x0,
    0x3f, 0xff, 0xff, 0xff, 0xff, 0xff, 0xff, 0xff,
    0xff, 0xfe, 0x30, 0x0, 0x3f, 0xff, 0xff, 0xff,
    0xff, 0xff, 0xff, 0xff, 0xff, 0xfe, 0x60, 0x0,
    0x3f, 0xff, 0xff, 0xff, 0xff, 0xff, 0xff, 0xff,
    0xff, 0xff, 0xfb, 0x0, 0x3f, 0xff, 0xff, 0xff,
    0xff, 0xff, 0xff, 0xff, 0xff, 0xff, 0xff, 0xa0,
    0x3f, 0xff, 0xff, 0xf1, 0x0, 0x0, 0x0, 0x39,
    0xff, 0xff, 0xff, 0xf3, 0x3f, 0xff, 0xff, 0xf1,
    0x0, 0x0, 0x0, 0x0, 0x8f, 0xff, 0xff, 0xf7,
    0x3f, 0xff, 0xff, 0xf1, 0x0, 0x0, 0x0, 0x0,
    0x1f, 0xff, 0xff, 0xfa, 0x3f, 0xff, 0xff, 0xf1,
    0x0, 0x0, 0x0, 0x0, 0xf, 0xff, 0xff, 0xfa,
    0x3f, 0xff, 0xff, 0xf1, 0x0, 0x0, 0x0, 0x0,
    0x3f, 0xff, 0xff, 0xf9, 0x3f, 0xff, 0xff, 0xf1,
    0x0, 0x0, 0x0, 0x1, 0xcf, 0xff, 0xff, 0xf7,
    0x3f, 0xff, 0xff, 0xf7, 0x66, 0x66, 0x66, 0x9e,
    0xff, 0xff, 0xff, 0xf3, 0x3f, 0xff, 0xff, 0xff,
    0xff, 0xff, 0xff, 0xff, 0xff, 0xff, 0xff, 0xd0,
    0x3f, 0xff, 0xff, 0xff, 0xff, 0xff, 0xff, 0xff,
    0xff, 0xff, 0xff, 0x30, 0x3f, 0xff, 0xff, 0xff,
    0xff, 0xff, 0xff, 0xff, 0xff, 0xff, 0xf5, 0x0,
    0x3f, 0xff, 0xff, 0xff, 0xff, 0xff, 0xff, 0xff,
    0xff, 0xfb, 0x20, 0x0, 0x3f, 0xff, 0xff, 0xff,
    0xff, 0xff, 0xff, 0xed, 0xa6, 0x20, 0x0, 0x0,

    /* U+0043 "C" */
    0x0, 0x0, 0x0, 0x0, 0x0, 0x24, 0x67, 0x76,
    0x30, 0x0, 0x0, 0x0, 0x0, 0x0, 0x0, 0x0,
    0x1, 0x8d, 0xff, 0xff, 0xff, 0xff, 0xb4, 0x0,
    0x0, 0x0, 0x0, 0x0, 0x0, 0x8f, 0xff, 0xff,
    0xff, 0xff, 0xff, 0xff, 0xc2, 0x0, 0x0, 0x0,
    0x0, 0x1d, 0xff, 0xff, 0xff, 0xff, 0xff, 0xff,
    0xff, 0xff, 0x40, 0x0, 0x0, 0x1, 0xef, 0xff,
    0xff, 0xff, 0xff, 0xff, 0xff, 0xff, 0xff, 0xf3,
    0x0, 0x0, 0xc, 0xff, 0xff, 0xff, 0xff, 0xfd,
    0xff, 0xff, 0xff, 0xff, 0xfe, 0x10, 0x0, 0x7f,
    0xff, 0xff, 0xff, 0xd4, 0x0, 0x1, 0x7e, 0xff,
    0xff, 0xff, 0x90, 0x1, 0xff, 0xff, 0xff, 0xfb,
    0x0, 0x0, 0x0, 0x1, 0xdf, 0xff, 0xd7, 0x10,
    0x7, 0xff, 0xff, 0xff, 0xd0, 0x0, 0x0, 0x0,
    0x0, 0x2e, 0x93, 0x0, 0x0, 0xc, 0xff, 0xff,
    0xff, 0x40, 0x0, 0x0, 0x0, 0x0, 0x0, 0x0,
    0x0, 0x0, 0x1f, 0xff, 0xff, 0xfd, 0x0, 0x0,
    0x0, 0x0, 0x0, 0x0, 0x0, 0x0, 0x0, 0x4f,
    0xff, 0xff, 0xf8, 0x0, 0x0, 0x0, 0x0, 0x0,
    0x0, 0x0, 0x0, 0x0, 0x7f, 0xff, 0xff, 0xf4,
    0x0, 0x0, 0x0, 0x0, 0x0, 0x0, 0x0, 0x0,
    0x0, 0x8f, 0xff, 0xff, 0xf3, 0x0, 0x0, 0x0,
    0x0, 0x0, 0x0, 0x0, 0x0, 0x0, 0x9f, 0xff,
    0xff, 0xf1, 0x0, 0x0, 0x0, 0x0, 0x0, 0x0,
    0x0, 0x0, 0x0, 0x9f, 0xff, 0xff, 0xf1, 0x0,
    0x0, 0x0, 0x0, 0x0, 0x0, 0x0, 0x0, 0x0,
    0x8f, 0xff, 0xff, 0xf2, 0x0, 0x0, 0x0, 0x0,
    0x0, 0x0, 0x0, 0x0, 0x0, 0x7f, 0xff, 0xff,
    0xf4, 0x0, 0x0, 0x0, 0x0, 0x0, 0x0, 0x0,
    0x0, 0x0, 0x4f, 0xff, 0xff, 0xf7, 0x0, 0x0,
    0x0, 0x0, 0x0, 0x0, 0x0, 0x0, 0x0, 0x1f,
    0xff, 0xff, 0xfc, 0x0, 0x0, 0x0, 0x0, 0x0,
    0x0, 0x0, 0x0, 0x0, 0xd, 0xff, 0xff, 0xff,
    0x30, 0x0, 0x0, 0x0, 0x0, 0x0, 0x0, 0x0,
    0x0, 0x7, 0xff, 0xff, 0xff, 0xc0, 0x0, 0x0,
    0x0, 0x0, 0xc, 0xa3, 0x0, 0x0, 0x1, 0xff,
    0xff, 0xff, 0xfb, 0x0, 0x0, 0x0, 0x0, 0xaf,
    0xff, 0xd7, 0x10, 0x0, 0x8f, 0xff, 0xff, 0xff,
    0xd5, 0x0, 0x1, 0x6d, 0xff, 0xff, 0xff, 0xc0,
    0x0, 0xd, 0xff, 0xff, 0xff, 0xff, 0xfe, 0xef,
    0xff, 0xff, 0xff, 0xff, 0x20, 0x0, 0x2, 0xef,
    0xff, 0xff, 0xff, 0xff, 0xff, 0xff, 0xff, 0xff,
    0xf5, 0x0, 0x0, 0x0, 0x2e, 0xff, 0xff, 0xff,
    0xff, 0xff, 0xff, 0xff, 0xff, 0x40, 0x0, 0x0,
    0x0, 0x1, 0xaf, 0xff, 0xff, 0xff, 0xff, 0xff,
    0xff, 0xc2, 0x0, 0x0, 0x0, 0x0, 0x0, 0x2,
    0x9e, 0xff, 0xff, 0xff, 0xff, 0xb4, 0x0, 0x0,
    0x0, 0x0, 0x0, 0x0, 0x0, 0x0, 0x25, 0x67,
    0x76, 0x30, 0x0, 0x0, 0x0, 0x0,

    /* U+0044 "D" */
    0x3f, 0xff, 0xff, 0xff, 0xff, 0xfe, 0xda, 0x85,
    0x0, 0x0, 0x0, 0x0, 0x0, 0x3f, 0xff, 0xff,
    0xff, 0xff, 0xff, 0xff, 0xff, 0xfa, 0x30, 0x0,
    0x0, 0x0, 0x3f, 0xff, 0xff, 0xff, 0xff, 0xff,
    0xff, 0xff, 0xff, 0xfa, 0x10, 0x0, 0x0, 0x3f,
    0xff, 0xff, 0xff, 0xff, 0xff, 0xff, 0xff, 0xff,
    0xff, 0xe3, 0x0, 0x0, 0x3f, 0xff, 0xff, 0xff,
    0xff, 0xff, 0xff, 0xff, 0xff, 0xff, 0xff, 0x20,
    0x0, 0x3f, 0xff, 0xff, 0xf7, 0x66, 0x68, 0xae,
    0xff, 0xff, 0xff, 0xff, 0xd0, 0x0, 0x3f, 0xff,
    0xff, 0xf1, 0x0, 0x0, 0x0, 0x3b, 0xff, 0xff,
    0xff, 0xf7, 0x0, 0x3f, 0xff, 0xff, 0xf1, 0x0,
    0x0, 0x0, 0x0, 0x8f, 0xff, 0xff, 0xfe, 0x0,
    0x3f, 0xff, 0xff, 0xf1, 0x0, 0x0, 0x0, 0x0,
    0xc, 0xff, 0xff, 0xff, 0x40, 0x3f, 0xff, 0xff,
    0xf1, 0x0, 0x0, 0x0, 0x0, 0x3, 0xff, 0xff,
    0xff, 0x80, 0x3f, 0xff, 0xff, 0xf1, 0x0, 0x0,
    0x0, 0x0, 0x0, 0xef, 0xff, 0xff, 0xc0, 0x3f,
    0xff, 0xff, 0xf1, 0x0, 0x0, 0x0, 0x0, 0x0,
    0xaf, 0xff, 0xff, 0xe0, 0x3f, 0xff, 0xff, 0xf1,
    0x0, 0x0, 0x0, 0x0, 0x0, 0x8f, 0xff, 0xff,
    0xf0, 0x3f, 0xff, 0xff, 0xf1, 0x0, 0x0, 0x0,
    0x0, 0x0, 0x8f, 0xff, 0xff, 0xf0, 0x3f, 0xff,
    0xff, 0xf1, 0x0, 0x0, 0x0, 0x0, 0x0, 0x8f,
    0xff, 0xff, 0xf0, 0x3f, 0xff, 0xff, 0xf1, 0x0,
    0x0, 0x0, 0x0, 0x0, 0x8f, 0xff, 0xff, 0xf0,
    0x3f, 0xff, 0xff, 0xf1, 0x0, 0x0, 0x0, 0x0,
    0x0, 0xaf, 0xff, 0xff, 0xe0, 0x3f, 0xff, 0xff,
    0xf1, 0x0, 0x0, 0x0, 0x0, 0x0, 0xef, 0xff,
    0xff, 0xc0, 0x3f, 0xff, 0xff, 0xf1, 0x0, 0x0,
    0x0, 0x0, 0x3, 0xff, 0xff, 0xff, 0x80, 0x3f,
    0xff, 0xff, 0xf1, 0x0, 0x0, 0x0, 0x0, 0xc,
    0xff, 0xff, 0xff, 0x40, 0x3f, 0xff, 0xff, 0xf1,
    0x0, 0x0, 0x0, 0x0, 0x9f, 0xff, 0xff, 0xfe,
    0x0, 0x3f, 0xff, 0xff, 0xf1, 0x0, 0x0, 0x0,
    0x3c, 0xff, 0xff, 0xff, 0xf7, 0x0, 0x3f, 0xff,
    0xff, 0xf8, 0x77, 0x89, 0xbe, 0xff, 0xff, 0xff,
    0xff, 0xd0, 0x0, 0x3f, 0xff, 0xff, 0xff, 0xff,
    0xff, 0xff, 0xff, 0xff, 0xff, 0xff, 0x20, 0x0,
    0x3f, 0xff, 0xff, 0xff, 0xff, 0xff, 0xff, 0xff,
    0xff, 0xff, 0xe3, 0x0, 0x0, 0x3f, 0xff, 0xff,
    0xff, 0xff, 0xff, 0xff, 0xff, 0xff, 0xfa, 0x10,
    0x0, 0x0, 0x3f, 0xff, 0xff, 0xff, 0xff, 0xff,
    0xff, 0xff, 0xfa, 0x40, 0x0, 0x0, 0x0, 0x3f,
    0xff, 0xff, 0xff, 0xff, 0xfe, 0xdb, 0x85, 0x0,
    0x0, 0x0, 0x0, 0x0,

    /* U+0045 "E" */
    0x3f, 0xff, 0xff, 0xff, 0xff, 0xff, 0xff, 0xff,
    0xff, 0xff, 0xf5, 0x3f, 0xff, 0xff, 0xff, 0xff,
    0xff, 0xff, 0xff, 0xff, 0xff, 0xf5, 0x3f, 0xff,
    0xff, 0xff, 0xff, 0xff, 0xff, 0xff, 0xff, 0xff,
    0xf5, 0x3f, 0xff, 0xff, 0xff, 0xff, 0xff, 0xff,
    0xff, 0xff, 0xff, 0xf5, 0x3f, 0xff, 0xff, 0xff,
    0xff, 0xff, 0xff, 0xff, 0xff, 0xff, 0xf5, 0x3f,
    0xff, 0xff, 0xfb, 0xbb, 0xbb, 0xbb, 0xbb, 0xbb,
    0xbb, 0xb3, 0x3f, 0xff, 0xff, 0xf1, 0x0, 0x0,
    0x0, 0x0, 0x0, 0x0, 0x0, 0x3f, 0xff, 0xff,
    0xf1, 0x0, 0x0, 0x0, 0x0, 0x0, 0x0, 0x0,
    0x3f, 0xff, 0xff, 0xf1, 0x0, 0x0, 0x0, 0x0,
    0x0, 0x0, 0x0, 0x3f, 0xff, 0xff, 0xf1, 0x0,
    0x0, 0x0, 0x0, 0x0, 0x0, 0x0, 0x3f, 0xff,
    0xff, 0xf1, 0x0, 0x0, 0x0, 0x0, 0x0, 0x0,
    0x0, 0x3f, 0xff, 0xff, 0xff, 0xff, 0xff, 0xff,
    0xfc, 0x0, 0x0, 0x0, 0x3f, 0xff, 0xff, 0xff,
    0xff, 0xff, 0xff, 0xfc, 0x0, 0x0, 0x0, 0x3f,
    0xff, 0xff, 0xff, 0xff, 0xff, 0xff, 0xfc, 0x0,
    0x0, 0x0, 0x3f, 0xff, 0xff, 0xff, 0xff, 0xff,
    0xff, 0xfc, 0x0, 0x0, 0x0, 0x3f, 0xff, 0xff,
    0xff, 0xff, 0xff, 0xff, 0xfc, 0x0, 0x0, 0x0,
    0x3f, 0xff, 0xff, 0xfb, 0xbb, 0xbb, 0xbb, 0xb8,
    0x0, 0x0, 0x0, 0x3f, 0xff, 0xff, 0xf1, 0x0,
    0x0, 0x0, 0x0, 0x0, 0x0, 0x0, 0x3f, 0xff,
    0xff, 0xf1, 0x0, 0x0, 0x0, 0x0, 0x0, 0x0,
    0x0, 0x3f, 0xff, 0xff, 0xf1, 0x0, 0x0, 0x0,
    0x0, 0x0, 0x0, 0x0, 0x3f, 0xff, 0xff, 0xf1,
    0x0, 0x0, 0x0, 0x0, 0x0, 0x0, 0x0, 0x3f,
    0xff, 0xff, 0xf1, 0x0, 0x0, 0x0, 0x0, 0x0,
    0x0, 0x0, 0x3f, 0xff, 0xff, 0xfb, 0xbb, 0xbb,
    0xbb, 0xbb, 0xbb, 0xbb, 0xb3, 0x3f, 0xff, 0xff,
    0xff, 0xff, 0xff, 0xff, 0xff, 0xff, 0xff, 0xf5,
    0x3f, 0xff, 0xff, 0xff, 0xff, 0xff, 0xff, 0xff,
    0xff, 0xff, 0xf5, 0x3f, 0xff, 0xff, 0xff, 0xff,
    0xff, 0xff, 0xff, 0xff, 0xff, 0xf5, 0x3f, 0xff,
    0xff, 0xff, 0xff, 0xff, 0xff, 0xff, 0xff, 0xff,
    0xf5, 0x3f, 0xff, 0xff, 0xff, 0xff, 0xff, 0xff,
    0xff, 0xff, 0xff, 0xf5,

    /* U+0046 "F" */
    0x3f, 0xff, 0xff, 0xff, 0xff, 0xff, 0xff, 0xff,
    0xff, 0xfe, 0x3f, 0xff, 0xff, 0xff, 0xff, 0xff,
    0xff, 0xff, 0xff, 0xfe, 0x3f, 0xff, 0xff, 0xff,
    0xff, 0xff, 0xff, 0xff, 0xff, 0xfe, 0x3f, 0xff,
    0xff, 0xff, 0xff, 0xff, 0xff, 0xff, 0xff, 0xfe,
    0x3f, 0xff, 0xff, 0xff, 0xff, 0xff, 0xff, 0xff,
    0xff, 0xfe, 0x3f, 0xff, 0xff, 0xfb, 0xbb, 0xbb,
    0xbb, 0xbb, 0xbb, 0xba, 0x3f, 0xff, 0xff, 0xf1,
    0x0, 0x0, 0x0, 0x0, 0x0, 0x0, 0x3f, 0xff,
    0xff, 0xf1, 0x0, 0x0, 0x0, 0x0, 0x0, 0x0,
    0x3f, 0xff, 0xff, 0xf1, 0x0, 0x0, 0x0, 0x0,
    0x0, 0x0, 0x3f, 0xff, 0xff, 0xf1, 0x0, 0x0,
    0x0, 0x0, 0x0, 0x0, 0x3f, 0xff, 0xff, 0xf1,
    0x0, 0x0, 0x0, 0x0, 0x0, 0x0, 0x3f, 0xff,
    0xff, 0xff, 0xff, 0xff, 0xff, 0xff, 0xff, 0xfe,
    0x3f, 0xff, 0xff, 0xff, 0xff, 0xff, 0xff, 0xff,
    0xff, 0xfe, 0x3f, 0xff, 0xff, 0xff, 0xff, 0xff,
    0xff, 0xff, 0xff, 0xfe, 0x3f, 0xff, 0xff, 0xff,
    0xff, 0xff, 0xff, 0xff, 0xff, 0xfe, 0x3f, 0xff,
    0xff, 0xff, 0xff, 0xff, 0xff, 0xff, 0xff, 0xfe,
    0x3f, 0xff, 0xff, 0xfb, 0xbb, 0xbb, 0xbb, 0xbb,
    0xbb, 0xba, 0x3f, 0xff, 0xff, 0xf1, 0x0, 0x0,
    0x0, 0x0, 0x0, 0x0, 0x3f, 0xff, 0xff, 0xf1,
    0x0, 0x0, 0x0, 0x0, 0x0, 0x0, 0x3f, 0xff,
    0xff, 0xf1, 0x0, 0x0, 0x0, 0x0, 0x0, 0x0,
    0x3f, 0xff, 0xff, 0xf1, 0x0, 0x0, 0x0, 0x0,
    0x0, 0x0, 0x3f, 0xff, 0xff, 0xf1, 0x0, 0x0,
    0x0, 0x0, 0x0, 0x0, 0x3f, 0xff, 0xff, 0xf1,
    0x0, 0x0, 0x0, 0x0, 0x0, 0x0, 0x3f, 0xff,
    0xff, 0xf1, 0x0, 0x0, 0x0, 0x0, 0x0, 0x0,
    0x3f, 0xff, 0xff, 0xf1, 0x0, 0x0, 0x0, 0x0,
    0x0, 0x0, 0x3f, 0xff, 0xff, 0xf1, 0x0, 0x0,
    0x0, 0x0, 0x0, 0x0, 0x3f, 0xff, 0xff, 0xf1,
    0x0, 0x0, 0x0, 0x0, 0x0, 0x0, 0x3f, 0xff,
    0xff, 0xf1, 0x0, 0x0, 0x0, 0x0, 0x0, 0x0,

    /* U+0047 "G" */
    0x0, 0x0, 0x0, 0x0, 0x0, 0x14, 0x67, 0x76,
    0x41, 0x0, 0x0, 0x0, 0x0, 0x0, 0x0, 0x0,
    0x0, 0x17, 0xdf, 0xff, 0xff, 0xff, 0xfc, 0x60,
    0x0, 0x0, 0x0, 0x0, 0x0, 0x0, 0x7f, 0xff,
    0xff, 0xff, 0xff, 0xff, 0xff, 0xe5, 0x0, 0x0,
    0x0, 0x0, 0x1, 0xcf, 0xff, 0xff, 0xff, 0xff,
    0xff, 0xff, 0xff, 0xf8, 0x0, 0x0, 0x0, 0x1,
    0xdf, 0xff, 0xff, 0xff, 0xff, 0xff, 0xff, 0xff,
    0xff, 0xf8, 0x0, 0x0, 0x0, 0xbf, 0xff, 0xff,
    0xff, 0xff, 0xde, 0xff, 0xff, 0xff, 0xff, 0xf4,
    0x0, 0x0, 0x6f, 0xff, 0xff, 0xff, 0xd5, 0x0,
    0x0, 0x5d, 0xff, 0xff, 0xfc, 0x40, 0x0, 0xe,
    0xff, 0xff, 0xff, 0xb0, 0x0, 0x0, 0x0, 0xa,
    0xff, 0xb4, 0x0, 0x0, 0x6, 0xff, 0xff, 0xff,
    0xd0, 0x0, 0x0, 0x0, 0x0, 0x9, 0x30, 0x0,
    0x0, 0x0, 0xcf, 0xff, 0xff, 0xf3, 0x0, 0x0,
    0x0, 0x0, 0x0, 0x0, 0x0, 0x0, 0x0, 0x1f,
    0xff, 0xff, 0xfd, 0x0, 0x0, 0x0, 0x0, 0x0,
    0x0, 0x0, 0x0, 0x0, 0x4, 0xff, 0xff, 0xff,
    0x80, 0x0, 0x0, 0x0, 0x0, 0x0, 0x0, 0x0,
    0x0, 0x0, 0x7f, 0xff, 0xff, 0xf4, 0x0, 0x0,
    0x0, 0x0, 0x0, 0x0, 0x0, 0x0, 0x0, 0x8,
    0xff, 0xff, 0xff, 0x30, 0x0, 0x0, 0x4, 0x44,
    0x44, 0x44, 0x44, 0x44, 0x41, 0x9f, 0xff, 0xff,
    0xf1, 0x0, 0x0, 0x0, 0xff, 0xff, 0xff, 0xff,
    0xff, 0xff, 0x59, 0xff, 0xff, 0xff, 0x10, 0x0,
    0x0, 0xf, 0xff, 0xff, 0xff, 0xff, 0xff, 0xf5,
    0x8f, 0xff, 0xff, 0xf2, 0x0, 0x0, 0x0, 0xff,
    0xff, 0xff, 0xff, 0xff, 0xff, 0x56, 0xff, 0xff,
    0xff, 0x40, 0x0, 0x0, 0xf, 0xff, 0xff, 0xff,
    0xff, 0xff, 0xf5, 0x4f, 0xff, 0xff, 0xf7, 0x0,
    0x0, 0x0, 0xff, 0xff, 0xff, 0xff, 0xff, 0xff,
    0x51, 0xff, 0xff, 0xff, 0xc0, 0x0, 0x0, 0x0,
    0x0, 0x0, 0xf, 0xff, 0xff, 0xf5, 0xd, 0xff,
    0xff, 0xff, 0x30, 0x0, 0x0, 0x0, 0x0, 0x1,
    0xff, 0xff, 0xff, 0x50, 0x8f, 0xff, 0xff, 0xfd,
    0x0, 0x0, 0x0, 0x0, 0x0, 0x6f, 0xff, 0xff,
    0xf5, 0x2, 0xff, 0xff, 0xff, 0xfb, 0x0, 0x0,
    0x0, 0x0, 0x2e, 0xff, 0xff, 0xff, 0x50, 0x9,
    0xff, 0xff, 0xff, 0xfd, 0x50, 0x0, 0x2, 0x8f,
    0xff, 0xff, 0xff, 0xf5, 0x0, 0x1e, 0xff, 0xff,
    0xff, 0xff, 0xfe, 0xef, 0xff, 0xff, 0xff, 0xff,
    0xff, 0x50, 0x0, 0x3f, 0xff, 0xff, 0xff, 0xff,
    0xff, 0xff, 0xff, 0xff, 0xff, 0xff, 0xf5, 0x0,
    0x0, 0x4f, 0xff, 0xff, 0xff, 0xff, 0xff, 0xff,
    0xff, 0xb9, 0xff, 0xff, 0x50, 0x0, 0x0, 0x2c,
    0xff, 0xff, 0xff, 0xff, 0xff, 0xff, 0xa0, 0x4f,
    0xff, 0xf5, 0x0, 0x0, 0x0, 0x5, 0xbf, 0xff,
    0xff, 0xff, 0xfb, 0x40, 0x0, 0xff, 0xff, 0x50,
    0x0, 0x0, 0x0, 0x0, 0x14, 0x67, 0x76, 0x41,
    0x0, 0x0, 0x0, 0x0, 0x0,

    /* U+0048 "H" */
    0x3f, 0xff, 0xff, 0xf1, 0x0, 0x0, 0x0, 0x0,
    0x0, 0xef, 0xff, 0xff, 0x63, 0xff, 0xff, 0xff,
    0x10, 0x0, 0x0, 0x0, 0x0, 0xe, 0xff, 0xff,
    0xf6, 0x3f, 0xff, 0xff, 0xf1, 0x0, 0x0, 0x0,
    0x0, 0x0, 0xef, 0xff, 0xff, 0x63, 0xff, 0xff,
    0xff, 0x10, 0x0, 0x0, 0x0, 0x0, 0xe, 0xff,
    0xff, 0xf6, 0x3f, 0xff, 0xff, 0xf1, 0x0, 0x0,
    0x0, 0x0, 0x0, 0xef, 0xff, 0xff, 0x63, 0xff,
    0xff, 0xff, 0x10, 0x0, 0x0, 0x0, 0x0, 0xe,
    0xff, 0xff, 0xf6, 0x3f, 0xff, 0xff, 0xf1, 0x0,
    0x0, 0x0, 0x0, 0x0, 0xef, 0xff, 0xff, 0x63,
    0xff, 0xff, 0xff, 0x10, 0x0, 0x0, 0x0, 0x0,
    0xe, 0xff, 0xff, 0xf6, 0x3f, 0xff, 0xff, 0xf1,
    0x0, 0x0, 0x0, 0x0, 0x0, 0xef, 0xff, 0xff,
    0x63, 0xff, 0xff, 0xff, 0x10, 0x0, 0x0, 0x0,
    0x0, 0xe, 0xff, 0xff, 0xf6, 0x3f, 0xff, 0xff,
    0xf1, 0x0, 0x0, 0x0, 0x0, 0x0, 0xef, 0xff,
    0xff, 0x63, 0xff, 0xff, 0xff, 0xff, 0xff, 0xff,
    0xff, 0xff, 0xff, 0xff, 0xff, 0xf6, 0x3f, 0xff,
    0xff, 0xff, 0xff, 0xff, 0xff, 0xff, 0xff, 0xff,
    0xff, 0xff, 0x63, 0xff, 0xff, 0xff, 0xff, 0xff,
    0xff, 0xff, 0xff, 0xff, 0xff, 0xff, 0xf6, 0x3f,
    0xff, 0xff, 0xff, 0xff, 0xff, 0xff, 0xff, 0xff,
    0xff, 0xff, 0xff, 0x63, 0xff, 0xff, 0xff, 0xff,
    0xff, 0xff, 0xff, 0xff, 0xff, 0xff, 0xff, 0xf6,
    0x3f, 0xff, 0xff, 0xfb, 0xbb, 0xbb, 0xbb, 0xbb,
    0xbb, 0xff, 0xff, 0xff, 0x63, 0xff, 0xff, 0xff,
    0x10, 0x0, 0x0, 0x0, 0x0, 0xe, 0xff, 0xff,
    0xf6, 0x3f, 0xff, 0xff, 0xf1, 0x0, 0x0, 0x0,
    0x0, 0x0, 0xef, 0xff, 0xff, 0x63, 0xff, 0xff,
    0xff, 0x10, 0x0, 0x0, 0x0, 0x0, 0xe, 0xff,
    0xff, 0xf6, 0x3f, 0xff, 0xff, 0xf1, 0x0, 0x0,
    0x0, 0x0, 0x0, 0xef, 0xff, 0xff, 0x63, 0xff,
    0xff, 0xff, 0x10, 0x0, 0x0, 0x0, 0x0, 0xe,
    0xff, 0xff, 0xf6, 0x3f, 0xff, 0xff, 0xf1, 0x0,
    0x0, 0x0, 0x0, 0x0, 0xef, 0xff, 0xff, 0x63,
    0xff, 0xff, 0xff, 0x10, 0x0, 0x0, 0x0, 0x0,
    0xe, 0xff, 0xff, 0xf6, 0x3f, 0xff, 0xff, 0xf1,
    0x0, 0x0, 0x0, 0x0, 0x0, 0xef, 0xff, 0xff,
    0x63, 0xff, 0xff, 0xff, 0x10, 0x0, 0x0, 0x0,
    0x0, 0xe, 0xff, 0xff, 0xf6, 0x3f, 0xff, 0xff,
    0xf1, 0x0, 0x0, 0x0, 0x0, 0x0, 0xef, 0xff,
    0xff, 0x63, 0xff, 0xff, 0xff, 0x10, 0x0, 0x0,
    0x0, 0x0, 0xe, 0xff, 0xff, 0xf6,

    /* U+0049 "I" */
    0xbf, 0xff, 0xff, 0xff, 0xff, 0xff, 0xff, 0xb,
    0xff, 0xff, 0xff, 0xff, 0xff, 0xff, 0xf0, 0xbf,
    0xff, 0xff, 0xff, 0xff, 0xff, 0xff, 0xb, 0xff,
    0xff, 0xff, 0xff, 0xff, 0xff, 0xf0, 0xbf, 0xff,
    0xff, 0xff, 0xff, 0xff, 0xff, 0x1, 0x11, 0x1f,
    0xff, 0xff, 0xf6, 0x11, 0x10, 0x0, 0x0, 0xff,
    0xff, 0xff, 0x50, 0x0, 0x0, 0x0, 0xf, 0xff,
    0xff, 0xf5, 0x0, 0x0, 0x0, 0x0, 0xff, 0xff,
    0xff, 0x50, 0x0, 0x0, 0x0, 0xf, 0xff, 0xff,
    0xf5, 0x0, 0x0, 0x0, 0x0, 0xff, 0xff, 0xff,
    0x50, 0x0, 0x0, 0x0, 0xf, 0xff, 0xff, 0xf5,
    0x0, 0x0, 0x0, 0x0, 0xff, 0xff, 0xff, 0x50,
    0x0, 0x0, 0x0, 0xf, 0xff, 0xff, 0xf5, 0x0,
    0x0, 0x0, 0x0, 0xff, 0xff, 0xff, 0x50, 0x0,
    0x0, 0x0, 0xf, 0xff, 0xff, 0xf5, 0x0, 0x0,
    0x0, 0x0, 0xff, 0xff, 0xff, 0x50, 0x0, 0x0,
    0x0, 0xf, 0xff, 0xff, 0xf5, 0x0, 0x0, 0x0,
    0x0, 0xff, 0xff, 0xff, 0x50, 0x0, 0x0, 0x0,
    0xf, 0xff, 0xff, 0xf5, 0x0, 0x0, 0x0, 0x0,
    0xff, 0xff, 0xff, 0x50, 0x0, 0x0, 0x0, 0xf,
    0xff, 0xff, 0xf5, 0x0, 0x0, 0x11, 0x11, 0xff,
    0xff, 0xff, 0x61, 0x11, 0xb, 0xff, 0xff, 0xff,
    0xff, 0xff, 0xff, 0xf0, 0xbf, 0xff, 0xff, 0xff,
    0xff, 0xff, 0xff, 0xb, 0xff, 0xff, 0xff, 0xff,
    0xff, 0xff, 0xf0, 0xbf, 0xff, 0xff, 0xff, 0xff,
    0xff, 0xff, 0xb, 0xff, 0xff, 0xff, 0xff, 0xff,
    0xff, 0xf0,

    /* U+004A "J" */
    0x0, 0x0, 0x0, 0x0, 0x0, 0x0, 0x0, 0xbf,
    0xff, 0xff, 0xa0, 0x0, 0x0, 0x0, 0x0, 0x0,
    0x0, 0xb, 0xff, 0xff, 0xfa, 0x0, 0x0, 0x0,
    0x0, 0x0, 0x0, 0x0, 0xbf, 0xff, 0xff, 0xa0,
    0x0, 0x0, 0x0, 0x0, 0x0, 0x0, 0xb, 0xff,
    0xff, 0xfa, 0x0, 0x0, 0x0, 0x0, 0x0, 0x0,
    0x0, 0xbf, 0xff, 0xff, 0xa0, 0x0, 0x0, 0x0,
    0x0, 0x0, 0x0, 0xb, 0xff, 0xff, 0xfa, 0x0,
    0x0, 0x0, 0x0, 0x0, 0x0, 0x0, 0xbf, 0xff,
    0xff, 0xa0, 0x0, 0x0, 0x0, 0x0, 0x0, 0x0,
    0xb, 0xff, 0xff, 0xfa, 0x0, 0x0, 0x0, 0x0,
    0x0, 0x0, 0x0, 0xbf, 0xff, 0xff, 0xa0, 0x0,
    0x0, 0x0, 0x0, 0x0, 0x0, 0xb, 0xff, 0xff,
    0xfa, 0x0, 0x0, 0x0, 0x0, 0x0, 0x0, 0x0,
    0xbf, 0xff, 0xff, 0xa0, 0x0, 0x0, 0x0, 0x0,
    0x0, 0x0, 0xb, 0xff, 0xff, 0xfa, 0x0, 0x0,
    0x0, 0x0, 0x0, 0x0, 0x0, 0xbf, 0xff, 0xff,
    0xa0, 0x0, 0x0, 0x0, 0x0, 0x0, 0x0, 0xb,
    0xff, 0xff, 0xfa, 0x0, 0x0, 0x0, 0x0, 0x0,
    0x0, 0x0, 0xbf, 0xff, 0xff, 0xa0, 0x0, 0x0,
    0x0, 0x0, 0x0, 0x0, 0xb, 0xff, 0xff, 0xfa,
    0x0, 0x0, 0x0, 0x0, 0x0, 0x0, 0x0, 0xbf,
    0xff, 0xff, 0xa0, 0x0, 0x0, 0x0, 0x0, 0x0,
    0x0, 0xb, 0xff, 0xff, 0xf9, 0x0, 0x0, 0x4,
    0x0, 0x0, 0x0, 0x0, 0xbf, 0xff, 0xff, 0x80,
    0x2, 0x8e, 0xf4, 0x0, 0x0, 0x0, 0xd, 0xff,
    0xff, 0xf7, 0x5c, 0xff, 0xff, 0x90, 0x0, 0x0,
    0x1, 0xff, 0xff, 0xff, 0x48, 0xff, 0xff, 0xff,
    0x20, 0x0, 0x0, 0x7f, 0xff, 0xff, 0xf1, 0x3f,
    0xff, 0xff, 0xfd, 0x20, 0x0, 0x5f, 0xff, 0xff,
    0xfb, 0x0, 0xbf, 0xff, 0xff, 0xff, 0xca, 0xdf,
    0xff, 0xff, 0xff, 0x40, 0x2, 0xff, 0xff, 0xff,
    0xff, 0xff, 0xff, 0xff, 0xff, 0xa0, 0x0, 0x5,
    0xff, 0xff, 0xff, 0xff, 0xff, 0xff, 0xff, 0xd1,
    0x0, 0x0, 0x5, 0xff, 0xff, 0xff, 0xff, 0xff,
    0xff, 0xc1, 0x0, 0x0, 0x0, 0x1, 0x9f, 0xff,
    0xff, 0xff, 0xfc, 0x50, 0x0, 0x0, 0x0, 0x0,
    0x0, 0x3, 0x67, 0x76, 0x41, 0x0, 0x0, 0x0,
    0x0,

    /* U+004B "K" */
    0x3f, 0xff, 0xff, 0xf1, 0x0, 0x0, 0x0, 0x0,
    0xbf, 0xff, 0xff, 0xfe, 0x13, 0xff, 0xff, 0xff,
    0x10, 0x0, 0x0, 0x0, 0x9f, 0xff, 0xff, 0xff,
    0x20, 0x3f, 0xff, 0xff, 0xf1, 0x0, 0x0, 0x0,
    0x7f, 0xff, 0xff, 0xff, 0x40, 0x3, 0xff, 0xff,
    0xff, 0x10, 0x0, 0x0, 0x5f, 0xff, 0xff, 0xff,
    0x50, 0x0, 0x3f, 0xff, 0xff, 0xf1, 0x0, 0x0,
    0x3f, 0xff, 0xff, 0xff, 0x70, 0x0, 0x3, 0xff,
    0xff, 0xff, 0x10, 0x0, 0x2e, 0xff, 0xff, 0xff,
    0x90, 0x0, 0x0, 0x3f, 0xff, 0xff, 0xf1, 0x0,
    0x1d, 0xff, 0xff, 0xff, 0xb0, 0x0, 0x0, 0x3,
    0xff, 0xff, 0xff, 0x10, 0xc, 0xff, 0xff, 0xff,
    0xc0, 0x0, 0x0, 0x0, 0x3f, 0xff, 0xff, 0xf1,
    0xa, 0xff, 0xff, 0xff, 0xd1, 0x0, 0x0, 0x0,
    0x3, 0xff, 0xff, 0xff, 0x18, 0xff, 0xff, 0xff,
    0xe2, 0x0, 0x0, 0x0, 0x0, 0x3f, 0xff, 0xff,
    0xf7, 0xff, 0xff, 0xff, 0xf3, 0x0, 0x0, 0x0,
    0x0, 0x3, 0xff, 0xff, 0xff, 0xff, 0xff, 0xff,
    0xf5, 0x0, 0x0, 0x0, 0x0, 0x0, 0x3f, 0xff,
    0xff, 0xff, 0xff, 0xff, 0xff, 0x30, 0x0, 0x0,
    0x0, 0x0, 0x3, 0xff, 0xff, 0xff, 0xff, 0xff,
    0xff, 0xfd, 0x0, 0x0, 0x0, 0x0, 0x0, 0x3f,
    0xff, 0xff, 0xff, 0xff, 0xff, 0xff, 0xf9, 0x0,
    0x0, 0x0, 0x0, 0x3, 0xff, 0xff, 0xff, 0xff,
    0xff, 0xff, 0xff, 0xf4, 0x0, 0x0, 0x0, 0x0,
    0x3f, 0xff, 0xff, 0xff, 0xfe, 0xff, 0xff, 0xff,
    0xe1, 0x0, 0x0, 0x0, 0x3, 0xff, 0xff, 0xff,
    0xfe, 0x19, 0xff, 0xff, 0xff, 0xb0, 0x0, 0x0,
    0x0, 0x3f, 0xff, 0xff, 0xff, 0x30, 0xd, 0xff,
    0xff, 0xff, 0x60, 0x0, 0x0, 0x3, 0xff, 0xff,
    0xff, 0x50, 0x0, 0x3f, 0xff, 0xff, 0xff, 0x20,
    0x0, 0x0, 0x3f, 0xff, 0xff, 0xf1, 0x0, 0x0,
    0x8f, 0xff, 0xff, 0xfc, 0x0, 0x0, 0x3, 0xff,
    0xff, 0xff, 0x10, 0x0, 0x0, 0xcf, 0xff, 0xff,
    0xf7, 0x0, 0x0, 0x3f, 0xff, 0xff, 0xf1, 0x0,
    0x0, 0x2, 0xff, 0xff, 0xff, 0xf2, 0x0, 0x3,
    0xff, 0xff, 0xff, 0x10, 0x0, 0x0, 0x7, 0xff,
    0xff, 0xff, 0xd0, 0x0, 0x3f, 0xff, 0xff, 0xf1,
    0x0, 0x0, 0x0, 0xc, 0xff, 0xff, 0xff, 0x80,
    0x3, 0xff, 0xff, 0xff, 0x10, 0x0, 0x0, 0x0,
    0x2f, 0xff, 0xff, 0xff, 0x30, 0x3f, 0xff, 0xff,
    0xf1, 0x0, 0x0, 0x0, 0x0, 0x6f, 0xff, 0xff,
    0xfd, 0x3, 0xff, 0xff, 0xff, 0x10, 0x0, 0x0,
    0x0, 0x0, 0xbf, 0xff, 0xff, 0xf9,

    /* U+004C "L" */
    0x3f, 0xff, 0xff, 0xf1, 0x0, 0x0, 0x0, 0x0,
    0x0, 0x0, 0x3f, 0xff, 0xff, 0xf1, 0x0, 0x0,
    0x0, 0x0, 0x0, 0x0, 0x3f, 0xff, 0xff, 0xf1,
    0x0, 0x0, 0x0, 0x0, 0x0, 0x0, 0x3f, 0xff,
    0xff, 0xf1, 0x0, 0x0, 0x0, 0x0, 0x0, 0x0,
    0x3f, 0xff, 0xff, 0xf1, 0x0, 0x0, 0x0, 0x0,
    0x0, 0x0, 0x3f, 0xff, 0xff, 0xf1, 0x0, 0x0,
    0x0, 0x0, 0x0, 0x0, 0x3f, 0xff, 0xff, 0xf1,
    0x0, 0x0, 0x0, 0x0, 0x0, 0x0, 0x3f, 0xff,
    0xff, 0xf1, 0x0, 0x0, 0x0, 0x0, 0x0, 0x0,
    0x3f, 0xff, 0xff, 0xf1, 0x0, 0x0, 0x0, 0x0,
    0x0, 0x0, 0x3f, 0xff, 0xff, 0xf1, 0x0, 0x0,
    0x0, 0x0, 0x0, 0x0, 0x3f, 0xff, 0xff, 0xf1,
    0x0, 0x0, 0x0, 0x0, 0x0, 0x0, 0x3f, 0xff,
    0xff, 0xf1, 0x0, 0x0, 0x0, 0x0, 0x0, 0x0,
    0x3f, 0xff, 0xff, 0xf1, 0x0, 0x0, 0x0, 0x0,
    0x0, 0x0, 0x3f, 0xff, 0xff, 0xf1, 0x0, 0x0,
    0x0, 0x0, 0x0, 0x0, 0x3f, 0xff, 0xff, 0xf1,
    0x0, 0x0, 0x0, 0x0, 0x0, 0x0, 0x3f, 0xff,
    0xff, 0xf1, 0x0, 0x0, 0x0, 0x0, 0x0, 0x0,
    0x3f, 0xff, 0xff, 0xf1, 0x0, 0x0, 0x0, 0x0,
    0x0, 0x0, 0x3f, 0xff, 0xff, 0xf1, 0x0, 0x0,
    0x0, 0x0, 0x0, 0x0, 0x3f, 0xff, 0xff, 0xf1,
    0x0, 0x0, 0x0, 0x0, 0x0, 0x0, 0x3f, 0xff,
    0xff, 0xf1, 0x0, 0x0, 0x0, 0x0, 0x0, 0x0,
    0x3f, 0xff, 0xff, 0xf1, 0x0, 0x0, 0x0, 0x0,
    0x0, 0x0, 0x3f, 0xff, 0xff, 0xf1, 0x0, 0x0,
    0x0, 0x0, 0x0, 0x0, 0x3f, 0xff, 0xff, 0xfb,
    0xbb, 0xbb, 0xbb, 0xbb, 0xbb, 0xba, 0x3f, 0xff,
    0xff, 0xff, 0xff, 0xff, 0xff, 0xff, 0xff, 0xfe,
    0x3f, 0xff, 0xff, 0xff, 0xff, 0xff, 0xff, 0xff,
    0xff, 0xfe, 0x3f, 0xff, 0xff, 0xff, 0xff, 0xff,
    0xff, 0xff, 0xff, 0xfe, 0x3f, 0xff, 0xff, 0xff,
    0xff, 0xff, 0xff, 0xff, 0xff, 0xfe, 0x3f, 0xff,
    0xff, 0xff, 0xff, 0xff, 0xff, 0xff, 0xff, 0xfe,

    /* U+004D "M" */
    0x3f, 0xff, 0xff, 0xff, 0xff, 0x50, 0x0, 0x0,
    0x0, 0x0, 0xb, 0xff, 0xff, 0xff, 0xff, 0xe3,
    0xff, 0xff, 0xff, 0xff, 0xfa, 0x0, 0x0, 0x0,
    0x0, 0x0, 0xff, 0xff, 0xff, 0xff, 0xfe, 0x3f,
    0xff, 0xff, 0xff, 0xff, 0xe0, 0x0, 0x0, 0x0,
    0x0, 0x4f, 0xff, 0xff, 0xff, 0xff, 0xe3, 0xff,
    0xff, 0xff, 0xff, 0xff, 0x30, 0x0, 0x0, 0x0,
    0x8, 0xff, 0xff, 0xff, 0xff, 0xfe, 0x3f, 0xff,
    0xff, 0xff, 0xff, 0xf7, 0x0, 0x0, 0x0, 0x0,
    0xdf, 0xff, 0xff, 0xff, 0xff, 0xe3, 0xff, 0xff,
    0xff, 0xff, 0xff, 0xc0, 0x0, 0x0, 0x0, 0x1f,
    0xff, 0xff, 0xff, 0xff, 0xfe, 0x3f, 0xff, 0xff,
    0xef, 0xff, 0xff, 0x0, 0x0, 0x0, 0x6, 0xff,
    0xff, 0xdf, 0xff, 0xff, 0xe3, 0xff, 0xff, 0xfe,
    0xbf, 0xff, 0xf4, 0x0, 0x0, 0x0, 0xaf, 0xff,
    0xf9, 0xff, 0xff, 0xfe, 0x3f, 0xff, 0xff, 0xe6,
    0xff, 0xff, 0x90, 0x0, 0x0, 0xe, 0xff, 0xff,
    0x4f, 0xff, 0xff, 0xe3, 0xff, 0xff, 0xfe, 0x1f,
    0xff, 0xfd, 0x0, 0x0, 0x3, 0xff, 0xff, 0xc3,
    0xff, 0xff, 0xfe, 0x3f, 0xff, 0xff, 0xe0, 0xdf,
    0xff, 0xf2, 0x0, 0x0, 0x8f, 0xff, 0xf7, 0x3f,
    0xff, 0xff, 0xe3, 0xff, 0xff, 0xfe, 0x8, 0xff,
    0xff, 0x60, 0x0, 0xc, 0xff, 0xff, 0x23, 0xff,
    0xff, 0xfe, 0x3f, 0xff, 0xff, 0xe0, 0x4f, 0xff,
    0xfb, 0x0, 0x1, 0xff, 0xff, 0xe0, 0x3f, 0xff,
    0xff, 0xe3, 0xff, 0xff, 0xfe, 0x0, 0xff, 0xff,
    0xf0, 0x0, 0x5f, 0xff, 0xf9, 0x3, 0xff, 0xff,
    0xfe, 0x3f, 0xff, 0xff, 0xe0, 0xa, 0xff, 0xff,
    0x30, 0xa, 0xff, 0xff, 0x40, 0x3f, 0xff, 0xff,
    0xe3, 0xff, 0xff, 0xfe, 0x0, 0x6f, 0xff, 0xf8,
    0x0, 0xef, 0xff, 0xf0, 0x3, 0xff, 0xff, 0xfe,
    0x3f, 0xff, 0xff, 0xe0, 0x1, 0xff, 0xff, 0xc0,
    0x3f, 0xff, 0xfb, 0x0, 0x3f, 0xff, 0xff, 0xe3,
    0xff, 0xff, 0xfe, 0x0, 0xd, 0xff, 0xff, 0x17,
    0xff, 0xff, 0x70, 0x3, 0xff, 0xff, 0xfe, 0x3f,
    0xff, 0xff, 0xe0, 0x0, 0x8f, 0xff, 0xf5, 0xcf,
    0xff, 0xf2, 0x0, 0x3f, 0xff, 0xff, 0xe3, 0xff,
    0xff, 0xfe, 0x0, 0x3, 0xff, 0xff, 0xbf, 0xff,
    0xfd, 0x0, 0x3, 0xff, 0xff, 0xfe, 0x3f, 0xff,
    0xff, 0xe0, 0x0, 0xf, 0xff, 0xff, 0xff, 0xff,
    0x90, 0x0, 0x3f, 0xff, 0xff, 0xe3, 0xff, 0xff,
    0xfe, 0x0, 0x0, 0xaf, 0xff, 0xff, 0xff, 0xf4,
    0x0, 0x3, 0xff, 0xff, 0xfe, 0x3f, 0xff, 0xff,
    0xe0, 0x0, 0x6, 0xff, 0xff, 0xff, 0xff, 0x0,
    0x0, 0x3f, 0xff, 0xff, 0xe3, 0xff, 0xff, 0xfe,
    0x0, 0x0, 0x1f, 0xff, 0xff, 0xff, 0xb0, 0x0,
    0x3, 0xff, 0xff, 0xfe, 0x3f, 0xff, 0xff, 0xe0,
    0x0, 0x0, 0xcf, 0xff, 0xff, 0xf6, 0x0, 0x0,
    0x3f, 0xff, 0xff, 0xe3, 0xff, 0xff, 0xfe, 0x0,
    0x0, 0x8, 0xff, 0xff, 0xff, 0x20, 0x0, 0x3,
    0xff, 0xff, 0xfe, 0x3f, 0xff, 0xff, 0xe0, 0x0,
    0x0, 0x3f, 0xff, 0xff, 0xd0, 0x0, 0x0, 0x3f,
    0xff, 0xff, 0xe3, 0xff, 0xff, 0xfe, 0x0, 0x0,
    0x0, 0xef, 0xff, 0xf8, 0x0, 0x0, 0x3, 0xff,
    0xff, 0xfe,

    /* U+004E "N" */
    0x3f, 0xff, 0xff, 0xff, 0xf1, 0x0, 0x0, 0x0,
    0x0, 0xe, 0xff, 0xff, 0xf3, 0x3f, 0xff, 0xff,
    0xff, 0xf9, 0x0, 0x0, 0x0, 0x0, 0xe, 0xff,
    0xff, 0xf3, 0x3f, 0xff, 0xff, 0xff, 0xff, 0x10,
    0x0, 0x0, 0x0, 0xe, 0xff, 0xff, 0xf3, 0x3f,
    0xff, 0xff, 0xff, 0xff, 0x90, 0x0, 0x0, 0x0,
    0xe, 0xff, 0xff, 0xf3, 0x3f, 0xff, 0xff, 0xff,
    0xff, 0xf2, 0x0, 0x0, 0x0, 0xe, 0xff, 0xff,
    0xf3, 0x3f, 0xff, 0xff, 0xff, 0xff, 0xfa, 0x0,
    0x0, 0x0, 0xe, 0xff, 0xff, 0xf3, 0x3f, 0xff,
    0xff, 0xff, 0xff, 0xff, 0x20, 0x0, 0x0, 0xe,
    0xff, 0xff, 0xf3, 0x3f, 0xff, 0xff, 0xff, 0xff,
    0xff, 0xa0, 0x0, 0x0, 0xe, 0xff, 0xff, 0xf3,
    0x3f, 0xff, 0xff, 0xde, 0xff, 0xff, 0xf3, 0x0,
    0x0, 0xe, 0xff, 0xff, 0xf3, 0x3f, 0xff, 0xff,
    0xd6, 0xff, 0xff, 0xfb, 0x0, 0x0, 0xe, 0xff,
    0xff, 0xf3, 0x3f, 0xff, 0xff, 0xd0, 0xdf, 0xff,
    0xff, 0x30, 0x0, 0xe, 0xff, 0xff, 0xf3, 0x3f,
    0xff, 0xff, 0xd0, 0x5f, 0xff, 0xff, 0xb0, 0x0,
    0xe, 0xff, 0xff, 0xf3, 0x3f, 0xff, 0xff, 0xd0,
    0xd, 0xff, 0xff, 0xf4, 0x0, 0xe, 0xff, 0xff,
    0xf3, 0x3f, 0xff, 0xff, 0xd0, 0x5, 0xff, 0xff,
    0xfc, 0x0, 0xe, 0xff, 0xff, 0xf3, 0x3f, 0xff,
    0xff, 0xd0, 0x0, 0xdf, 0xff, 0xff, 0x40, 0xe,
    0xff, 0xff, 0xf3, 0x3f, 0xff, 0xff, 0xd0, 0x0,
    0x4f, 0xff, 0xff, 0xc0, 0xe, 0xff, 0xff, 0xf3,
    0x3f, 0xff, 0xff, 0xd0, 0x0, 0xc, 0xff, 0xff,
    0xf5, 0xe, 0xff, 0xff, 0xf3, 0x3f, 0xff, 0xff,
    0xd0, 0x0, 0x4, 0xff, 0xff, 0xfd, 0xe, 0xff,
    0xff, 0xf3, 0x3f, 0xff, 0xff, 0xd0, 0x0, 0x0,
    0xcf, 0xff, 0xff, 0x5e, 0xff, 0xff, 0xf3, 0x3f,
    0xff, 0xff, 0xd0, 0x0, 0x0, 0x3f, 0xff, 0xff,
    0xde, 0xff, 0xff, 0xf3, 0x3f, 0xff, 0xff, 0xd0,
    0x0, 0x0, 0xb, 0xff, 0xff, 0xff, 0xff, 0xff,
    0xf3, 0x3f, 0xff, 0xff, 0xd0, 0x0, 0x0, 0x3,
    0xff, 0xff, 0xff, 0xff, 0xff, 0xf3, 0x3f, 0xff,
    0xff, 0xd0, 0x0, 0x0, 0x0, 0xbf, 0xff, 0xff,
    0xff, 0xff, 0xf3, 0x3f, 0xff, 0xff, 0xd0, 0x0,
    0x0, 0x0, 0x2f, 0xff, 0xff, 0xff, 0xff, 0xf3,
    0x3f, 0xff, 0xff, 0xd0, 0x0, 0x0, 0x0, 0xa,
    0xff, 0xff, 0xff, 0xff, 0xf3, 0x3f, 0xff, 0xff,
    0xd0, 0x0, 0x0, 0x0, 0x2, 0xff, 0xff, 0xff,
    0xff, 0xf3, 0x3f, 0xff, 0xff, 0xd0, 0x0, 0x0,
    0x0, 0x0, 0x9f, 0xff, 0xff, 0xff, 0xf3, 0x3f,
    0xff, 0xff, 0xd0, 0x0, 0x0, 0x0, 0x0, 0x2f,
    0xff, 0xff, 0xff, 0xf3,

    /* U+004F "O" */
    0x0, 0x0, 0x0, 0x0, 0x0, 0x14, 0x67, 0x76,
    0x52, 0x0, 0x0, 0x0, 0x0, 0x0, 0x0, 0x0,
    0x0, 0x0, 0x6, 0xcf, 0xff, 0xff, 0xff, 0xfe,
    0x92, 0x0, 0x0, 0x0, 0x0, 0x0, 0x0, 0x0,
    0x5e, 0xff, 0xff, 0xff, 0xff, 0xff, 0xff, 0xfa,
    0x10, 0x0, 0x0, 0x0, 0x0, 0x0, 0xaf, 0xff,
    0xff, 0xff, 0xff, 0xff, 0xff, 0xff, 0xfe, 0x30,
    0x0, 0x0, 0x0, 0x0, 0xbf, 0xff, 0xff, 0xff,
    0xff, 0xff, 0xff, 0xff, 0xff, 0xff, 0x40, 0x0,
    0x0, 0x0, 0x9f, 0xff, 0xff, 0xff, 0xff, 0xed,
    0xff, 0xff, 0xff, 0xff, 0xff, 0x20, 0x0, 0x0,
    0x4f, 0xff, 0xff, 0xff, 0xe7, 0x10, 0x0, 0x3b,
    0xff, 0xff, 0xff, 0xfc, 0x0, 0x0, 0xd, 0xff,
    0xff, 0xff, 0xd2, 0x0, 0x0, 0x0, 0x7, 0xff,
    0xff, 0xff, 0xf6, 0x0, 0x5, 0xff, 0xff, 0xff,
    0xe1, 0x0, 0x0, 0x0, 0x0, 0x7, 0xff, 0xff,
    0xff, 0xd0, 0x0, 0xbf, 0xff, 0xff, 0xf5, 0x0,
    0x0, 0x0, 0x0, 0x0, 0xd, 0xff, 0xff, 0xff,
    0x40, 0xf, 0xff, 0xff, 0xfe, 0x0, 0x0, 0x0,
    0x0, 0x0, 0x0, 0x5f, 0xff, 0xff, 0xf9, 0x4,
    0xff, 0xff, 0xff, 0x80, 0x0, 0x0, 0x0, 0x0,
    0x0, 0x1, 0xff, 0xff, 0xff, 0xc0, 0x6f, 0xff,
    0xff, 0xf4, 0x0, 0x0, 0x0, 0x0, 0x0, 0x0,
    0xc, 0xff, 0xff, 0xff, 0x8, 0xff, 0xff, 0xff,
    0x30, 0x0, 0x0, 0x0, 0x0, 0x0, 0x0, 0xbf,
    0xff, 0xff, 0xf1, 0x9f, 0xff, 0xff, 0xf1, 0x0,
    0x0, 0x0, 0x0, 0x0, 0x0, 0x9, 0xff, 0xff,
    0xff, 0x29, 0xff, 0xff, 0xff, 0x10, 0x0, 0x0,
    0x0, 0x0, 0x0, 0x0, 0x9f, 0xff, 0xff, 0xf2,
    0x8f, 0xff, 0xff, 0xf3, 0x0, 0x0, 0x0, 0x0,
    0x0, 0x0, 0xb, 0xff, 0xff, 0xff, 0x16, 0xff,
    0xff, 0xff, 0x40, 0x0, 0x0, 0x0, 0x0, 0x0,
    0x0, 0xcf, 0xff, 0xff, 0xf0, 0x4f, 0xff, 0xff,
    0xf9, 0x0, 0x0, 0x0, 0x0, 0x0, 0x0, 0x1f,
    0xff, 0xff, 0xfc, 0x0, 0xff, 0xff, 0xff, 0xe0,
    0x0, 0x0, 0x0, 0x0, 0x0, 0x6, 0xff, 0xff,
    0xff, 0x90, 0xb, 0xff, 0xff, 0xff, 0x50, 0x0,
    0x0, 0x0, 0x0, 0x0, 0xdf, 0xff, 0xff, 0xf4,
    0x0, 0x5f, 0xff, 0xff, 0xfe, 0x10, 0x0, 0x0,
    0x0, 0x0, 0x7f, 0xff, 0xff, 0xfd, 0x0, 0x0,
    0xdf, 0xff, 0xff, 0xfd, 0x20, 0x0, 0x0, 0x0,
    0x7f, 0xff, 0xff, 0xff, 0x60, 0x0, 0x4, 0xff,
    0xff, 0xff, 0xfe, 0x71, 0x0, 0x4, 0xbf, 0xff,
    0xff, 0xff, 0xc0, 0x0, 0x0, 0x9, 0xff, 0xff,
    0xff, 0xff, 0xfe, 0xef, 0xff, 0xff, 0xff, 0xff,
    0xf2, 0x0, 0x0, 0x0, 0xb, 0xff, 0xff, 0xff,
    0xff, 0xff, 0xff, 0xff, 0xff, 0xff, 0xf4, 0x0,
    0x0, 0x0, 0x0, 0xa, 0xff, 0xff, 0xff, 0xff,
    0xff, 0xff, 0xff, 0xff, 0xe3, 0x0, 0x0, 0x0,
    0x0, 0x0, 0x5, 0xef, 0xff, 0xff, 0xff, 0xff,
    0xff, 0xff, 0xa1, 0x0, 0x0, 0x0, 0x0, 0x0,
    0x0, 0x0, 0x6c, 0xff, 0xff, 0xff, 0xff, 0xe9,
    0x20, 0x0, 0x0, 0x0, 0x0, 0x0, 0x0, 0x0,
    0x0, 0x1, 0x46, 0x77, 0x65, 0x20, 0x0, 0x0,
    0x0, 0x0, 0x0,

    /* U+0050 "P" */
    0x3f, 0xff, 0xff, 0xff, 0xff, 0xff, 0xed, 0xc9,
    0x62, 0x0, 0x0, 0x0, 0x3f, 0xff, 0xff, 0xff,
    0xff, 0xff, 0xff, 0xff, 0xff, 0xc4, 0x0, 0x0,
    0x3f, 0xff, 0xff, 0xff, 0xff, 0xff, 0xff, 0xff,
    0xff, 0xff, 0x90, 0x0, 0x3f, 0xff, 0xff, 0xff,
    0xff, 0xff, 0xff, 0xff, 0xff, 0xff, 0xf8, 0x0,
    0x3f, 0xff, 0xff, 0xff, 0xff, 0xff, 0xff, 0xff,
    0xff, 0xff, 0xff, 0x30, 0x3f, 0xff, 0xff, 0xf8,
    0x77, 0x77, 0x8b, 0xff, 0xff, 0xff, 0xff, 0x90,
    0x3f, 0xff, 0xff, 0xf1, 0x0, 0x0, 0x0, 0xa,
    0xff, 0xff, 0xff, 0xd0, 0x3f, 0xff, 0xff, 0xf1,
    0x0, 0x0, 0x0, 0x0, 0xdf, 0xff, 0xff, 0xf0,
    0x3f, 0xff, 0xff, 0xf1, 0x0, 0x0, 0x0, 0x0,
    0x9f, 0xff, 0xff, 0xf1, 0x3f, 0xff, 0xff, 0xf1,
    0x0, 0x0, 0x0, 0x0, 0x8f, 0xff, 0xff, 0xf2,
    0x3f, 0xff, 0xff, 0xf1, 0x0, 0x0, 0x0, 0x0,
    0xbf, 0xff, 0xff, 0xf1, 0x3f, 0xff, 0xff, 0xf1,
    0x0, 0x0, 0x0, 0x4, 0xff, 0xff, 0xff, 0xf0,
    0x3f, 0xff, 0xff, 0xf1, 0x0, 0x0, 0x13, 0x8f,
    0xff, 0xff, 0xff, 0xb0, 0x3f, 0xff, 0xff, 0xff,
    0xff, 0xff, 0xff, 0xff, 0xff, 0xff, 0xff, 0x50,
    0x3f, 0xff, 0xff, 0xff, 0xff, 0xff, 0xff, 0xff,
    0xff, 0xff, 0xfc, 0x0, 0x3f, 0xff, 0xff, 0xff,
    0xff, 0xff, 0xff, 0xff, 0xff, 0xff, 0xd1, 0x0,
    0x3f, 0xff, 0xff, 0xff, 0xff, 0xff, 0xff, 0xff,
    0xff, 0xfa, 0x10, 0x0, 0x3f, 0xff, 0xff, 0xff,
    0xff, 0xff, 0xff, 0xff, 0xc8, 0x20, 0x0, 0x0,
    0x3f, 0xff, 0xff, 0xf7, 0x66, 0x65, 0x44, 0x20,
    0x0, 0x0, 0x0, 0x0, 0x3f, 0xff, 0xff, 0xf1,
    0x0, 0x0, 0x0, 0x0, 0x0, 0x0, 0x0, 0x0,
    0x3f, 0xff, 0xff, 0xf1, 0x0, 0x0, 0x0, 0x0,
    0x0, 0x0, 0x0, 0x0, 0x3f, 0xff, 0xff, 0xf1,
    0x0, 0x0, 0x0, 0x0, 0x0, 0x0, 0x0, 0x0,
    0x3f, 0xff, 0xff, 0xf1, 0x0, 0x0, 0x0, 0x0,
    0x0, 0x0, 0x0, 0x0, 0x3f, 0xff, 0xff, 0xf1,
    0x0, 0x0, 0x0, 0x0, 0x0, 0x0, 0x0, 0x0,
    0x3f, 0xff, 0xff, 0xf1, 0x0, 0x0, 0x0, 0x0,
    0x0, 0x0, 0x0, 0x0, 0x3f, 0xff, 0xff, 0xf1,
    0x0, 0x0, 0x0, 0x0, 0x0, 0x0, 0x0, 0x0,
    0x3f, 0xff, 0xff, 0xf1, 0x0, 0x0, 0x0, 0x0,
    0x0, 0x0, 0x0, 0x0, 0x3f, 0xff, 0xff, 0xf1,
    0x0, 0x0, 0x0, 0x0, 0x0, 0x0, 0x0, 0x0,

    /* U+0051 "Q" */
    0x0, 0x0, 0x0, 0x0, 0x0, 0x14, 0x67, 0x76,
    0x52, 0x0, 0x0, 0x0, 0x0, 0x0, 0x0, 0x0,
    0x0, 0x0, 0x0, 0x6, 0xcf, 0xff, 0xff, 0xff,
    0xfe, 0x92, 0x0, 0x0, 0x0, 0x0, 0x0, 0x0,
    0x0, 0x0, 0x5e, 0xff, 0xff, 0xff, 0xff, 0xff,
    0xff, 0xfa, 0x10, 0x0, 0x0, 0x0, 0x0, 0x0,
    0x0, 0xaf, 0xff, 0xff, 0xff, 0xff, 0xff, 0xff,
    0xff, 0xfe, 0x30, 0x0, 0x0, 0x0, 0x0, 0x0,
    0xbf, 0xff, 0xff, 0xff, 0xff, 0xff, 0xff, 0xff,
    0xff, 0xff, 0x40, 0x0, 0x0, 0x0, 0x0, 0x9f,
    0xff, 0xff, 0xff, 0xff, 0xed, 0xff, 0xff, 0xff,
    0xff, 0xff, 0x20, 0x0, 0x0, 0x0, 0x4f, 0xff,
    0xff, 0xff, 0xe7, 0x10, 0x0, 0x3b, 0xff, 0xff,
    0xff, 0xfc, 0x0, 0x0, 0x0, 0xd, 0xff, 0xff,
    0xff, 0xd2, 0x0, 0x0, 0x0, 0x7, 0xff, 0xff,
    0xff, 0xf6, 0x0, 0x0, 0x5, 0xff, 0xff, 0xff,
    0xe1, 0x0, 0x0, 0x0, 0x0, 0x7, 0xff, 0xff,
    0xff, 0xd0, 0x0, 0x0, 0xbf, 0xff, 0xff, 0xf5,
    0x0, 0x0, 0x0, 0x0, 0x0, 0xd, 0xff, 0xff,
    0xff, 0x40, 0x0, 0xf, 0xff, 0xff, 0xfe, 0x0,
    0x0, 0x0, 0x0, 0x0, 0x0, 0x5f, 0xff, 0xff,
    0xf9, 0x0, 0x4, 0xff, 0xff, 0xff, 0x80, 0x0,
    0x0, 0x0, 0x0, 0x0, 0x1, 0xff, 0xff, 0xff,
    0xc0, 0x0, 0x6f, 0xff, 0xff, 0xf4, 0x0, 0x0,
    0x0, 0x0, 0x0, 0x0, 0xc, 0xff, 0xff, 0xff,
    0x0, 0x8, 0xff, 0xff, 0xff, 0x30, 0x0, 0x0,
    0x0, 0x41, 0x0, 0x0, 0xbf, 0xff, 0xff, 0xf1,
    0x0, 0x9f, 0xff, 0xff, 0xf1, 0x0, 0x0, 0x0,
    0x3f, 0xd1, 0x0, 0x9, 0xff, 0xff, 0xff, 0x20,
    0x9, 0xff, 0xff, 0xff, 0x10, 0x0, 0x0, 0x2e,
    0xff, 0xd1, 0x0, 0x9f, 0xff, 0xff, 0xf2, 0x0,
    0x8f, 0xff, 0xff, 0xf3, 0x0, 0x0, 0x1e, 0xff,
    0xff, 0xd1, 0xa, 0xff, 0xff, 0xff, 0x10, 0x6,
    0xff, 0xff, 0xff, 0x40, 0x0, 0x2, 0xef, 0xff,
    0xff, 0xd1, 0xcf, 0xff, 0xff, 0xf0, 0x0, 0x4f,
    0xff, 0xff, 0xf9, 0x0, 0x0, 0x2, 0xef, 0xff,
    0xff, 0xdf, 0xff, 0xff, 0xfc, 0x0, 0x0, 0xff,
    0xff, 0xff, 0xe0, 0x0, 0x0, 0x2, 0xef, 0xff,
    0xff, 0xff, 0xff, 0xff, 0x90, 0x0, 0xb, 0xff,
    0xff, 0xff, 0x50, 0x0, 0x0, 0x2, 0xef, 0xff,
    0xff, 0xff, 0xff, 0xf4, 0x0, 0x0, 0x5f, 0xff,
    0xff, 0xfe, 0x10, 0x0, 0x0, 0x2, 0xef, 0xff,
    0xff, 0xff, 0xfe, 0x0, 0x0, 0x0, 0xdf, 0xff,
    0xff, 0xfd, 0x20, 0x0, 0x0, 0x2, 0xff, 0xff,
    0xff, 0xff, 0x60, 0x0, 0x0, 0x4, 0xff, 0xff,
    0xff, 0xfe, 0x71, 0x0, 0x4, 0xbf, 0xff, 0xff,
    0xff, 0xf2, 0x0, 0x0, 0x0, 0x9, 0xff, 0xff,
    0xff, 0xff, 0xfe, 0xef, 0xff, 0xff, 0xff, 0xff,
    0xff, 0xe2, 0x0, 0x0, 0x0, 0xb, 0xff, 0xff,
    0xff, 0xff, 0xff, 0xff, 0xff, 0xff, 0xff, 0xff,
    0xff, 0xe2, 0x0, 0x0, 0x0, 0xa, 0xff, 0xff,
    0xff, 0xff, 0xff, 0xff, 0xff, 0xff, 0xff, 0xff,
    0xff, 0xe2, 0x0, 0x0, 0x0, 0x5, 0xef, 0xff,
    0xff, 0xff, 0xff, 0xff, 0xff, 0xa3, 0xdf, 0xff,
    0xff, 0xe0, 0x0, 0x0, 0x0, 0x0, 0x6c, 0xff,
    0xff, 0xff, 0xff, 0xe9, 0x30, 0x1, 0xdf, 0xff,
    0xf6, 0x0, 0x0, 0x0, 0x0, 0x0, 0x1, 0x46,
    0x77, 0x65, 0x20, 0x0, 0x0, 0x1, 0xdf, 0xf8,
    0x0, 0x0, 0x0, 0x0, 0x0, 0x0, 0x0, 0x0,
    0x0, 0x0, 0x0, 0x0, 0x0, 0x1, 0xc9, 0x0,
    0x0, 0x0, 0x0, 0x0, 0x0, 0x0, 0x0, 0x0,
    0x0, 0x0, 0x0, 0x0, 0x0, 0x0, 0x0, 0x0,

    /* U+0052 "R" */
    0x3f, 0xff, 0xff, 0xff, 0xff, 0xff, 0xed, 0xc9,
    0x63, 0x0, 0x0, 0x0, 0x3, 0xff, 0xff, 0xff,
    0xff, 0xff, 0xff, 0xff, 0xff, 0xfd, 0x50, 0x0,
    0x0, 0x3f, 0xff, 0xff, 0xff, 0xff, 0xff, 0xff,
    0xff, 0xff, 0xff, 0xa0, 0x0, 0x3, 0xff, 0xff,
    0xff, 0xff, 0xff, 0xff, 0xff, 0xff, 0xff, 0xff,
    0xa0, 0x0, 0x3f, 0xff, 0xff, 0xff, 0xff, 0xff,
    0xff, 0xff, 0xff, 0xff, 0xff, 0x40, 0x3, 0xff,
    0xff, 0xff, 0x87, 0x77, 0x89, 0xbf, 0xff, 0xff,
    0xff, 0xfb, 0x0, 0x3f, 0xff, 0xff, 0xf1, 0x0,
    0x0, 0x0, 0x7, 0xff, 0xff, 0xff, 0xf0, 0x3,
    0xff, 0xff, 0xff, 0x10, 0x0, 0x0, 0x0, 0xb,
    0xff, 0xff, 0xff, 0x10, 0x3f, 0xff, 0xff, 0xf1,
    0x0, 0x0, 0x0, 0x0, 0x8f, 0xff, 0xff, 0xf2,
    0x3, 0xff, 0xff, 0xff, 0x10, 0x0, 0x0, 0x0,
    0x9, 0xff, 0xff, 0xff, 0x10, 0x3f, 0xff, 0xff,
    0xf1, 0x0, 0x0, 0x0, 0x1, 0xef, 0xff, 0xff,
    0xf0, 0x3, 0xff, 0xff, 0xff, 0x10, 0x0, 0x1,
    0x37, 0xef, 0xff, 0xff, 0xfa, 0x0, 0x3f, 0xff,
    0xff, 0xff, 0xff, 0xff, 0xff, 0xff, 0xff, 0xff,
    0xff, 0x40, 0x3, 0xff, 0xff, 0xff, 0xff, 0xff,
    0xff, 0xff, 0xff, 0xff, 0xff, 0xb0, 0x0, 0x3f,
    0xff, 0xff, 0xff, 0xff, 0xff, 0xff, 0xff, 0xff,
    0xff, 0xc0, 0x0, 0x3, 0xff, 0xff, 0xff, 0xff,
    0xff, 0xff, 0xff, 0xff, 0xff, 0x90, 0x0, 0x0,
    0x3f, 0xff, 0xff, 0xff, 0xff, 0xff, 0xff, 0xff,
    0xe7, 0x10, 0x0, 0x0, 0x3, 0xff, 0xff, 0xff,
    0x77, 0x7e, 0xff, 0xff, 0xff, 0x40, 0x0, 0x0,
    0x0, 0x3f, 0xff, 0xff, 0xf1, 0x0, 0x5f, 0xff,
    0xff, 0xfe, 0x0, 0x0, 0x0, 0x3, 0xff, 0xff,
    0xff, 0x10, 0x0, 0xaf, 0xff, 0xff, 0xf9, 0x0,
    0x0, 0x0, 0x3f, 0xff, 0xff, 0xf1, 0x0, 0x1,
    0xef, 0xff, 0xff, 0xf5, 0x0, 0x0, 0x3, 0xff,
    0xff, 0xff, 0x10, 0x0, 0x4, 0xff, 0xff, 0xff,
    0xe1, 0x0, 0x0, 0x3f, 0xff, 0xff, 0xf1, 0x0,
    0x0, 0x9, 0xff, 0xff, 0xff, 0xb0, 0x0, 0x3,
    0xff, 0xff, 0xff, 0x10, 0x0, 0x0, 0xd, 0xff,
    0xff, 0xff, 0x60, 0x0, 0x3f, 0xff, 0xff, 0xf1,
    0x0, 0x0, 0x0, 0x4f, 0xff, 0xff, 0xff, 0x10,
    0x3, 0xff, 0xff, 0xff, 0x10, 0x0, 0x0, 0x0,
    0x8f, 0xff, 0xff, 0xfc, 0x0, 0x3f, 0xff, 0xff,
    0xf1, 0x0, 0x0, 0x0, 0x0, 0xdf, 0xff, 0xff,
    0xf7, 0x3, 0xff, 0xff, 0xff, 0x10, 0x0, 0x0,
    0x0, 0x3, 0xff, 0xff, 0xff, 0xf2,

    /* U+0053 "S" */
    0x0, 0x0, 0x0, 0x0, 0x35, 0x77, 0x65, 0x20,
    0x0, 0x0, 0x0, 0x0, 0x0, 0x0, 0x4a, 0xff,
    0xff, 0xff, 0xff, 0xe8, 0x10, 0x0, 0x0, 0x0,
    0x3, 0xcf, 0xff, 0xff, 0xff, 0xff, 0xff, 0xff,
    0x70, 0x0, 0x0, 0x5, 0xff, 0xff, 0xff, 0xff,
    0xff, 0xff, 0xff, 0xff, 0xa0, 0x0, 0x4, 0xff,
    0xff, 0xff, 0xff, 0xff, 0xff, 0xff, 0xff, 0xff,
    0x80, 0x0, 0xef, 0xff, 0xff, 0xff, 0xdc, 0xce,
    0xff, 0xff, 0xff, 0xff, 0x20, 0x6f, 0xff, 0xff,
    0xfa, 0x20, 0x0, 0x4, 0xcf, 0xff, 0xff, 0xe5,
    0xa, 0xff, 0xff, 0xfc, 0x0, 0x0, 0x0, 0x0,
    0xbf, 0xfb, 0x50, 0x0, 0xcf, 0xff, 0xff, 0xa0,
    0x0, 0x0, 0x0, 0x2, 0x71, 0x0, 0x0, 0xd,
    0xff, 0xff, 0xfe, 0x0, 0x0, 0x0, 0x0, 0x0,
    0x0, 0x0, 0x0, 0xcf, 0xff, 0xff, 0xfc, 0x20,
    0x0, 0x0, 0x0, 0x0, 0x0, 0x0, 0x8, 0xff,
    0xff, 0xff, 0xff, 0xc8, 0x51, 0x0, 0x0, 0x0,
    0x0, 0x0, 0x2f, 0xff, 0xff, 0xff, 0xff, 0xff,
    0xfe, 0xa6, 0x10, 0x0, 0x0, 0x0, 0x7f, 0xff,
    0xff, 0xff, 0xff, 0xff, 0xff, 0xff, 0xb5, 0x0,
    0x0, 0x0, 0x8f, 0xff, 0xff, 0xff, 0xff, 0xff,
    0xff, 0xff, 0xfc, 0x20, 0x0, 0x0, 0x3d, 0xff,
    0xff, 0xff, 0xff, 0xff, 0xff, 0xff, 0xfe, 0x20,
    0x0, 0x0, 0x3, 0x9e, 0xff, 0xff, 0xff, 0xff,
    0xff, 0xff, 0xfd, 0x0, 0x0, 0x0, 0x0, 0x2,
    0x59, 0xcf, 0xff, 0xff, 0xff, 0xff, 0xf5, 0x0,
    0x0, 0x0, 0x0, 0x0, 0x0, 0x15, 0xcf, 0xff,
    0xff, 0xff, 0xa0, 0x0, 0x0, 0x0, 0x0, 0x0,
    0x0, 0x0, 0x7f, 0xff, 0xff, 0xfc, 0x0, 0x0,
    0x38, 0x0, 0x0, 0x0, 0x0, 0x0, 0xcf, 0xff,
    0xff, 0xc0, 0x17, 0xdf, 0xf4, 0x0, 0x0, 0x0,
    0x0, 0xb, 0xff, 0xff, 0xfb, 0xaf, 0xff, 0xff,
    0xd1, 0x0, 0x0, 0x0, 0x1, 0xef, 0xff, 0xff,
    0x88, 0xff, 0xff, 0xff, 0xe6, 0x0, 0x0, 0x4,
    0xdf, 0xff, 0xff, 0xf2, 0x1e, 0xff, 0xff, 0xff,
    0xff, 0xdc, 0xce, 0xff, 0xff, 0xff, 0xf9, 0x0,
    0x4f, 0xff, 0xff, 0xff, 0xff, 0xff, 0xff, 0xff,
    0xff, 0xfd, 0x0, 0x0, 0x4f, 0xff, 0xff, 0xff,
    0xff, 0xff, 0xff, 0xff, 0xfd, 0x10, 0x0, 0x0,
    0x2c, 0xff, 0xff, 0xff, 0xff, 0xff, 0xff, 0xf8,
    0x0, 0x0, 0x0, 0x0, 0x4, 0xbf, 0xff, 0xff,
    0xff, 0xfe, 0x82, 0x0, 0x0, 0x0, 0x0, 0x0,
    0x0, 0x3, 0x67, 0x76, 0x52, 0x0, 0x0, 0x0,
    0x0,

    /* U+0054 "T" */
    0x6f, 0xff, 0xff, 0xff, 0xff, 0xff, 0xff, 0xff,
    0xff, 0xff, 0xff, 0xff, 0x16, 0xff, 0xff, 0xff,
    0xff, 0xff, 0xff, 0xff, 0xff, 0xff, 0xff, 0xff,
    0xf1, 0x6f, 0xff, 0xff, 0xff, 0xff, 0xff, 0xff,
    0xff, 0xff, 0xff, 0xff, 0xff, 0x16, 0xff, 0xff,
    0xff, 0xff, 0xff, 0xff, 0xff, 0xff, 0xff, 0xff,
    0xff, 0xf1, 0x6f, 0xff, 0xff, 0xff, 0xff, 0xff,
    0xff, 0xff, 0xff, 0xff, 0xff, 0xff, 0x14, 0xbb,
    0xbb, 0xbb, 0xbb, 0xff, 0xff, 0xff, 0xdb, 0xbb,
    0xbb, 0xbb, 0xb0, 0x0, 0x0, 0x0, 0x0, 0xc,
    0xff, 0xff, 0xf7, 0x0, 0x0, 0x0, 0x0, 0x0,
    0x0, 0x0, 0x0, 0x0, 0xcf, 0xff, 0xff, 0x70,
    0x0, 0x0, 0x0, 0x0, 0x0, 0x0, 0x0, 0x0,
    0xc, 0xff, 0xff, 0xf7, 0x0, 0x0, 0x0, 0x0,
    0x0, 0x0, 0x0, 0x0, 0x0, 0xcf, 0xff, 0xff,
    0x70, 0x0, 0x0, 0x0, 0x0, 0x0, 0x0, 0x0,
    0x0, 0xc, 0xff, 0xff, 0xf7, 0x0, 0x0, 0x0,
    0x0, 0x0, 0x0, 0x0, 0x0, 0x0, 0xcf, 0xff,
    0xff, 0x70, 0x0, 0x0, 0x0, 0x0, 0x0, 0x0,
    0x0, 0x0, 0xc, 0xff, 0xff, 0xf7, 0x0, 0x0,
    0x0, 0x0, 0x0, 0x0, 0x0, 0x0, 0x0, 0xcf,
    0xff, 0xff, 0x70, 0x0, 0x0, 0x0, 0x0, 0x0,
    0x0, 0x0, 0x0, 0xc, 0xff, 0xff, 0xf7, 0x0,
    0x0, 0x0, 0x0, 0x0, 0x0, 0x0, 0x0, 0x0,
    0xcf, 0xff, 0xff, 0x70, 0x0, 0x0, 0x0, 0x0,
    0x0, 0x0, 0x0, 0x0, 0xc, 0xff, 0xff, 0xf7,
    0x0, 0x0, 0x0, 0x0, 0x0, 0x0, 0x0, 0x0,
    0x0, 0xcf, 0xff, 0xff, 0x70, 0x0, 0x0, 0x0,
    0x0, 0x0, 0x0, 0x0, 0x0, 0xc, 0xff, 0xff,
    0xf7, 0x0, 0x0, 0x0, 0x0, 0x0, 0x0, 0x0,
    0x0, 0x0, 0xcf, 0xff, 0xff, 0x70, 0x0, 0x0,
    0x0, 0x0, 0x0, 0x0, 0x0, 0x0, 0xc, 0xff,
    0xff, 0xf7, 0x0, 0x0, 0x0, 0x0, 0x0, 0x0,
    0x0, 0x0, 0x0, 0xcf, 0xff, 0xff, 0x70, 0x0,
    0x0, 0x0, 0x0, 0x0, 0x0, 0x0, 0x0, 0xc,
    0xff, 0xff, 0xf7, 0x0, 0x0, 0x0, 0x0, 0x0,
    0x0, 0x0, 0x0, 0x0, 0xcf, 0xff, 0xff, 0x70,
    0x0, 0x0, 0x0, 0x0, 0x0, 0x0, 0x0, 0x0,
    0xc, 0xff, 0xff, 0xf7, 0x0, 0x0, 0x0, 0x0,
    0x0, 0x0, 0x0, 0x0, 0x0, 0xcf, 0xff, 0xff,
    0x70, 0x0, 0x0, 0x0, 0x0, 0x0, 0x0, 0x0,
    0x0, 0xc, 0xff, 0xff, 0xf7, 0x0, 0x0, 0x0,
    0x0, 0x0, 0x0, 0x0, 0x0, 0x0, 0xcf, 0xff,
    0xff, 0x70, 0x0, 0x0, 0x0, 0x0,

    /* U+0055 "U" */
    0x3f, 0xff, 0xff, 0xf1, 0x0, 0x0, 0x0, 0x0,
    0x9, 0xff, 0xff, 0xfc, 0x3f, 0xff, 0xff, 0xf1,
    0x0, 0x0, 0x0, 0x0, 0x9, 0xff, 0xff, 0xfc,
    0x3f, 0xff, 0xff, 0xf1, 0x0, 0x0, 0x0, 0x0,
    0x9, 0xff, 0xff, 0xfc, 0x3f, 0xff, 0xff, 0xf1,
    0x0, 0x0, 0x0, 0x0, 0x9, 0xff, 0xff, 0xfc,
    0x3f, 0xff, 0xff, 0xf1, 0x0, 0x0, 0x0, 0x0,
    0x9, 0xff, 0xff, 0xfc, 0x3f, 0xff, 0xff, 0xf1,
    0x0, 0x0, 0x0, 0x0, 0x9, 0xff, 0xff, 0xfc,
    0x3f, 0xff, 0xff, 0xf1, 0x0, 0x0, 0x0, 0x0,
    0x9, 0xff, 0xff, 0xfc, 0x3f, 0xff, 0xff, 0xf1,
    0x0, 0x0, 0x0, 0x0, 0x9, 0xff, 0xff, 0xfc,
    0x3f, 0xff, 0xff, 0xf1, 0x0, 0x0, 0x0, 0x0,
    0x9, 0xff, 0xff, 0xfc, 0x3f, 0xff, 0xff, 0xf1,
    0x0, 0x0, 0x0, 0x0, 0x9, 0xff, 0xff, 0xfc,
    0x3f, 0xff, 0xff, 0xf1, 0x0, 0x0, 0x0, 0x0,
    0x9, 0xff, 0xff, 0xfc, 0x3f, 0xff, 0xff, 0xf1,
    0x0, 0x0, 0x0, 0x0, 0x9, 0xff, 0xff, 0xfc,
    0x3f, 0xff, 0xff, 0xf1, 0x0, 0x0, 0x0, 0x0,
    0x9, 0xff, 0xff, 0xfc, 0x3f, 0xff, 0xff, 0xf1,
    0x0, 0x0, 0x0, 0x0, 0x9, 0xff, 0xff, 0xfc,
    0x3f, 0xff, 0xff, 0xf1, 0x0, 0x0, 0x0, 0x0,
    0x9, 0xff, 0xff, 0xfc, 0x3f, 0xff, 0xff, 0xf1,
    0x0, 0x0, 0x0, 0x0, 0x9, 0xff, 0xff, 0xfc,
    0x3f, 0xff, 0xff, 0xf1, 0x0, 0x0, 0x0, 0x0,
    0x9, 0xff, 0xff, 0xfb, 0x2f, 0xff, 0xff, 0xf2,
    0x0, 0x0, 0x0, 0x0, 0x9, 0xff, 0xff, 0xfa,
    0x1f, 0xff, 0xff, 0xf3, 0x0, 0x0, 0x0, 0x0,
    0xb, 0xff, 0xff, 0xf9, 0xe, 0xff, 0xff, 0xf5,
    0x0, 0x0, 0x0, 0x0, 0xd, 0xff, 0xff, 0xf7,
    0xc, 0xff, 0xff, 0xfa, 0x0, 0x0, 0x0, 0x0,
    0x2f, 0xff, 0xff, 0xf4, 0x8, 0xff, 0xff, 0xff,
    0x30, 0x0, 0x0, 0x0, 0xaf, 0xff, 0xff, 0xf1,
    0x2, 0xff, 0xff, 0xff, 0xe5, 0x0, 0x0, 0x2a,
    0xff, 0xff, 0xff, 0xa0, 0x0, 0xcf, 0xff, 0xff,
    0xff, 0xfd, 0xde, 0xff, 0xff, 0xff, 0xff, 0x40,
    0x0, 0x3f, 0xff, 0xff, 0xff, 0xff, 0xff, 0xff,
    0xff, 0xff, 0xfa, 0x0, 0x0, 0x7, 0xff, 0xff,
    0xff, 0xff, 0xff, 0xff, 0xff, 0xff, 0xd1, 0x0,
    0x0, 0x0, 0x5f, 0xff, 0xff, 0xff, 0xff, 0xff,
    0xff, 0xfb, 0x10, 0x0, 0x0, 0x0, 0x1, 0x8d,
    0xff, 0xff, 0xff, 0xff, 0xfb, 0x40, 0x0, 0x0,
    0x0, 0x0, 0x0, 0x0, 0x14, 0x67, 0x76, 0x53,
    0x0, 0x0, 0x0, 0x0,

    /* U+0056 "V" */
    0x6f, 0xff, 0xff, 0xf1, 0x0, 0x0, 0x0, 0x0,
    0x0, 0xe, 0xff, 0xff, 0xfa, 0x1f, 0xff, 0xff,
    0xf6, 0x0, 0x0, 0x0, 0x0, 0x0, 0x3f, 0xff,
    0xff, 0xf5, 0xc, 0xff, 0xff, 0xfb, 0x0, 0x0,
    0x0, 0x0, 0x0, 0x8f, 0xff, 0xff, 0xf0, 0x7,
    0xff, 0xff, 0xff, 0x0, 0x0, 0x0, 0x0, 0x0,
    0xdf, 0xff, 0xff, 0xb0, 0x2, 0xff, 0xff, 0xff,
    0x40, 0x0, 0x0, 0x0, 0x1, 0xff, 0xff, 0xff,
    0x60, 0x0, 0xdf, 0xff, 0xff, 0x90, 0x0, 0x0,
    0x0, 0x6, 0xff, 0xff, 0xff, 0x10, 0x0, 0x8f,
    0xff, 0xff, 0xe0, 0x0, 0x0, 0x0, 0xb, 0xff,
    0xff, 0xfb, 0x0, 0x0, 0x2f, 0xff, 0xff, 0xf2,
    0x0, 0x0, 0x0, 0xf, 0xff, 0xff, 0xf6, 0x0,
    0x0, 0xd, 0xff, 0xff, 0xf7, 0x0, 0x0, 0x0,
    0x4f, 0xff, 0xff, 0xf1, 0x0, 0x0, 0x8, 0xff,
    0xff, 0xfc, 0x0, 0x0, 0x0, 0x9f, 0xff, 0xff,
    0xc0, 0x0, 0x0, 0x3, 0xff, 0xff, 0xff, 0x10,
    0x0, 0x0, 0xef, 0xff, 0xff, 0x60, 0x0, 0x0,
    0x0, 0xef, 0xff, 0xff, 0x60, 0x0, 0x3, 0xff,
    0xff, 0xff, 0x10, 0x0, 0x0, 0x0, 0x9f, 0xff,
    0xff, 0xa0, 0x0, 0x8, 0xff, 0xff, 0xfc, 0x0,
    0x0, 0x0, 0x0, 0x3f, 0xff, 0xff, 0xf0, 0x0,
    0xc, 0xff, 0xff, 0xf7, 0x0, 0x0, 0x0, 0x0,
    0xe, 0xff, 0xff, 0xf4, 0x0, 0x1f, 0xff, 0xff,
    0xf2, 0x0, 0x0, 0x0, 0x0, 0x9, 0xff, 0xff,
    0xf9, 0x0, 0x6f, 0xff, 0xff, 0xd0, 0x0, 0x0,
    0x0, 0x0, 0x4, 0xff, 0xff, 0xfd, 0x0, 0xbf,
    0xff, 0xff, 0x70, 0x0, 0x0, 0x0, 0x0, 0x0,
    0xef, 0xff, 0xff, 0x20, 0xff, 0xff, 0xff, 0x20,
    0x0, 0x0, 0x0, 0x0, 0x0, 0xaf, 0xff, 0xff,
    0x74, 0xff, 0xff, 0xfd, 0x0, 0x0, 0x0, 0x0,
    0x0, 0x0, 0x4f, 0xff, 0xff, 0xc9, 0xff, 0xff,
    0xf8, 0x0, 0x0, 0x0, 0x0, 0x0, 0x0, 0xf,
    0xff, 0xff, 0xfe, 0xff, 0xff, 0xf3, 0x0, 0x0,
    0x0, 0x0, 0x0, 0x0, 0xa, 0xff, 0xff, 0xff,
    0xff, 0xff, 0xd0, 0x0, 0x0, 0x0, 0x0, 0x0,
    0x0, 0x5, 0xff, 0xff, 0xff, 0xff, 0xff, 0x80,
    0x0, 0x0, 0x0, 0x0, 0x0, 0x0, 0x0, 0xff,
    0xff, 0xff, 0xff, 0xff, 0x30, 0x0, 0x0, 0x0,
    0x0, 0x0, 0x0, 0x0, 0xbf, 0xff, 0xff, 0xff,
    0xfe, 0x0, 0x0, 0x0, 0x0, 0x0, 0x0, 0x0,
    0x0, 0x5f, 0xff, 0xff, 0xff, 0xf9, 0x0, 0x0,
    0x0, 0x0, 0x0, 0x0, 0x0, 0x0, 0x1f, 0xff,
    0xff, 0xff, 0xf3, 0x0, 0x0, 0x0, 0x0, 0x0,
    0x0, 0x0, 0x0, 0xb, 0xff, 0xff, 0xff, 0xe0,
    0x0, 0x0, 0x0, 0x0,

    /* U+0057 "W" */
    0x7f, 0xff, 0xff, 0xd0, 0x0, 0x0, 0x0, 0xbf,
    0xff, 0xff, 0xf0, 0x0, 0x0, 0x0, 0x8f, 0xff,
    0xff, 0xc4, 0xff, 0xff, 0xff, 0x0, 0x0, 0x0,
    0xf, 0xff, 0xff, 0xff, 0x30, 0x0, 0x0, 0xb,
    0xff, 0xff, 0xf9, 0xf, 0xff, 0xff, 0xf3, 0x0,
    0x0, 0x2, 0xff, 0xff, 0xff, 0xf6, 0x0, 0x0,
    0x0, 0xef, 0xff, 0xff, 0x50, 0xcf, 0xff, 0xff,
    0x60, 0x0, 0x0, 0x5f, 0xff, 0xff, 0xff, 0xa0,
    0x0, 0x0, 0x1f, 0xff, 0xff, 0xf1, 0x8, 0xff,
    0xff, 0xf9, 0x0, 0x0, 0x8, 0xff, 0xff, 0xff,
    0xfd, 0x0, 0x0, 0x4, 0xff, 0xff, 0xfe, 0x0,
    0x5f, 0xff, 0xff, 0xc0, 0x0, 0x0, 0xcf, 0xff,
    0xff, 0xff, 0xf0, 0x0, 0x0, 0x7f, 0xff, 0xff,
    0xa0, 0x1, 0xff, 0xff, 0xff, 0x0, 0x0, 0xf,
    0xff, 0xff, 0xff, 0xff, 0x30, 0x0, 0xa, 0xff,
    0xff, 0xf6, 0x0, 0xd, 0xff, 0xff, 0xf2, 0x0,
    0x2, 0xff, 0xff, 0xff, 0xff, 0xf7, 0x0, 0x0,
    0xdf, 0xff, 0xff, 0x30, 0x0, 0xaf, 0xff, 0xff,
    0x50, 0x0, 0x5f, 0xff, 0xfe, 0xff, 0xff, 0xa0,
    0x0, 0xf, 0xff, 0xff, 0xf0, 0x0, 0x6, 0xff,
    0xff, 0xf8, 0x0, 0x9, 0xff, 0xff, 0x8f, 0xff,
    0xfd, 0x0, 0x3, 0xff, 0xff, 0xfb, 0x0, 0x0,
    0x2f, 0xff, 0xff, 0xb0, 0x0, 0xcf, 0xff, 0xf2,
    0xef, 0xff, 0xf1, 0x0, 0x6f, 0xff, 0xff, 0x80,
    0x0, 0x0, 0xff, 0xff, 0xfe, 0x0, 0xf, 0xff,
    0xff, 0xb, 0xff, 0xff, 0x40, 0x9, 0xff, 0xff,
    0xf4, 0x0, 0x0, 0xb, 0xff, 0xff, 0xf1, 0x2,
    0xff, 0xff, 0xc0, 0x7f, 0xff, 0xf7, 0x0, 0xcf,
    0xff, 0xff, 0x0, 0x0, 0x0, 0x7f, 0xff, 0xff,
    0x40, 0x5f, 0xff, 0xf9, 0x4, 0xff, 0xff, 0xa0,
    0xf, 0xff, 0xff, 0xd0, 0x0, 0x0, 0x4, 0xff,
    0xff, 0xf7, 0x9, 0xff, 0xff, 0x50, 0x1f, 0xff,
    0xfe, 0x2, 0xff, 0xff, 0xf9, 0x0, 0x0, 0x0,
    0xf, 0xff, 0xff, 0xa0, 0xcf, 0xff, 0xf2, 0x0,
    0xdf, 0xff, 0xf1, 0x6f, 0xff, 0xff, 0x50, 0x0,
    0x0, 0x0, 0xcf, 0xff, 0xfe, 0xf, 0xff, 0xff,
    0x0, 0xa, 0xff, 0xff, 0x49, 0xff, 0xff, 0xf2,
    0x0, 0x0, 0x0, 0x9, 0xff, 0xff, 0xf4, 0xff,
    0xff, 0xb0, 0x0, 0x7f, 0xff, 0xf7, 0xcf, 0xff,
    0xfe, 0x0, 0x0, 0x0, 0x0, 0x5f, 0xff, 0xff,
    0xaf, 0xff, 0xf8, 0x0, 0x3, 0xff, 0xff, 0xbf,
    0xff, 0xff, 0xa0, 0x0, 0x0, 0x0, 0x1, 0xff,
    0xff, 0xff, 0xff, 0xff, 0x50, 0x0, 0xf, 0xff,
    0xff, 0xff, 0xff, 0xf6, 0x0, 0x0, 0x0, 0x0,
    0xe, 0xff, 0xff, 0xff, 0xff, 0xf2, 0x0, 0x0,
    0xdf, 0xff, 0xff, 0xff, 0xff, 0x30, 0x0, 0x0,
    0x0, 0x0, 0xaf, 0xff, 0xff, 0xff, 0xfe, 0x0,
    0x0, 0xa, 0xff, 0xff, 0xff, 0xff, 0xf0, 0x0,
    0x0, 0x0, 0x0, 0x6, 0xff, 0xff, 0xff, 0xff,
    0xb0, 0x0, 0x0, 0x6f, 0xff, 0xff, 0xff, 0xfb,
    0x0, 0x0, 0x0, 0x0, 0x0, 0x3f, 0xff, 0xff,
    0xff, 0xf8, 0x0, 0x0, 0x3, 0xff, 0xff, 0xff,
    0xff, 0x80, 0x0, 0x0, 0x0, 0x0, 0x0, 0xff,
    0xff, 0xff, 0xff, 0x40, 0x0, 0x0, 0xf, 0xff,
    0xff, 0xff, 0xf4, 0x0, 0x0, 0x0, 0x0, 0x0,
    0xb, 0xff, 0xff, 0xff, 0xf1, 0x0, 0x0, 0x0,
    0xcf, 0xff, 0xff, 0xff, 0x10, 0x0, 0x0, 0x0,
    0x0, 0x0, 0x8f, 0xff, 0xff, 0xfe, 0x0, 0x0,
    0x0, 0x9, 0xff, 0xff, 0xff, 0xd0, 0x0, 0x0,
    0x0, 0x0, 0x0, 0x4, 0xff, 0xff, 0xff, 0xb0,
    0x0, 0x0, 0x0, 0x6f, 0xff, 0xff, 0xf9, 0x0,
    0x0, 0x0,

    /* U+0058 "X" */
    0xb, 0xff, 0xff, 0xff, 0xd0, 0x0, 0x0, 0x0,
    0x0, 0xd, 0xff, 0xff, 0xff, 0xa0, 0x1, 0xef,
    0xff, 0xff, 0xf8, 0x0, 0x0, 0x0, 0x0, 0x9f,
    0xff, 0xff, 0xfe, 0x10, 0x0, 0x5f, 0xff, 0xff,
    0xff, 0x30, 0x0, 0x0, 0x4, 0xff, 0xff, 0xff,
    0xf4, 0x0, 0x0, 0xa, 0xff, 0xff, 0xff, 0xd0,
    0x0, 0x0, 0xe, 0xff, 0xff, 0xff, 0xa0, 0x0,
    0x0, 0x1, 0xef, 0xff, 0xff, 0xf8, 0x0, 0x0,
    0xaf, 0xff, 0xff, 0xfe, 0x0, 0x0, 0x0, 0x0,
    0x5f, 0xff, 0xff, 0xff, 0x30, 0x4, 0xff, 0xff,
    0xff, 0xf4, 0x0, 0x0, 0x0, 0x0, 0xa, 0xff,
    0xff, 0xff, 0xd0, 0x1e, 0xff, 0xff, 0xff, 0x90,
    0x0, 0x0, 0x0, 0x0, 0x1, 0xef, 0xff, 0xff,
    0xf9, 0xaf, 0xff, 0xff, 0xfd, 0x0, 0x0, 0x0,
    0x0, 0x0, 0x0, 0x4f, 0xff, 0xff, 0xff, 0xff,
    0xff, 0xff, 0xf3, 0x0, 0x0, 0x0, 0x0, 0x0,
    0x0, 0x9, 0xff, 0xff, 0xff, 0xff, 0xff, 0xff,
    0x80, 0x0, 0x0, 0x0, 0x0, 0x0, 0x0, 0x0,
    0xdf, 0xff, 0xff, 0xff, 0xff, 0xfd, 0x0, 0x0,
    0x0, 0x0, 0x0, 0x0, 0x0, 0x0, 0x3f, 0xff,
    0xff, 0xff, 0xff, 0xf3, 0x0, 0x0, 0x0, 0x0,
    0x0, 0x0, 0x0, 0x0, 0x9, 0xff, 0xff, 0xff,
    0xff, 0x80, 0x0, 0x0, 0x0, 0x0, 0x0, 0x0,
    0x0, 0x0, 0x0, 0xff, 0xff, 0xff, 0xfe, 0x0,
    0x0, 0x0, 0x0, 0x0, 0x0, 0x0, 0x0, 0x0,
    0x6, 0xff, 0xff, 0xff, 0xff, 0x50, 0x0, 0x0,
    0x0, 0x0, 0x0, 0x0, 0x0, 0x0, 0x2f, 0xff,
    0xff, 0xff, 0xff, 0xe1, 0x0, 0x0, 0x0, 0x0,
    0x0, 0x0, 0x0, 0x0, 0xbf, 0xff, 0xff, 0xff,
    0xff, 0xfb, 0x0, 0x0, 0x0, 0x0, 0x0, 0x0,
    0x0, 0x7, 0xff, 0xff, 0xff, 0xff, 0xff, 0xff,
    0x60, 0x0, 0x0, 0x0, 0x0, 0x0, 0x0, 0x2f,
    0xff, 0xff, 0xff, 0xff, 0xff, 0xff, 0xf2, 0x0,
    0x0, 0x0, 0x0, 0x0, 0x0, 0xcf, 0xff, 0xff,
    0xfb, 0xcf, 0xff, 0xff, 0xfc, 0x0, 0x0, 0x0,
    0x0, 0x0, 0x7, 0xff, 0xff, 0xff, 0xf1, 0x2f,
    0xff, 0xff, 0xff, 0x70, 0x0, 0x0, 0x0, 0x0,
    0x2f, 0xff, 0xff, 0xff, 0x50, 0x7, 0xff, 0xff,
    0xff, 0xf2, 0x0, 0x0, 0x0, 0x0, 0xdf, 0xff,
    0xff, 0xfb, 0x0, 0x0, 0xcf, 0xff, 0xff, 0xfc,
    0x0, 0x0, 0x0, 0x8, 0xff, 0xff, 0xff, 0xe1,
    0x0, 0x0, 0x2f, 0xff, 0xff, 0xff, 0x70, 0x0,
    0x0, 0x3f, 0xff, 0xff, 0xff, 0x50, 0x0, 0x0,
    0x6, 0xff, 0xff, 0xff, 0xf3, 0x0, 0x0, 0xdf,
    0xff, 0xff, 0xfa, 0x0, 0x0, 0x0, 0x0, 0xbf,
    0xff, 0xff, 0xfd, 0x0, 0x9, 0xff, 0xff, 0xff,
    0xe1, 0x0, 0x0, 0x0, 0x0, 0x1f, 0xff, 0xff,
    0xff, 0x80, 0x4f, 0xff, 0xff, 0xff, 0x50, 0x0,
    0x0, 0x0, 0x0, 0x6, 0xff, 0xff, 0xff, 0xf3,

    /* U+0059 "Y" */
    0x4f, 0xff, 0xff, 0xff, 0x10, 0x0, 0x0, 0x0,
    0x0, 0x9, 0xff, 0xff, 0xff, 0xc0, 0xb, 0xff,
    0xff, 0xff, 0x90, 0x0, 0x0, 0x0, 0x0, 0x2f,
    0xff, 0xff, 0xff, 0x30, 0x2, 0xff, 0xff, 0xff,
    0xf2, 0x0, 0x0, 0x0, 0x0, 0xbf, 0xff, 0xff,
    0xf9, 0x0, 0x0, 0x8f, 0xff, 0xff, 0xfb, 0x0,
    0x0, 0x0, 0x4, 0xff, 0xff, 0xff, 0xe1, 0x0,
    0x0, 0xe, 0xff, 0xff, 0xff, 0x40, 0x0, 0x0,
    0xc, 0xff, 0xff, 0xff, 0x60, 0x0, 0x0, 0x5,
    0xff, 0xff, 0xff, 0xc0, 0x0, 0x0, 0x5f, 0xff,
    0xff, 0xfc, 0x0, 0x0, 0x0, 0x0, 0xbf, 0xff,
    0xff, 0xf5, 0x0, 0x0, 0xef, 0xff, 0xff, 0xf3,
    0x0, 0x0, 0x0, 0x0, 0x2f, 0xff, 0xff, 0xfe,
    0x0, 0x7, 0xff, 0xff, 0xff, 0x90, 0x0, 0x0,
    0x0, 0x0, 0x8, 0xff, 0xff, 0xff, 0x70, 0x1f,
    0xff, 0xff, 0xfe, 0x10, 0x0, 0x0, 0x0, 0x0,
    0x0, 0xef, 0xff, 0xff, 0xf1, 0x9f, 0xff, 0xff,
    0xf6, 0x0, 0x0, 0x0, 0x0, 0x0, 0x0, 0x5f,
    0xff, 0xff, 0xfb, 0xff, 0xff, 0xff, 0xc0, 0x0,
    0x0, 0x0, 0x0, 0x0, 0x0, 0xb, 0xff, 0xff,
    0xff, 0xff, 0xff, 0xff, 0x30, 0x0, 0x0, 0x0,
    0x0, 0x0, 0x0, 0x2, 0xff, 0xff, 0xff, 0xff,
    0xff, 0xf9, 0x0, 0x0, 0x0, 0x0, 0x0, 0x0,
    0x0, 0x0, 0x8f, 0xff, 0xff, 0xff, 0xff, 0xf1,
    0x0, 0x0, 0x0, 0x0, 0x0, 0x0, 0x0, 0x0,
    0xe, 0xff, 0xff, 0xff, 0xff, 0x60, 0x0, 0x0,
    0x0, 0x0, 0x0, 0x0, 0x0, 0x0, 0x5, 0xff,
    0xff, 0xff, 0xfd, 0x0, 0x0, 0x0, 0x0, 0x0,
    0x0, 0x0, 0x0, 0x0, 0x0, 0xcf, 0xff, 0xff,
    0xf3, 0x0, 0x0, 0x0, 0x0, 0x0, 0x0, 0x0,
    0x0, 0x0, 0x0, 0x6f, 0xff, 0xff, 0xe0, 0x0,
    0x0, 0x0, 0x0, 0x0, 0x0, 0x0, 0x0, 0x0,
    0x0, 0x6f, 0xff, 0xff, 0xe0, 0x0, 0x0, 0x0,
    0x0, 0x0, 0x0, 0x0, 0x0, 0x0, 0x0, 0x6f,
    0xff, 0xff, 0xe0, 0x0, 0x0, 0x0, 0x0, 0x0,
    0x0, 0x0, 0x0, 0x0, 0x0, 0x6f, 0xff, 0xff,
    0xe0, 0x0, 0x0, 0x0, 0x0, 0x0, 0x0, 0x0,
    0x0, 0x0, 0x0, 0x6f, 0xff, 0xff, 0xe0, 0x0,
    0x0, 0x0, 0x0, 0x0, 0x0, 0x0, 0x0, 0x0,
    0x0, 0x6f, 0xff, 0xff, 0xe0, 0x0, 0x0, 0x0,
    0x0, 0x0, 0x0, 0x0, 0x0, 0x0, 0x0, 0x6f,
    0xff, 0xff, 0xe0, 0x0, 0x0, 0x0, 0x0, 0x0,
    0x0, 0x0, 0x0, 0x0, 0x0, 0x6f, 0xff, 0xff,
    0xe0, 0x0, 0x0, 0x0, 0x0, 0x0, 0x0, 0x0,
    0x0, 0x0, 0x0, 0x6f, 0xff, 0xff, 0xe0, 0x0,
    0x0, 0x0, 0x0, 0x0, 0x0, 0x0, 0x0, 0x0,
    0x0, 0x6f, 0xff, 0xff, 0xe0, 0x0, 0x0, 0x0,
    0x0, 0x0, 0x0, 0x0, 0x0, 0x0, 0x0, 0x6f,
    0xff, 0xff, 0xe0, 0x0, 0x0, 0x0, 0x0, 0x0,

    /* U+005A "Z" */
    0x2f, 0xff, 0xff, 0xff, 0xff, 0xff, 0xff, 0xff,
    0xff, 0xff, 0xff, 0x2, 0xff, 0xff, 0xff, 0xff,
    0xff, 0xff, 0xff, 0xff, 0xff, 0xff, 0xf0, 0x2f,
    0xff, 0xff, 0xff, 0xff, 0xff, 0xff, 0xff, 0xff,
    0xff, 0xff, 0x2, 0xff, 0xff, 0xff, 0xff, 0xff,
    0xff, 0xff, 0xff, 0xff, 0xff, 0xf0, 0x2f, 0xff,
    0xff, 0xff, 0xff, 0xff, 0xff, 0xff, 0xff, 0xff,
    0xff, 0x1, 0xbb, 0xbb, 0xbb, 0xbb, 0xbb, 0xbb,
    0xdf, 0xff, 0xff, 0xff, 0x80, 0x0, 0x0, 0x0,
    0x0, 0x0, 0x0, 0xc, 0xff, 0xff, 0xff, 0xc0,
    0x0, 0x0, 0x0, 0x0, 0x0, 0x0, 0x9, 0xff,
    0xff, 0xff, 0xe1, 0x0, 0x0, 0x0, 0x0, 0x0,
    0x0, 0x6, 0xff, 0xff, 0xff, 0xf4, 0x0, 0x0,
    0x0, 0x0, 0x0, 0x0, 0x3, 0xff, 0xff, 0xff,
    0xf7, 0x0, 0x0, 0x0, 0x0, 0x0, 0x0, 0x1,
    0xef, 0xff, 0xff, 0xfb, 0x0, 0x0, 0x0, 0x0,
    0x0, 0x0, 0x0, 0xbf, 0xff, 0xff, 0xfd, 0x0,
    0x0, 0x0, 0x0, 0x0, 0x0, 0x0, 0x8f, 0xff,
    0xff, 0xff, 0x20, 0x0, 0x0, 0x0, 0x0, 0x0,
    0x0, 0x4f, 0xff, 0xff, 0xff, 0x60, 0x0, 0x0,
    0x0, 0x0, 0x0, 0x0, 0x2f, 0xff, 0xff, 0xff,
    0x90, 0x0, 0x0, 0x0, 0x0, 0x0, 0x0, 0xd,
    0xff, 0xff, 0xff, 0xc0, 0x0, 0x0, 0x0, 0x0,
    0x0, 0x0, 0xa, 0xff, 0xff, 0xff, 0xe2, 0x0,
    0x0, 0x0, 0x0, 0x0, 0x0, 0x6, 0xff, 0xff,
    0xff, 0xf4, 0x0, 0x0, 0x0, 0x0, 0x0, 0x0,
    0x3, 0xff, 0xff, 0xff, 0xf8, 0x0, 0x0, 0x0,
    0x0, 0x0, 0x0, 0x1, 0xef, 0xff, 0xff, 0xfb,
    0x0, 0x0, 0x0, 0x0, 0x0, 0x0, 0x0, 0xbf,
    0xff, 0xff, 0xfe, 0x10, 0x0, 0x0, 0x0, 0x0,
    0x0, 0x0, 0x8f, 0xff, 0xff, 0xff, 0x30, 0x0,
    0x0, 0x0, 0x0, 0x0, 0x0, 0x5f, 0xff, 0xff,
    0xff, 0xeb, 0xbb, 0xbb, 0xbb, 0xbb, 0xbb, 0xbb,
    0x6b, 0xff, 0xff, 0xff, 0xff, 0xff, 0xff, 0xff,
    0xff, 0xff, 0xff, 0xf9, 0xbf, 0xff, 0xff, 0xff,
    0xff, 0xff, 0xff, 0xff, 0xff, 0xff, 0xff, 0x9b,
    0xff, 0xff, 0xff, 0xff, 0xff, 0xff, 0xff, 0xff,
    0xff, 0xff, 0xf9, 0xbf, 0xff, 0xff, 0xff, 0xff,
    0xff, 0xff, 0xff, 0xff, 0xff, 0xff, 0x9b, 0xff,
    0xff, 0xff, 0xff, 0xff, 0xff, 0xff, 0xff, 0xff,
    0xff, 0xf9,

    /* U+005B "[" */
    0x3f, 0xff, 0xff, 0xff, 0xff, 0xf3, 0xff, 0xff,
    0xff, 0xff, 0xff, 0x3f, 0xff, 0xff, 0xff, 0xff,
    0xf3, 0xff, 0xff, 0xff, 0xff, 0xff, 0x3f, 0xff,
    0xff, 0xcc, 0xcc, 0xc3, 0xff, 0xff, 0xe0, 0x0,
    0x0, 0x3f, 0xff, 0xfe, 0x0, 0x0, 0x3, 0xff,
    0xff, 0xe0, 0x0, 0x0, 0x3f, 0xff, 0xfe, 0x0,
    0x0, 0x3, 0xff, 0xff, 0xe0, 0x0, 0x0, 0x3f,
    0xff, 0xfe, 0x0, 0x0, 0x3, 0xff, 0xff, 0xe0,
    0x0, 0x0, 0x3f, 0xff, 0xfe, 0x0, 0x0, 0x3,
    0xff, 0xff, 0xe0, 0x0, 0x0, 0x3f, 0xff, 0xfe,
    0x0, 0x0, 0x3, 0xff, 0xff, 0xe0, 0x0, 0x0,
    0x3f, 0xff, 0xfe, 0x0, 0x0, 0x3, 0xff, 0xff,
    0xe0, 0x0, 0x0, 0x3f, 0xff, 0xfe, 0x0, 0x0,
    0x3, 0xff, 0xff, 0xe0, 0x0, 0x0, 0x3f, 0xff,
    0xfe, 0x0, 0x0, 0x3, 0xff, 0xff, 0xe0, 0x0,
    0x0, 0x3f, 0xff, 0xfe, 0x0, 0x0, 0x3, 0xff,
    0xff, 0xe0, 0x0, 0x0, 0x3f, 0xff, 0xfe, 0x0,
    0x0, 0x3, 0xff, 0xff, 0xe0, 0x0, 0x0, 0x3f,
    0xff, 0xfe, 0x0, 0x0, 0x3, 0xff, 0xff, 0xe0,
    0x0, 0x0, 0x3f, 0xff, 0xfe, 0x0, 0x0, 0x3,
    0xff, 0xff, 0xe0, 0x0, 0x0, 0x3f, 0xff, 0xff,
    0xbb, 0xbb, 0xb3, 0xff, 0xff, 0xff, 0xff, 0xff,
    0x3f, 0xff, 0xff, 0xff, 0xff, 0xf3, 0xff, 0xff,
    0xff, 0xff, 0xff, 0x3f, 0xff, 0xff, 0xff, 0xff,
    0xf0,

    /* U+005C "\\" */
    0x3f, 0xff, 0xff, 0xe0, 0x0, 0x0, 0x0, 0x0,
    0x0, 0xd, 0xff, 0xff, 0xf4, 0x0, 0x0, 0x0,
    0x0, 0x0, 0x7, 0xff, 0xff, 0xfa, 0x0, 0x0,
    0x0, 0x0, 0x0, 0x1, 0xff, 0xff, 0xff, 0x0,
    0x0, 0x0, 0x0, 0x0, 0x0, 0xbf, 0xff, 0xff,
    0x60, 0x0, 0x0, 0x0, 0x0, 0x0, 0x5f, 0xff,
    0xff, 0xc0, 0x0, 0x0, 0x0, 0x0, 0x0, 0xf,
    0xff, 0xff, 0xf2, 0x0, 0x0, 0x0, 0x0, 0x0,
    0x9, 0xff, 0xff, 0xf7, 0x0, 0x0, 0x0, 0x0,
    0x0, 0x3, 0xff, 0xff, 0xfd, 0x0, 0x0, 0x0,
    0x0, 0x0, 0x0, 0xdf, 0xff, 0xff, 0x30, 0x0,
    0x0, 0x0, 0x0, 0x0, 0x7f, 0xff, 0xff, 0x90,
    0x0, 0x0, 0x0, 0x0, 0x0, 0x1f, 0xff, 0xff,
    0xf0, 0x0, 0x0, 0x0, 0x0, 0x0, 0xb, 0xff,
    0xff, 0xf5, 0x0, 0x0, 0x0, 0x0, 0x0, 0x5,
    0xff, 0xff, 0xfb, 0x0, 0x0, 0x0, 0x0, 0x0,
    0x0, 0xff, 0xff, 0xff, 0x10, 0x0, 0x0, 0x0,
    0x0, 0x0, 0x9f, 0xff, 0xff, 0x70, 0x0, 0x0,
    0x0, 0x0, 0x0, 0x3f, 0xff, 0xff, 0xd0, 0x0,
    0x0, 0x0, 0x0, 0x0, 0xd, 0xff, 0xff, 0xf3,
    0x0, 0x0, 0x0, 0x0, 0x0, 0x8, 0xff, 0xff,
    0xf8, 0x0, 0x0, 0x0, 0x0, 0x0, 0x2, 0xff,
    0xff, 0xfe, 0x0, 0x0, 0x0, 0x0, 0x0, 0x0,
    0xcf, 0xff, 0xff, 0x40, 0x0, 0x0, 0x0, 0x0,
    0x0, 0x6f, 0xff, 0xff, 0xa0, 0x0, 0x0, 0x0,
    0x0, 0x0, 0xf, 0xff, 0xff, 0xf1, 0x0, 0x0,
    0x0, 0x0, 0x0, 0xa, 0xff, 0xff, 0xf6, 0x0,
    0x0, 0x0, 0x0, 0x0, 0x4, 0xff, 0xff, 0xfc,
    0x0, 0x0, 0x0, 0x0, 0x0, 0x0, 0xef, 0xff,
    0xff, 0x20, 0x0, 0x0, 0x0, 0x0, 0x0, 0x8f,
    0xff, 0xff, 0x80, 0x0, 0x0, 0x0, 0x0, 0x0,
    0x2f, 0xff, 0xff, 0xe0,

    /* U+005D "]" */
    0xbf, 0xff, 0xff, 0xff, 0xff, 0x9b, 0xff, 0xff,
    0xff, 0xff, 0xf9, 0xbf, 0xff, 0xff, 0xff, 0xff,
    0x9b, 0xff, 0xff, 0xff, 0xff, 0xf9, 0x8c, 0xcc,
    0xce, 0xff, 0xff, 0x90, 0x0, 0x0, 0x9f, 0xff,
    0xf9, 0x0, 0x0, 0x9, 0xff, 0xff, 0x90, 0x0,
    0x0, 0x9f, 0xff, 0xf9, 0x0, 0x0, 0x9, 0xff,
    0xff, 0x90, 0x0, 0x0, 0x9f, 0xff, 0xf9, 0x0,
    0x0, 0x9, 0xff, 0xff, 0x90, 0x0, 0x0, 0x9f,
    0xff, 0xf9, 0x0, 0x0, 0x9, 0xff, 0xff, 0x90,
    0x0, 0x0, 0x9f, 0xff, 0xf9, 0x0, 0x0, 0x9,
    0xff, 0xff, 0x90, 0x0, 0x0, 0x9f, 0xff, 0xf9,
    0x0, 0x0, 0x9, 0xff, 0xff, 0x90, 0x0, 0x0,
    0x9f, 0xff, 0xf9, 0x0, 0x0, 0x9, 0xff, 0xff,
    0x90, 0x0, 0x0, 0x9f, 0xff, 0xf9, 0x0, 0x0,
    0x9, 0xff, 0xff, 0x90, 0x0, 0x0, 0x9f, 0xff,
    0xf9, 0x0, 0x0, 0x9, 0xff, 0xff, 0x90, 0x0,
    0x0, 0x9f, 0xff, 0xf9, 0x0, 0x0, 0x9, 0xff,
    0xff, 0x90, 0x0, 0x0, 0x9f, 0xff, 0xf9, 0x0,
    0x0, 0x9, 0xff, 0xff, 0x90, 0x0, 0x0, 0x9f,
    0xff, 0xf9, 0x0, 0x0, 0x9, 0xff, 0xff, 0x90,
    0x0, 0x0, 0x9f, 0xff, 0xf9, 0x8b, 0xbb, 0xbe,
    0xff, 0xff, 0x9b, 0xff, 0xff, 0xff, 0xff, 0xf9,
    0xbf, 0xff, 0xff, 0xff, 0xff, 0x9b, 0xff, 0xff,
    0xff, 0xff, 0xf9, 0xbf, 0xff, 0xff, 0xff, 0xff,
    0x90,

    /* U+005E "^" */
    0x0, 0x0, 0x0, 0x4, 0x88, 0x88, 0x10, 0x0,
    0x0, 0x0, 0x0, 0x0, 0x0, 0xe, 0xff, 0xff,
    0x80, 0x0, 0x0, 0x0, 0x0, 0x0, 0x0, 0x8f,
    0xff, 0xff, 0xf1, 0x0, 0x0, 0x0, 0x0, 0x0,
    0x1, 0xff, 0xff, 0xff, 0xf9, 0x0, 0x0, 0x0,
    0x0, 0x0, 0x8, 0xff, 0xff, 0xff, 0xff, 0x10,
    0x0, 0x0, 0x0, 0x0, 0x1f, 0xff, 0xff, 0xff,
    0xff, 0x90, 0x0, 0x0, 0x0, 0x0, 0x8f, 0xff,
    0xff, 0xff, 0xff, 0xf2, 0x0, 0x0, 0x0, 0x1,
    0xff, 0xff, 0xfa, 0xff, 0xff, 0xf9, 0x0, 0x0,
    0x0, 0x9, 0xff, 0xff, 0xf1, 0x8f, 0xff, 0xff,
    0x20, 0x0, 0x0, 0x1f, 0xff, 0xff, 0x90, 0x1f,
    0xff, 0xff, 0xa0, 0x0, 0x0, 0x9f, 0xff, 0xff,
    0x10, 0x8, 0xff, 0xff, 0xf2, 0x0, 0x1, 0xff,
    0xff, 0xf9, 0x0, 0x1, 0xff, 0xff, 0xfa, 0x0,
    0x9, 0xff, 0xff, 0xf1, 0x0, 0x0, 0x8f, 0xff,
    0xff, 0x20, 0x2f, 0xff, 0xff, 0x90, 0x0, 0x0,
    0x1f, 0xff, 0xff, 0xa0, 0x9f, 0xff, 0xff, 0x10,
    0x0, 0x0, 0x8, 0xff, 0xff, 0xf2,

    /* U+005F "_" */
    0x24, 0x44, 0x44, 0x44, 0x44, 0x44, 0x44, 0x44,
    0x39, 0xff, 0xff, 0xff, 0xff, 0xff, 0xff, 0xff,
    0xfc, 0x9f, 0xff, 0xff, 0xff, 0xff, 0xff, 0xff,
    0xff, 0xc9, 0xff, 0xff, 0xff, 0xff, 0xff, 0xff,
    0xff, 0xfc, 0x9f, 0xff, 0xff, 0xff, 0xff, 0xff,
    0xff, 0xff, 0xc9, 0xff, 0xff, 0xff, 0xff, 0xff,
    0xff, 0xff, 0xfc,

    /* U+0060 "`" */
    0x4, 0x72, 0x0, 0x0, 0x6, 0xff, 0xf3, 0x0,
    0x0, 0xcf, 0xff, 0xe1, 0x0, 0xb, 0xff, 0xff,
    0xb0, 0x0, 0x3f, 0xff, 0xff, 0x80, 0x0, 0x2d,
    0xff, 0xff, 0x40, 0x0, 0xb, 0xff, 0xfe, 0x10,

    /* U+0061 "a" */
    0x0, 0x0, 0x0, 0x0, 0x36, 0x77, 0x65, 0x20,
    0x0, 0x0, 0x0, 0x0, 0x0, 0x19, 0xef, 0xff,
    0xff, 0xff, 0xd7, 0x0, 0x0, 0x0, 0x0, 0x6f,
    0xff, 0xff, 0xff, 0xff, 0xff, 0xfc, 0x10, 0x0,
    0x0, 0x8f, 0xff, 0xff, 0xff, 0xff, 0xff, 0xff,
    0xfc, 0x0, 0x0, 0x4f, 0xff, 0xff, 0xff, 0xcc,
    0xff, 0xff, 0xff, 0xf5, 0x0, 0x4, 0xbf, 0xff,
    0xf7, 0x0, 0x0, 0xbf, 0xff, 0xff, 0xa0, 0x0,
    0x0, 0x16, 0xca, 0x0, 0x0, 0x2, 0xff, 0xff,
    0xfe, 0x0, 0x0, 0x0, 0x0, 0x0, 0x0, 0x0,
    0xf, 0xff, 0xff, 0xf0, 0x0, 0x0, 0x0, 0x0,
    0x0, 0x1, 0x35, 0xef, 0xff, 0xff, 0x10, 0x0,
    0x0, 0x2, 0x69, 0xdf, 0xff, 0xff, 0xff, 0xff,
    0xf2, 0x0, 0x0, 0x6d, 0xff, 0xff, 0xff, 0xff,
    0xff, 0xff, 0xff, 0x20, 0x2, 0xcf, 0xff, 0xff,
    0xff, 0xff, 0xff, 0xff, 0xff, 0xf2, 0x1, 0xef,
    0xff, 0xff, 0xfe, 0xb8, 0x53, 0xcf, 0xff, 0xff,
    0x20, 0x9f, 0xff, 0xff, 0xe4, 0x0, 0x0, 0xd,
    0xff, 0xff, 0xf2, 0xe, 0xff, 0xff, 0xf6, 0x0,
    0x0, 0x0, 0xff, 0xff, 0xff, 0x20, 0xff, 0xff,
    0xff, 0x50, 0x0, 0x0, 0x6f, 0xff, 0xff, 0xf3,
    0xe, 0xff, 0xff, 0xfd, 0x20, 0x0, 0x7f, 0xff,
    0xff, 0xff, 0x30, 0xbf, 0xff, 0xff, 0xff, 0xdd,
    0xff, 0xff, 0xff, 0xff, 0xf5, 0x3, 0xff, 0xff,
    0xff, 0xff, 0xff, 0xff, 0xdf, 0xff, 0xff, 0x60,
    0x6, 0xff, 0xff, 0xff, 0xff, 0xff, 0x84, 0xff,
    0xff, 0xf8, 0x0, 0x4, 0xcf, 0xff, 0xff, 0xfd,
    0x40, 0xf, 0xff, 0xff, 0xb0, 0x0, 0x0, 0x25,
    0x77, 0x52, 0x0, 0x0, 0x0, 0x0, 0x0,

    /* U+0062 "b" */
    0xff, 0xff, 0xff, 0x10, 0x0, 0x0, 0x0, 0x0,
    0x0, 0x0, 0xf, 0xff, 0xff, 0xf1, 0x0, 0x0,
    0x0, 0x0, 0x0, 0x0, 0x0, 0xff, 0xff, 0xff,
    0x10, 0x0, 0x0, 0x0, 0x0, 0x0, 0x0, 0xf,
    0xff, 0xff, 0xf1, 0x0, 0x0, 0x0, 0x0, 0x0,
    0x0, 0x0, 0xff, 0xff, 0xff, 0x10, 0x0, 0x0,
    0x0, 0x0, 0x0, 0x0, 0xf, 0xff, 0xff, 0xf1,
    0x0, 0x0, 0x0, 0x0, 0x0, 0x0, 0x0, 0xff,
    0xff, 0xff, 0x10, 0x0, 0x0, 0x0, 0x0, 0x0,
    0x0, 0xf, 0xff, 0xff, 0xf1, 0x0, 0x4, 0x67,
    0x62, 0x0, 0x0, 0x0, 0xff, 0xff, 0xff, 0x10,
    0x7e, 0xff, 0xff, 0xfd, 0x50, 0x0, 0xf, 0xff,
    0xff, 0xf1, 0xcf, 0xff, 0xff, 0xff, 0xff, 0x90,
    0x0, 0xff, 0xff, 0xff, 0xbf, 0xff, 0xff, 0xff,
    0xff, 0xff, 0x90, 0xf, 0xff, 0xff, 0xff, 0xff,
    0xff, 0xff, 0xff, 0xff, 0xff, 0x40, 0xff, 0xff,
    0xff, 0xff, 0xb7, 0x69, 0xff, 0xff, 0xff, 0xfd,
    0xf, 0xff, 0xff, 0xff, 0x50, 0x0, 0x2, 0xef,
    0xff, 0xff, 0xf3, 0xff, 0xff, 0xff, 0x80, 0x0,
    0x0, 0x4, 0xff, 0xff, 0xff, 0x7f, 0xff, 0xff,
    0xf1, 0x0, 0x0, 0x0, 0xc, 0xff, 0xff, 0xfa,
    0xff, 0xff, 0xfe, 0x0, 0x0, 0x0, 0x0, 0x8f,
    0xff, 0xff, 0xcf, 0xff, 0xff, 0xd0, 0x0, 0x0,
    0x0, 0x7, 0xff, 0xff, 0xfd, 0xff, 0xff, 0xfd,
    0x0, 0x0, 0x0, 0x0, 0x7f, 0xff, 0xff, 0xdf,
    0xff, 0xff, 0xe0, 0x0, 0x0, 0x0, 0x9, 0xff,
    0xff, 0xfc, 0xff, 0xff, 0xff, 0x10, 0x0, 0x0,
    0x0, 0xdf, 0xff, 0xff, 0xaf, 0xff, 0xff, 0xf8,
    0x0, 0x0, 0x0, 0x5f, 0xff, 0xff, 0xf7, 0xff,
    0xff, 0xff, 0xf5, 0x0, 0x0, 0x3e, 0xff, 0xff,
    0xff, 0x2f, 0xff, 0xff, 0xff, 0xfb, 0x66, 0x9f,
    0xff, 0xff, 0xff, 0xb0, 0xff, 0xff, 0xff, 0xff,
    0xff, 0xff, 0xff, 0xff, 0xff, 0xf3, 0xf, 0xff,
    0xff, 0xfb, 0xff, 0xff, 0xff, 0xff, 0xff, 0xf8,
    0x0, 0xff, 0xff, 0xfb, 0x1d, 0xff, 0xff, 0xff,
    0xff, 0xf8, 0x0, 0xf, 0xff, 0xff, 0x70, 0x8,
    0xff, 0xff, 0xff, 0xd4, 0x0, 0x0, 0x0, 0x0,
    0x0, 0x0, 0x0, 0x46, 0x76, 0x20, 0x0, 0x0,
    0x0,

    /* U+0063 "c" */
    0x0, 0x0, 0x0, 0x0, 0x36, 0x77, 0x63, 0x0,
    0x0, 0x0, 0x0, 0x0, 0x0, 0x18, 0xef, 0xff,
    0xff, 0xff, 0x92, 0x0, 0x0, 0x0, 0x0, 0x4e,
    0xff, 0xff, 0xff, 0xff, 0xff, 0xf6, 0x0, 0x0,
    0x0, 0x5f, 0xff, 0xff, 0xff, 0xff, 0xff, 0xff,
    0xf7, 0x0, 0x0, 0x3f, 0xff, 0xff, 0xff, 0xff,
    0xff, 0xff, 0xff, 0xf4, 0x0, 0xc, 0xff, 0xff,
    0xff, 0xd8, 0x68, 0xdf, 0xff, 0xff, 0xd0, 0x3,
    0xff, 0xff, 0xff, 0xa0, 0x0, 0x0, 0xbf, 0xfc,
    0x61, 0x0, 0x9f, 0xff, 0xff, 0xd0, 0x0, 0x0,
    0x1, 0x71, 0x0, 0x0, 0xd, 0xff, 0xff, 0xf8,
    0x0, 0x0, 0x0, 0x0, 0x0, 0x0, 0x0, 0xff,
    0xff, 0xff, 0x40, 0x0, 0x0, 0x0, 0x0, 0x0,
    0x0, 0xf, 0xff, 0xff, 0xf3, 0x0, 0x0, 0x0,
    0x0, 0x0, 0x0, 0x0, 0xff, 0xff, 0xff, 0x30,
    0x0, 0x0, 0x0, 0x0, 0x0, 0x0, 0xf, 0xff,
    0xff, 0xf4, 0x0, 0x0, 0x0, 0x0, 0x0, 0x0,
    0x0, 0xcf, 0xff, 0xff, 0x80, 0x0, 0x0, 0x0,
    0x0, 0x0, 0x0, 0x9, 0xff, 0xff, 0xfe, 0x0,
    0x0, 0x0, 0x1, 0x0, 0x0, 0x0, 0x4f, 0xff,
    0xff, 0xfa, 0x0, 0x0, 0x9, 0xfb, 0x50, 0x0,
    0x0, 0xdf, 0xff, 0xff, 0xfd, 0x86, 0x7c, 0xff,
    0xff, 0xf8, 0x0, 0x4, 0xff, 0xff, 0xff, 0xff,
    0xff, 0xff, 0xff, 0xff, 0x50, 0x0, 0x7, 0xff,
    0xff, 0xff, 0xff, 0xff, 0xff, 0xff, 0x90, 0x0,
    0x0, 0x6, 0xff, 0xff, 0xff, 0xff, 0xff, 0xff,
    0x70, 0x0, 0x0, 0x0, 0x2, 0x9f, 0xff, 0xff,
    0xff, 0xf9, 0x20, 0x0, 0x0, 0x0, 0x0, 0x0,
    0x3, 0x67, 0x76, 0x30, 0x0, 0x0, 0x0,

    /* U+0064 "d" */
    0x0, 0x0, 0x0, 0x0, 0x0, 0x0, 0x0, 0x3,
    0xff, 0xff, 0xfd, 0x0, 0x0, 0x0, 0x0, 0x0,
    0x0, 0x0, 0x0, 0x3f, 0xff, 0xff, 0xd0, 0x0,
    0x0, 0x0, 0x0, 0x0, 0x0, 0x0, 0x3, 0xff,
    0xff, 0xfd, 0x0, 0x0, 0x0, 0x0, 0x0, 0x0,
    0x0, 0x0, 0x3f, 0xff, 0xff, 0xd0, 0x0, 0x0,
    0x0, 0x0, 0x0, 0x0, 0x0, 0x3, 0xff, 0xff,
    0xfd, 0x0, 0x0, 0x0, 0x0, 0x0, 0x0, 0x0,
    0x0, 0x3f, 0xff, 0xff, 0xd0, 0x0, 0x0, 0x0,
    0x0, 0x0, 0x0, 0x0, 0x3, 0xff, 0xff, 0xfd,
    0x0, 0x0, 0x0, 0x0, 0x36, 0x76, 0x30, 0x0,
    0x3f, 0xff, 0xff, 0xd0, 0x0, 0x0, 0x6, 0xef,
    0xff, 0xff, 0xd5, 0x3, 0xff, 0xff, 0xfd, 0x0,
    0x0, 0xb, 0xff, 0xff, 0xff, 0xff, 0xfa, 0x3f,
    0xff, 0xff, 0xd0, 0x0, 0xb, 0xff, 0xff, 0xff,
    0xff, 0xff, 0xfb, 0xff, 0xff, 0xfd, 0x0, 0x7,
    0xff, 0xff, 0xff, 0xff, 0xff, 0xff, 0xff, 0xff,
    0xff, 0xd0, 0x0, 0xff, 0xff, 0xff, 0xfe, 0x86,
    0x7c, 0xff, 0xff, 0xff, 0xfd, 0x0, 0x6f, 0xff,
    0xff, 0xfc, 0x10, 0x0, 0x8, 0xff, 0xff, 0xff,
    0xd0, 0xa, 0xff, 0xff, 0xff, 0x10, 0x0, 0x0,
    0xb, 0xff, 0xff, 0xfd, 0x0, 0xdf, 0xff, 0xff,
    0xa0, 0x0, 0x0, 0x0, 0x4f, 0xff, 0xff, 0xd0,
    0xf, 0xff, 0xff, 0xf6, 0x0, 0x0, 0x0, 0x1,
    0xff, 0xff, 0xfd, 0x0, 0xff, 0xff, 0xff, 0x40,
    0x0, 0x0, 0x0, 0xf, 0xff, 0xff, 0xd0, 0xf,
    0xff, 0xff, 0xf5, 0x0, 0x0, 0x0, 0x0, 0xff,
    0xff, 0xfd, 0x0, 0xff, 0xff, 0xff, 0x60, 0x0,
    0x0, 0x0, 0x1f, 0xff, 0xff, 0xd0, 0xd, 0xff,
    0xff, 0xfb, 0x0, 0x0, 0x0, 0x4, 0xff, 0xff,
    0xfd, 0x0, 0x9f, 0xff, 0xff, 0xf2, 0x0, 0x0,
    0x0, 0xaf, 0xff, 0xff, 0xe0, 0x5, 0xff, 0xff,
    0xff, 0xd1, 0x0, 0x0, 0x7f, 0xff, 0xff, 0xfe,
    0x0, 0xe, 0xff, 0xff, 0xff, 0xf9, 0x67, 0xcf,
    0xff, 0xff, 0xff, 0xf0, 0x0, 0x6f, 0xff, 0xff,
    0xff, 0xff, 0xff, 0xff, 0xff, 0xff, 0xff, 0x10,
    0x0, 0xaf, 0xff, 0xff, 0xff, 0xff, 0xff, 0xbf,
    0xff, 0xff, 0xf3, 0x0, 0x0, 0xbf, 0xff, 0xff,
    0xff, 0xff, 0xc0, 0xbf, 0xff, 0xff, 0x50, 0x0,
    0x0, 0x6e, 0xff, 0xff, 0xfe, 0x80, 0x6, 0xff,
    0xff, 0xf7, 0x0, 0x0, 0x0, 0x3, 0x67, 0x64,
    0x0, 0x0, 0x0, 0x0, 0x0, 0x0,

    /* U+0065 "e" */
    0x0, 0x0, 0x0, 0x0, 0x14, 0x67, 0x75, 0x20,
    0x0, 0x0, 0x0, 0x0, 0x0, 0x0, 0x4b, 0xff,
    0xff, 0xff, 0xfc, 0x50, 0x0, 0x0, 0x0, 0x0,
    0x1b, 0xff, 0xff, 0xff, 0xff, 0xff, 0xfb, 0x10,
    0x0, 0x0, 0x2, 0xef, 0xff, 0xff, 0xff, 0xff,
    0xff, 0xff, 0xc0, 0x0, 0x0, 0xd, 0xff, 0xff,
    0xff, 0xff, 0xff, 0xff, 0xff, 0xfa, 0x0, 0x0,
    0x9f, 0xff, 0xff, 0xfb, 0x53, 0x47, 0xef, 0xff,
    0xff, 0x40, 0x2, 0xff, 0xff, 0xff, 0x40, 0x0,
    0x0, 0xc, 0xff, 0xff, 0xc0, 0x8, 0xff, 0xff,
    0xf8, 0x0, 0x0, 0x0, 0x3, 0xff, 0xff, 0xf2,
    0xc, 0xff, 0xff, 0xf3, 0x0, 0x0, 0x0, 0x0,
    0xef, 0xff, 0xf6, 0xf, 0xff, 0xff, 0xff, 0xff,
    0xff, 0xff, 0xff, 0xff, 0xff, 0xf9, 0xf, 0xff,
    0xff, 0xff, 0xff, 0xff, 0xff, 0xff, 0xff, 0xff,
    0xfb, 0xf, 0xff, 0xff, 0xff, 0xff, 0xff, 0xff,
    0xff, 0xff, 0xff, 0xfc, 0xf, 0xff, 0xff, 0xfb,
    0xbb, 0xbb, 0xbb, 0xbb, 0xbb, 0xbb, 0xb8, 0xc,
    0xff, 0xff, 0xf3, 0x0, 0x0, 0x0, 0x0, 0x0,
    0x0, 0x0, 0x8, 0xff, 0xff, 0xf9, 0x0, 0x0,
    0x0, 0x0, 0x0, 0x0, 0x0, 0x3, 0xff, 0xff,
    0xff, 0x70, 0x0, 0x0, 0x8, 0x72, 0x0, 0x0,
    0x0, 0xbf, 0xff, 0xff, 0xfd, 0x86, 0x69, 0xef,
    0xff, 0xc6, 0x10, 0x0, 0x1e, 0xff, 0xff, 0xff,
    0xff, 0xff, 0xff, 0xff, 0xff, 0x20, 0x0, 0x3,
    0xff, 0xff, 0xff, 0xff, 0xff, 0xff, 0xff, 0xf4,
    0x0, 0x0, 0x0, 0x2d, 0xff, 0xff, 0xff, 0xff,
    0xff, 0xfd, 0x30, 0x0, 0x0, 0x0, 0x0, 0x6c,
    0xff, 0xff, 0xff, 0xfd, 0x60, 0x0, 0x0, 0x0,
    0x0, 0x0, 0x0, 0x14, 0x67, 0x75, 0x20, 0x0,
    0x0, 0x0,

    /* U+0066 "f" */
    0x0, 0x0, 0x0, 0x49, 0xce, 0xff, 0xfe, 0x0,
    0x0, 0xb, 0xff, 0xff, 0xff, 0xfe, 0x0, 0x0,
    0xaf, 0xff, 0xff, 0xff, 0xfe, 0x0, 0x1, 0xff,
    0xff, 0xff, 0xff, 0xfe, 0x0, 0x5, 0xff, 0xff,
    0xff, 0xff, 0xfd, 0x0, 0x7, 0xff, 0xff, 0xfe,
    0x20, 0x0, 0x0, 0x8, 0xff, 0xff, 0xf9, 0x0,
    0x0, 0x0, 0x8, 0xff, 0xff, 0xf9, 0x0, 0x0,
    0x0, 0x8, 0xff, 0xff, 0xf9, 0x0, 0x0, 0x0,
    0x8, 0xff, 0xff, 0xf9, 0x0, 0x0, 0xcf, 0xff,
    0xff, 0xff, 0xff, 0xff, 0xfe, 0xcf, 0xff, 0xff,
    0xff, 0xff, 0xff, 0xfe, 0xcf, 0xff, 0xff, 0xff,
    0xff, 0xff, 0xfe, 0xcf, 0xff, 0xff, 0xff, 0xff,
    0xff, 0xfe, 0x9c, 0xce, 0xff, 0xff, 0xfe, 0xcc,
    0xca, 0x0, 0x8, 0xff, 0xff, 0xf9, 0x0, 0x0,
    0x0, 0x8, 0xff, 0xff, 0xf9, 0x0, 0x0, 0x0,
    0x8, 0xff, 0xff, 0xf9, 0x0, 0x0, 0x0, 0x8,
    0xff, 0xff, 0xf9, 0x0, 0x0, 0x0, 0x8, 0xff,
    0xff, 0xf9, 0x0, 0x0, 0x0, 0x8, 0xff, 0xff,
    0xf9, 0x0, 0x0, 0x0, 0x8, 0xff, 0xff, 0xf9,
    0x0, 0x0, 0x0, 0x8, 0xff, 0xff, 0xf9, 0x0,
    0x0, 0x0, 0x8, 0xff, 0xff, 0xf9, 0x0, 0x0,
    0x0, 0x8, 0xff, 0xff, 0xf9, 0x0, 0x0, 0x0,
    0x8, 0xff, 0xff, 0xf9, 0x0, 0x0, 0x0, 0x8,
    0xff, 0xff, 0xf9, 0x0, 0x0, 0x0, 0x8, 0xff,
    0xff, 0xf9, 0x0, 0x0, 0x0, 0x8, 0xff, 0xff,
    0xf9, 0x0, 0x0, 0x0, 0x8, 0xff, 0xff, 0xf9,
    0x0, 0x0,

    /* U+0067 "g" */
    0x0, 0x0, 0x0, 0x4, 0x67, 0x52, 0x0, 0x0,
    0x0, 0x0, 0x0, 0x0, 0x0, 0x7, 0xef, 0xff,
    0xff, 0xc4, 0x0, 0x8f, 0xff, 0xfd, 0x0, 0x1,
    0xcf, 0xff, 0xff, 0xff, 0xff, 0x80, 0xdf, 0xff,
    0xfd, 0x0, 0xc, 0xff, 0xff, 0xff, 0xff, 0xff,
    0xf9, 0xff, 0xff, 0xfd, 0x0, 0x7f, 0xff, 0xff,
    0xff, 0xff, 0xff, 0xff, 0xff, 0xff, 0xfd, 0x1,
    0xff, 0xff, 0xff, 0xfe, 0x96, 0x7c, 0xff, 0xff,
    0xff, 0xfd, 0x6, 0xff, 0xff, 0xff, 0xb0, 0x0,
    0x0, 0x6f, 0xff, 0xff, 0xfd, 0xb, 0xff, 0xff,
    0xfe, 0x0, 0x0, 0x0, 0x9, 0xff, 0xff, 0xfd,
    0xd, 0xff, 0xff, 0xf8, 0x0, 0x0, 0x0, 0x3,
    0xff, 0xff, 0xfd, 0xf, 0xff, 0xff, 0xf5, 0x0,
    0x0, 0x0, 0x0, 0xff, 0xff, 0xfd, 0xf, 0xff,
    0xff, 0xf4, 0x0, 0x0, 0x0, 0x0, 0xff, 0xff,
    0xfd, 0xf, 0xff, 0xff, 0xf5, 0x0, 0x0, 0x0,
    0x0, 0xff, 0xff, 0xfd, 0xf, 0xff, 0xff, 0xf8,
    0x0, 0x0, 0x0, 0x2, 0xff, 0xff, 0xfd, 0xc,
    0xff, 0xff, 0xfd, 0x0, 0x0, 0x0, 0x6, 0xff,
    0xff, 0xfd, 0x8, 0xff, 0xff, 0xff, 0x70, 0x0,
    0x0, 0x1e, 0xff, 0xff, 0xfd, 0x2, 0xff, 0xff,
    0xff, 0xfa, 0x20, 0x15, 0xef, 0xff, 0xff, 0xfd,
    0x0, 0xaf, 0xff, 0xff, 0xff, 0xff, 0xff, 0xff,
    0xff, 0xff, 0xfd, 0x0, 0x1e, 0xff, 0xff, 0xff,
    0xff, 0xff, 0xff, 0xff, 0xff, 0xfd, 0x0, 0x2,
    0xef, 0xff, 0xff, 0xff, 0xff, 0xd4, 0xff, 0xff,
    0xfd, 0x0, 0x0, 0x1b, 0xff, 0xff, 0xff, 0xfa,
    0x13, 0xff, 0xff, 0xfd, 0x0, 0x0, 0x0, 0x39,
    0xcd, 0xb8, 0x30, 0x3, 0xff, 0xff, 0xfc, 0x0,
    0x0, 0x0, 0x0, 0x0, 0x0, 0x0, 0x3, 0xff,
    0xff, 0xfb, 0x0, 0x0, 0x0, 0x0, 0x0, 0x0,
    0x0, 0x6, 0xff, 0xff, 0xf9, 0x0, 0x0, 0x0,
    0x5b, 0x20, 0x0, 0x0, 0xc, 0xff, 0xff, 0xf5,
    0x0, 0x4, 0xaf, 0xff, 0xe6, 0x10, 0x15, 0xdf,
    0xff, 0xff, 0xf1, 0x0, 0xb, 0xff, 0xff, 0xff,
    0xff, 0xff, 0xff, 0xff, 0xff, 0x90, 0x0, 0x1,
    0xef, 0xff, 0xff, 0xff, 0xff, 0xff, 0xff, 0xfd,
    0x10, 0x0, 0x0, 0x2e, 0xff, 0xff, 0xff, 0xff,
    0xff, 0xff, 0xd2, 0x0, 0x0, 0x0, 0x1, 0x9f,
    0xff, 0xff, 0xff, 0xff, 0xe8, 0x0, 0x0, 0x0,
    0x0, 0x0, 0x0, 0x59, 0xbc, 0xba, 0x84, 0x0,
    0x0, 0x0,

    /* U+0068 "h" */
    0xff, 0xff, 0xff, 0x10, 0x0, 0x0, 0x0, 0x0,
    0x0, 0xf, 0xff, 0xff, 0xf1, 0x0, 0x0, 0x0,
    0x0, 0x0, 0x0, 0xff, 0xff, 0xff, 0x10, 0x0,
    0x0, 0x0, 0x0, 0x0, 0xf, 0xff, 0xff, 0xf1,
    0x0, 0x0, 0x0, 0x0, 0x0, 0x0, 0xff, 0xff,
    0xff, 0x10, 0x0, 0x0, 0x0, 0x0, 0x0, 0xf,
    0xff, 0xff, 0xf1, 0x0, 0x0, 0x0, 0x0, 0x0,
    0x0, 0xff, 0xff, 0xff, 0x10, 0x0, 0x0, 0x0,
    0x0, 0x0, 0xf, 0xff, 0xff, 0xf1, 0x0, 0x4,
    0x77, 0x63, 0x0, 0x0, 0xff, 0xff, 0xff, 0x10,
    0x7f, 0xff, 0xff, 0xfe, 0x40, 0xf, 0xff, 0xff,
    0xf2, 0xbf, 0xff, 0xff, 0xff, 0xff, 0x40, 0xff,
    0xff, 0xff, 0xbf, 0xff, 0xff, 0xff, 0xff, 0xfd,
    0xf, 0xff, 0xff, 0xff, 0xff, 0xff, 0xff, 0xff,
    0xff, 0xf4, 0xff, 0xff, 0xff, 0xff, 0x96, 0x7d,
    0xff, 0xff, 0xff, 0x8f, 0xff, 0xff, 0xff, 0x30,
    0x0, 0xd, 0xff, 0xff, 0xfb, 0xff, 0xff, 0xff,
    0x90, 0x0, 0x0, 0x7f, 0xff, 0xff, 0xcf, 0xff,
    0xff, 0xf4, 0x0, 0x0, 0x5, 0xff, 0xff, 0xfd,
    0xff, 0xff, 0xff, 0x20, 0x0, 0x0, 0x4f, 0xff,
    0xff, 0xef, 0xff, 0xff, 0xf1, 0x0, 0x0, 0x3,
    0xff, 0xff, 0xfe, 0xff, 0xff, 0xff, 0x10, 0x0,
    0x0, 0x3f, 0xff, 0xff, 0xef, 0xff, 0xff, 0xf1,
    0x0, 0x0, 0x3, 0xff, 0xff, 0xfe, 0xff, 0xff,
    0xff, 0x10, 0x0, 0x0, 0x3f, 0xff, 0xff, 0xef,
    0xff, 0xff, 0xf1, 0x0, 0x0, 0x3, 0xff, 0xff,
    0xfe, 0xff, 0xff, 0xff, 0x10, 0x0, 0x0, 0x3f,
    0xff, 0xff, 0xef, 0xff, 0xff, 0xf1, 0x0, 0x0,
    0x3, 0xff, 0xff, 0xfe, 0xff, 0xff, 0xff, 0x10,
    0x0, 0x0, 0x3f, 0xff, 0xff, 0xef, 0xff, 0xff,
    0xf1, 0x0, 0x0, 0x3, 0xff, 0xff, 0xfe, 0xff,
    0xff, 0xff, 0x10, 0x0, 0x0, 0x3f, 0xff, 0xff,
    0xef, 0xff, 0xff, 0xf1, 0x0, 0x0, 0x3, 0xff,
    0xff, 0xfe,

    /* U+0069 "i" */
    0x0, 0x0, 0x2, 0xbf, 0xe8, 0x0, 0x0, 0x0,
    0x2f, 0xff, 0xff, 0xa0, 0x0, 0x0, 0x9f, 0xff,
    0xff, 0xf3, 0x0, 0x0, 0xcf, 0xff, 0xff, 0xf6,
    0x0, 0x0, 0xbf, 0xff, 0xff, 0xf4, 0x0, 0x0,
    0x5f, 0xff, 0xff, 0xe0, 0x0, 0x0, 0x8, 0xff,
    0xfe, 0x30, 0x0, 0x0, 0x0, 0x25, 0x50, 0x0,
    0x0, 0x0, 0x0, 0x0, 0x0, 0x0, 0x0, 0x0,
    0x0, 0x0, 0x0, 0x0, 0x0, 0x0, 0x0, 0x0,
    0x0, 0x0, 0xf, 0xff, 0xff, 0xff, 0xff, 0xd0,
    0xf, 0xff, 0xff, 0xff, 0xff, 0xd0, 0xf, 0xff,
    0xff, 0xff, 0xff, 0xd0, 0xf, 0xff, 0xff, 0xff,
    0xff, 0xd0, 0xc, 0xcc, 0xdf, 0xff, 0xff, 0xd0,
    0x0, 0x0, 0x4f, 0xff, 0xff, 0xd0, 0x0, 0x0,
    0x4f, 0xff, 0xff, 0xd0, 0x0, 0x0, 0x4f, 0xff,
    0xff, 0xd0, 0x0, 0x0, 0x4f, 0xff, 0xff, 0xd0,
    0x0, 0x0, 0x4f, 0xff, 0xff, 0xd0, 0x0, 0x0,
    0x4f, 0xff, 0xff, 0xd0, 0x0, 0x0, 0x4f, 0xff,
    0xff, 0xd0, 0x0, 0x0, 0x4f, 0xff, 0xff, 0xd0,
    0x0, 0x0, 0x4f, 0xff, 0xff, 0xd0, 0x0, 0x0,
    0x4f, 0xff, 0xff, 0xd0, 0x0, 0x0, 0x4f, 0xff,
    0xff, 0xd0, 0x0, 0x0, 0x4f, 0xff, 0xff, 0xd0,
    0x0, 0x0, 0x4f, 0xff, 0xff, 0xd0, 0x0, 0x0,
    0x4f, 0xff, 0xff, 0xd0, 0x0, 0x0, 0x4f, 0xff,
    0xff, 0xd0,

    /* U+006A "j" */
    0x0, 0x0, 0x0, 0x7e, 0xfc, 0x30, 0x0, 0x0,
    0x9, 0xff, 0xff, 0xf2, 0x0, 0x0, 0x1f, 0xff,
    0xff, 0xfa, 0x0, 0x0, 0x4f, 0xff, 0xff, 0xfd,
    0x0, 0x0, 0x3f, 0xff, 0xff, 0xfc, 0x0, 0x0,
    0xd, 0xff, 0xff, 0xf6, 0x0, 0x0, 0x2, 0xdf,
    0xff, 0x90, 0x0, 0x0, 0x0, 0x4, 0x62, 0x0,
    0x0, 0x0, 0x0, 0x0, 0x0, 0x0, 0x0, 0x0,
    0x0, 0x0, 0x0, 0x0, 0x0, 0x0, 0x0, 0x0,
    0x0, 0x0, 0x0, 0x0, 0xc, 0xff, 0xff, 0xf4,
    0x0, 0x0, 0xc, 0xff, 0xff, 0xf4, 0x0, 0x0,
    0xc, 0xff, 0xff, 0xf4, 0x0, 0x0, 0xc, 0xff,
    0xff, 0xf4, 0x0, 0x0, 0xc, 0xff, 0xff, 0xf4,
    0x0, 0x0, 0xc, 0xff, 0xff, 0xf4, 0x0, 0x0,
    0xc, 0xff, 0xff, 0xf4, 0x0, 0x0, 0xc, 0xff,
    0xff, 0xf4, 0x0, 0x0, 0xc, 0xff, 0xff, 0xf4,
    0x0, 0x0, 0xc, 0xff, 0xff, 0xf4, 0x0, 0x0,
    0xc, 0xff, 0xff, 0xf4, 0x0, 0x0, 0xc, 0xff,
    0xff, 0xf4, 0x0, 0x0, 0xc, 0xff, 0xff, 0xf4,
    0x0, 0x0, 0xc, 0xff, 0xff, 0xf4, 0x0, 0x0,
    0xc, 0xff, 0xff, 0xf4, 0x0, 0x0, 0xc, 0xff,
    0xff, 0xf4, 0x0, 0x0, 0xc, 0xff, 0xff, 0xf4,
    0x0, 0x0, 0xc, 0xff, 0xff, 0xf4, 0x0, 0x0,
    0xc, 0xff, 0xff, 0xf4, 0x0, 0x0, 0xc, 0xff,
    0xff, 0xf4, 0x0, 0x0, 0xd, 0xff, 0xff, 0xf4,
    0x0, 0x0, 0x3f, 0xff, 0xff, 0xf4, 0xbf, 0xff,
    0xff, 0xff, 0xff, 0xf3, 0xcf, 0xff, 0xff, 0xff,
    0xff, 0xf0, 0xcf, 0xff, 0xff, 0xff, 0xff, 0x80,
    0xcf, 0xff, 0xff, 0xff, 0xf9, 0x0, 0xcf, 0xff,
    0xfe, 0xc9, 0x30, 0x0,

    /* U+006B "k" */
    0xff, 0xff, 0xff, 0x10, 0x0, 0x0, 0x0, 0x0,
    0x0, 0x0, 0xf, 0xff, 0xff, 0xf1, 0x0, 0x0,
    0x0, 0x0, 0x0, 0x0, 0x0, 0xff, 0xff, 0xff,
    0x10, 0x0, 0x0, 0x0, 0x0, 0x0, 0x0, 0xf,
    0xff, 0xff, 0xf1, 0x0, 0x0, 0x0, 0x0, 0x0,
    0x0, 0x0, 0xff, 0xff, 0xff, 0x10, 0x0, 0x0,
    0x0, 0x0, 0x0, 0x0, 0xf, 0xff, 0xff, 0xf1,
    0x0, 0x0, 0x0, 0x0, 0x0, 0x0, 0x0, 0xff,
    0xff, 0xff, 0x10, 0x0, 0x0, 0x0, 0x0, 0x0,
    0x0, 0xf, 0xff, 0xff, 0xf1, 0x0, 0x0, 0x0,
    0x0, 0x0, 0x0, 0x0, 0xff, 0xff, 0xff, 0x10,
    0x0, 0x0, 0xbf, 0xff, 0xff, 0xf7, 0xf, 0xff,
    0xff, 0xf1, 0x0, 0x0, 0x9f, 0xff, 0xff, 0xf8,
    0x0, 0xff, 0xff, 0xff, 0x10, 0x0, 0x7f, 0xff,
    0xff, 0xf9, 0x0, 0xf, 0xff, 0xff, 0xf1, 0x0,
    0x5f, 0xff, 0xff, 0xfa, 0x0, 0x0, 0xff, 0xff,
    0xff, 0x10, 0x4f, 0xff, 0xff, 0xfb, 0x0, 0x0,
    0xf, 0xff, 0xff, 0xf1, 0x2e, 0xff, 0xff, 0xfc,
    0x0, 0x0, 0x0, 0xff, 0xff, 0xff, 0x2e, 0xff,
    0xff, 0xfc, 0x0, 0x0, 0x0, 0xf, 0xff, 0xff,
    0xfd, 0xff, 0xff, 0xfd, 0x10, 0x0, 0x0, 0x0,
    0xff, 0xff, 0xff, 0xff, 0xff, 0xff, 0x50, 0x0,
    0x0, 0x0, 0xf, 0xff, 0xff, 0xff, 0xff, 0xff,
    0xfe, 0x10, 0x0, 0x0, 0x0, 0xff, 0xff, 0xff,
    0xff, 0xff, 0xff, 0xfb, 0x0, 0x0, 0x0, 0xf,
    0xff, 0xff, 0xff, 0xff, 0xff, 0xff, 0xf6, 0x0,
    0x0, 0x0, 0xff, 0xff, 0xff, 0xff, 0xff, 0xff,
    0xff, 0xf2, 0x0, 0x0, 0xf, 0xff, 0xff, 0xff,
    0x74, 0xff, 0xff, 0xff, 0xd0, 0x0, 0x0, 0xff,
    0xff, 0xff, 0x80, 0x9, 0xff, 0xff, 0xff, 0x90,
    0x0, 0xf, 0xff, 0xff, 0xf1, 0x0, 0xd, 0xff,
    0xff, 0xff, 0x40, 0x0, 0xff, 0xff, 0xff, 0x10,
    0x0, 0x3f, 0xff, 0xff, 0xfe, 0x10, 0xf, 0xff,
    0xff, 0xf1, 0x0, 0x0, 0x7f, 0xff, 0xff, 0xfb,
    0x0, 0xff, 0xff, 0xff, 0x10, 0x0, 0x0, 0xbf,
    0xff, 0xff, 0xf7, 0xf, 0xff, 0xff, 0xf1, 0x0,
    0x0, 0x1, 0xef, 0xff, 0xff, 0xf2,

    /* U+006C "l" */
    0xff, 0xff, 0xff, 0x10, 0x0, 0xf, 0xff, 0xff,
    0xf1, 0x0, 0x0, 0xff, 0xff, 0xff, 0x10, 0x0,
    0xf, 0xff, 0xff, 0xf1, 0x0, 0x0, 0xff, 0xff,
    0xff, 0x10, 0x0, 0xf, 0xff, 0xff, 0xf1, 0x0,
    0x0, 0xff, 0xff, 0xff, 0x10, 0x0, 0xf, 0xff,
    0xff, 0xf1, 0x0, 0x0, 0xff, 0xff, 0xff, 0x10,
    0x0, 0xf, 0xff, 0xff, 0xf1, 0x0, 0x0, 0xff,
    0xff, 0xff, 0x10, 0x0, 0xf, 0xff, 0xff, 0xf1,
    0x0, 0x0, 0xff, 0xff, 0xff, 0x10, 0x0, 0xf,
    0xff, 0xff, 0xf1, 0x0, 0x0, 0xff, 0xff, 0xff,
    0x10, 0x0, 0xf, 0xff, 0xff, 0xf1, 0x0, 0x0,
    0xff, 0xff, 0xff, 0x10, 0x0, 0xf, 0xff, 0xff,
    0xf1, 0x0, 0x0, 0xff, 0xff, 0xff, 0x10, 0x0,
    0xf, 0xff, 0xff, 0xf1, 0x0, 0x0, 0xff, 0xff,
    0xff, 0x10, 0x0, 0xf, 0xff, 0xff, 0xf2, 0x0,
    0x0, 0xff, 0xff, 0xff, 0xb3, 0x21, 0xe, 0xff,
    0xff, 0xff, 0xff, 0xf7, 0xcf, 0xff, 0xff, 0xff,
    0xff, 0x78, 0xff, 0xff, 0xff, 0xff, 0xf7, 0xd,
    0xff, 0xff, 0xff, 0xff, 0x70, 0x7, 0xbe, 0xff,
    0xff, 0xf7,

    /* U+006D "m" */
    0x0, 0x0, 0x0, 0x0, 0x1, 0x57, 0x75, 0x20,
    0x0, 0x0, 0x0, 0x25, 0x77, 0x51, 0x0, 0x0,
    0xff, 0xff, 0xf7, 0x0, 0x8f, 0xff, 0xff, 0xfc,
    0x20, 0x0, 0x5d, 0xff, 0xff, 0xff, 0xa1, 0x0,
    0xff, 0xff, 0xfb, 0xc, 0xff, 0xff, 0xff, 0xff,
    0xe2, 0xb, 0xff, 0xff, 0xff, 0xff, 0xfc, 0x0,
    0xff, 0xff, 0xff, 0xbf, 0xff, 0xff, 0xff, 0xff,
    0xfb, 0xaf, 0xff, 0xff, 0xff, 0xff, 0xff, 0x70,
    0xff, 0xff, 0xff, 0xff, 0xff, 0xff, 0xff, 0xff,
    0xff, 0xff, 0xff, 0xff, 0xff, 0xff, 0xff, 0xd0,
    0xff, 0xff, 0xff, 0xff, 0x86, 0x7d, 0xff, 0xff,
    0xff, 0xff, 0xd7, 0x69, 0xff, 0xff, 0xff, 0xf1,
    0xff, 0xff, 0xff, 0xf2, 0x0, 0x1, 0xef, 0xff,
    0xff, 0xfb, 0x0, 0x0, 0x5f, 0xff, 0xff, 0xf4,
    0xff, 0xff, 0xff, 0x90, 0x0, 0x0, 0x9f, 0xff,
    0xff, 0xf3, 0x0, 0x0, 0xe, 0xff, 0xff, 0xf5,
    0xff, 0xff, 0xff, 0x40, 0x0, 0x0, 0x7f, 0xff,
    0xff, 0xf0, 0x0, 0x0, 0xc, 0xff, 0xff, 0xf6,
    0xff, 0xff, 0xff, 0x20, 0x0, 0x0, 0x6f, 0xff,
    0xff, 0xd0, 0x0, 0x0, 0xb, 0xff, 0xff, 0xf7,
    0xff, 0xff, 0xff, 0x10, 0x0, 0x0, 0x5f, 0xff,
    0xff, 0xc0, 0x0, 0x0, 0xa, 0xff, 0xff, 0xf7,
    0xff, 0xff, 0xff, 0x10, 0x0, 0x0, 0x5f, 0xff,
    0xff, 0xc0, 0x0, 0x0, 0xa, 0xff, 0xff, 0xf7,
    0xff, 0xff, 0xff, 0x10, 0x0, 0x0, 0x5f, 0xff,
    0xff, 0xc0, 0x0, 0x0, 0xa, 0xff, 0xff, 0xf7,
    0xff, 0xff, 0xff, 0x10, 0x0, 0x0, 0x5f, 0xff,
    0xff, 0xc0, 0x0, 0x0, 0xa, 0xff, 0xff, 0xf7,
    0xff, 0xff, 0xff, 0x10, 0x0, 0x0, 0x5f, 0xff,
    0xff, 0xc0, 0x0, 0x0, 0xa, 0xff, 0xff, 0xf7,
    0xff, 0xff, 0xff, 0x10, 0x0, 0x0, 0x5f, 0xff,
    0xff, 0xc0, 0x0, 0x0, 0xa, 0xff, 0xff, 0xf7,
    0xff, 0xff, 0xff, 0x10, 0x0, 0x0, 0x5f, 0xff,
    0xff, 0xc0, 0x0, 0x0, 0xa, 0xff, 0xff, 0xf7,
    0xff, 0xff, 0xff, 0x10, 0x0, 0x0, 0x5f, 0xff,
    0xff, 0xc0, 0x0, 0x0, 0xa, 0xff, 0xff, 0xf7,
    0xff, 0xff, 0xff, 0x10, 0x0, 0x0, 0x5f, 0xff,
    0xff, 0xc0, 0x0, 0x0, 0xa, 0xff, 0xff, 0xf7,
    0xff, 0xff, 0xff, 0x10, 0x0, 0x0, 0x5f, 0xff,
    0xff, 0xc0, 0x0, 0x0, 0xa, 0xff, 0xff, 0xf7,
    0xff, 0xff, 0xff, 0x10, 0x0, 0x0, 0x5f, 0xff,
    0xff, 0xc0, 0x0, 0x0, 0xa, 0xff, 0xff, 0xf7,

    /* U+006E "n" */
    0x0, 0x0, 0x0, 0x0, 0x0, 0x47, 0x76, 0x30,
    0x0, 0xf, 0xff, 0xff, 0x70, 0x8, 0xff, 0xff,
    0xff, 0xe4, 0x0, 0xff, 0xff, 0xfb, 0xb, 0xff,
    0xff, 0xff, 0xff, 0xf4, 0xf, 0xff, 0xff, 0xfb,
    0xff, 0xff, 0xff, 0xff, 0xff, 0xd0, 0xff, 0xff,
    0xff, 0xff, 0xff, 0xff, 0xff, 0xff, 0xff, 0x4f,
    0xff, 0xff, 0xff, 0xf9, 0x67, 0xdf, 0xff, 0xff,
    0xf8, 0xff, 0xff, 0xff, 0xf3, 0x0, 0x0, 0xdf,
    0xff, 0xff, 0xbf, 0xff, 0xff, 0xf9, 0x0, 0x0,
    0x7, 0xff, 0xff, 0xfc, 0xff, 0xff, 0xff, 0x40,
    0x0, 0x0, 0x5f, 0xff, 0xff, 0xdf, 0xff, 0xff,
    0xf2, 0x0, 0x0, 0x4, 0xff, 0xff, 0xfe, 0xff,
    0xff, 0xff, 0x10, 0x0, 0x0, 0x3f, 0xff, 0xff,
    0xef, 0xff, 0xff, 0xf1, 0x0, 0x0, 0x3, 0xff,
    0xff, 0xfe, 0xff, 0xff, 0xff, 0x10, 0x0, 0x0,
    0x3f, 0xff, 0xff, 0xef, 0xff, 0xff, 0xf1, 0x0,
    0x0, 0x3, 0xff, 0xff, 0xfe, 0xff, 0xff, 0xff,
    0x10, 0x0, 0x0, 0x3f, 0xff, 0xff, 0xef, 0xff,
    0xff, 0xf1, 0x0, 0x0, 0x3, 0xff, 0xff, 0xfe,
    0xff, 0xff, 0xff, 0x10, 0x0, 0x0, 0x3f, 0xff,
    0xff, 0xef, 0xff, 0xff, 0xf1, 0x0, 0x0, 0x3,
    0xff, 0xff, 0xfe, 0xff, 0xff, 0xff, 0x10, 0x0,
    0x0, 0x3f, 0xff, 0xff, 0xef, 0xff, 0xff, 0xf1,
    0x0, 0x0, 0x3, 0xff, 0xff, 0xfe, 0xff, 0xff,
    0xff, 0x10, 0x0, 0x0, 0x3f, 0xff, 0xff, 0xe0,

    /* U+006F "o" */
    0x0, 0x0, 0x0, 0x0, 0x25, 0x77, 0x75, 0x10,
    0x0, 0x0, 0x0, 0x0, 0x0, 0x0, 0x7d, 0xff,
    0xff, 0xff, 0xfd, 0x60, 0x0, 0x0, 0x0, 0x0,
    0x4e, 0xff, 0xff, 0xff, 0xff, 0xff, 0xfd, 0x30,
    0x0, 0x0, 0x5, 0xff, 0xff, 0xff, 0xff, 0xff,
    0xff, 0xff, 0xf4, 0x0, 0x0, 0x3f, 0xff, 0xff,
    0xff, 0xff, 0xff, 0xff, 0xff, 0xff, 0x20, 0x0,
    0xcf, 0xff, 0xff, 0xfd, 0x76, 0x8d, 0xff, 0xff,
    0xff, 0xb0, 0x4, 0xff, 0xff, 0xff, 0x90, 0x0,
    0x0, 0xaf, 0xff, 0xff, 0xf2, 0x9, 0xff, 0xff,
    0xfd, 0x0, 0x0, 0x0, 0xe, 0xff, 0xff, 0xf8,
    0xd, 0xff, 0xff, 0xf7, 0x0, 0x0, 0x0, 0x8,
    0xff, 0xff, 0xfb, 0xf, 0xff, 0xff, 0xf4, 0x0,
    0x0, 0x0, 0x5, 0xff, 0xff, 0xfd, 0xf, 0xff,
    0xff, 0xf2, 0x0, 0x0, 0x0, 0x4, 0xff, 0xff,
    0xfe, 0xf, 0xff, 0xff, 0xf2, 0x0, 0x0, 0x0,
    0x4, 0xff, 0xff, 0xfe, 0xf, 0xff, 0xff, 0xf4,
    0x0, 0x0, 0x0, 0x5, 0xff, 0xff, 0xfd, 0xc,
    0xff, 0xff, 0xf7, 0x0, 0x0, 0x0, 0x8, 0xff,
    0xff, 0xfb, 0x9, 0xff, 0xff, 0xfd, 0x0, 0x0,
    0x0, 0xe, 0xff, 0xff, 0xf7, 0x3, 0xff, 0xff,
    0xff, 0x90, 0x0, 0x0, 0xaf, 0xff, 0xff, 0xf2,
    0x0, 0xcf, 0xff, 0xff, 0xfd, 0x76, 0x7d, 0xff,
    0xff, 0xff, 0xa0, 0x0, 0x2f, 0xff, 0xff, 0xff,
    0xff, 0xff, 0xff, 0xff, 0xfe, 0x10, 0x0, 0x4,
    0xff, 0xff, 0xff, 0xff, 0xff, 0xff, 0xff, 0xf3,
    0x0, 0x0, 0x0, 0x3e, 0xff, 0xff, 0xff, 0xff,
    0xff, 0xfd, 0x20, 0x0, 0x0, 0x0, 0x0, 0x7d,
    0xff, 0xff, 0xff, 0xfc, 0x60, 0x0, 0x0, 0x0,
    0x0, 0x0, 0x0, 0x25, 0x77, 0x75, 0x10, 0x0,
    0x0, 0x0,

    /* U+0070 "p" */
    0x0, 0x0, 0x0, 0x0, 0x0, 0x46, 0x76, 0x20,
    0x0, 0x0, 0xf, 0xff, 0xff, 0x60, 0x7, 0xef,
    0xff, 0xff, 0xc4, 0x0, 0x0, 0xff, 0xff, 0xfb,
    0xc, 0xff, 0xff, 0xff, 0xff, 0xf8, 0x0, 0xf,
    0xff, 0xff, 0xfa, 0xff, 0xff, 0xff, 0xff, 0xff,
    0xf8, 0x0, 0xff, 0xff, 0xff, 0xff, 0xff, 0xff,
    0xff, 0xff, 0xff, 0xf3, 0xf, 0xff, 0xff, 0xff,
    0xfb, 0x66, 0x9f, 0xff, 0xff, 0xff, 0xc0, 0xff,
    0xff, 0xff, 0xf4, 0x0, 0x0, 0x3e, 0xff, 0xff,
    0xff, 0x2f, 0xff, 0xff, 0xf7, 0x0, 0x0, 0x0,
    0x5f, 0xff, 0xff, 0xf7, 0xff, 0xff, 0xff, 0x10,
    0x0, 0x0, 0x0, 0xdf, 0xff, 0xff, 0xaf, 0xff,
    0xff, 0xe0, 0x0, 0x0, 0x0, 0x9, 0xff, 0xff,
    0xfc, 0xff, 0xff, 0xfd, 0x0, 0x0, 0x0, 0x0,
    0x7f, 0xff, 0xff, 0xdf, 0xff, 0xff, 0xd0, 0x0,
    0x0, 0x0, 0x7, 0xff, 0xff, 0xfd, 0xff, 0xff,
    0xfe, 0x0, 0x0, 0x0, 0x0, 0x9f, 0xff, 0xff,
    0xcf, 0xff, 0xff, 0xf2, 0x0, 0x0, 0x0, 0xc,
    0xff, 0xff, 0xfa, 0xff, 0xff, 0xff, 0x90, 0x0,
    0x0, 0x4, 0xff, 0xff, 0xff, 0x7f, 0xff, 0xff,
    0xff, 0x50, 0x0, 0x2, 0xef, 0xff, 0xff, 0xf3,
    0xff, 0xff, 0xff, 0xff, 0xb6, 0x69, 0xff, 0xff,
    0xff, 0xfc, 0xf, 0xff, 0xff, 0xff, 0xff, 0xff,
    0xff, 0xff, 0xff, 0xff, 0x40, 0xff, 0xff, 0xff,
    0xaf, 0xff, 0xff, 0xff, 0xff, 0xff, 0x90, 0xf,
    0xff, 0xff, 0xf1, 0xbf, 0xff, 0xff, 0xff, 0xff,
    0x90, 0x0, 0xff, 0xff, 0xff, 0x10, 0x7e, 0xff,
    0xff, 0xfd, 0x50, 0x0, 0xf, 0xff, 0xff, 0xf1,
    0x0, 0x4, 0x67, 0x62, 0x0, 0x0, 0x0, 0xff,
    0xff, 0xff, 0x10, 0x0, 0x0, 0x0, 0x0, 0x0,
    0x0, 0xf, 0xff, 0xff, 0xf1, 0x0, 0x0, 0x0,
    0x0, 0x0, 0x0, 0x0, 0xff, 0xff, 0xff, 0x10,
    0x0, 0x0, 0x0, 0x0, 0x0, 0x0, 0xf, 0xff,
    0xff, 0xf1, 0x0, 0x0, 0x0, 0x0, 0x0, 0x0,
    0x0, 0xff, 0xff, 0xff, 0x10, 0x0, 0x0, 0x0,
    0x0, 0x0, 0x0, 0xf, 0xff, 0xff, 0xf1, 0x0,
    0x0, 0x0, 0x0, 0x0, 0x0, 0x0,

    /* U+0071 "q" */
    0x0, 0x0, 0x0, 0x3, 0x67, 0x63, 0x0, 0x0,
    0x0, 0x0, 0x0, 0x0, 0x0, 0x0, 0x0, 0x0,
    0x6d, 0xff, 0xff, 0xfd, 0x50, 0x9, 0xff, 0xff,
    0xd0, 0x0, 0x0, 0x0, 0x0, 0xaf, 0xff, 0xff,
    0xff, 0xff, 0xa0, 0xdf, 0xff, 0xfd, 0x0, 0x0,
    0x0, 0x0, 0xaf, 0xff, 0xff, 0xff, 0xff, 0xff,
    0x9f, 0xff, 0xff, 0xd0, 0x0, 0x0, 0x0, 0x6f,
    0xff, 0xff, 0xff, 0xff, 0xff, 0xff, 0xff, 0xff,
    0xfd, 0x0, 0x0, 0x0, 0xe, 0xff, 0xff, 0xff,
    0xf9, 0x67, 0xcf, 0xff, 0xff, 0xff, 0xd0, 0x0,
    0x0, 0x5, 0xff, 0xff, 0xff, 0xd1, 0x0, 0x0,
    0x7f, 0xff, 0xff, 0xfd, 0x0, 0x0, 0x0, 0xaf,
    0xff, 0xff, 0xf2, 0x0, 0x0, 0x0, 0xaf, 0xff,
    0xff, 0xd0, 0x0, 0x0, 0xd, 0xff, 0xff, 0xfa,
    0x0, 0x0, 0x0, 0x4, 0xff, 0xff, 0xfd, 0x0,
    0x0, 0x0, 0xff, 0xff, 0xff, 0x60, 0x0, 0x0,
    0x0, 0xf, 0xff, 0xff, 0xd0, 0x0, 0x0, 0xf,
    0xff, 0xff, 0xf5, 0x0, 0x0, 0x0, 0x0, 0xff,
    0xff, 0xfd, 0x0, 0x0, 0x0, 0xff, 0xff, 0xff,
    0x40, 0x0, 0x0, 0x0, 0xf, 0xff, 0xff, 0xd0,
    0x0, 0x0, 0xf, 0xff, 0xff, 0xf6, 0x0, 0x0,
    0x0, 0x1, 0xff, 0xff, 0xfd, 0x0, 0x0, 0x0,
    0xdf, 0xff, 0xff, 0xa0, 0x0, 0x0, 0x0, 0x4f,
    0xff, 0xff, 0xd0, 0x0, 0x0, 0xa, 0xff, 0xff,
    0xff, 0x10, 0x0, 0x0, 0xb, 0xff, 0xff, 0xfd,
    0x0, 0x0, 0x0, 0x5f, 0xff, 0xff, 0xfc, 0x10,
    0x0, 0x8, 0xff, 0xff, 0xff, 0xd0, 0x0, 0x0,
    0x0, 0xef, 0xff, 0xff, 0xfe, 0x86, 0x7c, 0xff,
    0xff, 0xff, 0xfd, 0x0, 0x0, 0x0, 0x7, 0xff,
    0xff, 0xff, 0xff, 0xff, 0xff, 0xff, 0xff, 0xff,
    0xd0, 0x0, 0x0, 0x0, 0xb, 0xff, 0xff, 0xff,
    0xff, 0xff, 0xfb, 0xff, 0xff, 0xfd, 0x0, 0x0,
    0x0, 0x0, 0xb, 0xff, 0xff, 0xff, 0xff, 0xf9,
    0x3f, 0xff, 0xff, 0xd0, 0x0, 0x0, 0x0, 0x0,
    0x6, 0xef, 0xff, 0xff, 0xd5, 0x3, 0xff, 0xff,
    0xfe, 0x0, 0x0, 0x0, 0x0, 0x0, 0x0, 0x36,
    0x76, 0x30, 0x0, 0x3f, 0xff, 0xff, 0xf3, 0x0,
    0x0, 0x0, 0x0, 0x0, 0x0, 0x0, 0x0, 0x0,
    0x2, 0xff, 0xff, 0xff, 0xfb, 0xbc, 0xe0, 0x0,
    0x0, 0x0, 0x0, 0x0, 0x0, 0x0, 0xf, 0xff,
    0xff, 0xff, 0xff, 0xff, 0x0, 0x0, 0x0, 0x0,
    0x0, 0x0, 0x0, 0x0, 0xbf, 0xff, 0xff, 0xff,
    0xff, 0xf0, 0x0, 0x0, 0x0, 0x0, 0x0, 0x0,
    0x0, 0x3, 0xff, 0xff, 0xff, 0xff, 0xff, 0x0,
    0x0, 0x0, 0x0, 0x0, 0x0, 0x0, 0x0, 0x5,
    0xff, 0xff, 0xff, 0xff, 0xf0, 0x0, 0x0, 0x0,
    0x0, 0x0, 0x0, 0x0, 0x0, 0x1, 0x8c, 0xef,
    0xed, 0xa6,

    /* U+0072 "r" */
    0x0, 0x0, 0x0, 0x0, 0x0, 0x46, 0x2f, 0xff,
    0xfe, 0x0, 0x8, 0xff, 0xf4, 0xff, 0xff, 0xf3,
    0xc, 0xff, 0xff, 0x4f, 0xff, 0xff, 0x87, 0xff,
    0xff, 0xf4, 0xff, 0xff, 0xfd, 0xef, 0xff, 0xff,
    0x4f, 0xff, 0xff, 0xff, 0xff, 0xff, 0xf4, 0xff,
    0xff, 0xff, 0xff, 0xfd, 0xbb, 0x3f, 0xff, 0xff,
    0xff, 0x91, 0x0, 0x0, 0xff, 0xff, 0xff, 0xa0,
    0x0, 0x0, 0xf, 0xff, 0xff, 0xf4, 0x0, 0x0,
    0x0, 0xff, 0xff, 0xff, 0x10, 0x0, 0x0, 0xf,
    0xff, 0xff, 0xf1, 0x0, 0x0, 0x0, 0xff, 0xff,
    0xff, 0x10, 0x0, 0x0, 0xf, 0xff, 0xff, 0xf1,
    0x0, 0x0, 0x0, 0xff, 0xff, 0xff, 0x10, 0x0,
    0x0, 0xf, 0xff, 0xff, 0xf1, 0x0, 0x0, 0x0,
    0xff, 0xff, 0xff, 0x10, 0x0, 0x0, 0xf, 0xff,
    0xff, 0xf1, 0x0, 0x0, 0x0, 0xff, 0xff, 0xff,
    0x10, 0x0, 0x0, 0xf, 0xff, 0xff, 0xf1, 0x0,
    0x0, 0x0, 0xff, 0xff, 0xff, 0x10, 0x0, 0x0,
    0x0,

    /* U+0073 "s" */
    0x0, 0x0, 0x0, 0x2, 0x56, 0x77, 0x52, 0x0,
    0x0, 0x0, 0x0, 0x0, 0x2, 0x9e, 0xff, 0xff,
    0xff, 0xfd, 0x81, 0x0, 0x0, 0x0, 0x7, 0xff,
    0xff, 0xff, 0xff, 0xff, 0xff, 0xe4, 0x0, 0x0,
    0x8, 0xff, 0xff, 0xff, 0xff, 0xff, 0xff, 0xff,
    0xf4, 0x0, 0x3, 0xff, 0xff, 0xff, 0xff, 0xff,
    0xff, 0xff, 0xff, 0xe0, 0x0, 0x8f, 0xff, 0xff,
    0xc5, 0x21, 0x26, 0xdf, 0xff, 0xa4, 0x0, 0xa,
    0xff, 0xff, 0xf3, 0x0, 0x0, 0x1, 0xb6, 0x0,
    0x0, 0x0, 0x9f, 0xff, 0xff, 0x90, 0x0, 0x0,
    0x0, 0x0, 0x0, 0x0, 0x6, 0xff, 0xff, 0xff,
    0xfb, 0x85, 0x30, 0x0, 0x0, 0x0, 0x0, 0xe,
    0xff, 0xff, 0xff, 0xff, 0xff, 0xfc, 0x83, 0x0,
    0x0, 0x0, 0x3e, 0xff, 0xff, 0xff, 0xff, 0xff,
    0xff, 0xfc, 0x30, 0x0, 0x0, 0x19, 0xff, 0xff,
    0xff, 0xff, 0xff, 0xff, 0xff, 0x40, 0x0, 0x0,
    0x1, 0x69, 0xcf, 0xff, 0xff, 0xff, 0xff, 0xfd,
    0x0, 0x0, 0x0, 0x0, 0x0, 0x2, 0x58, 0xef,
    0xff, 0xff, 0xf2, 0x0, 0x0, 0x5, 0x10, 0x0,
    0x0, 0x0, 0xcf, 0xff, 0xff, 0x40, 0x4, 0xaf,
    0xfa, 0x0, 0x0, 0x0, 0xa, 0xff, 0xff, 0xf3,
    0xd, 0xff, 0xff, 0xfd, 0x63, 0x12, 0x4a, 0xff,
    0xff, 0xff, 0x0, 0x7f, 0xff, 0xff, 0xff, 0xff,
    0xff, 0xff, 0xff, 0xff, 0x80, 0x0, 0xaf, 0xff,
    0xff, 0xff, 0xff, 0xff, 0xff, 0xff, 0xc0, 0x0,
    0x0, 0x8f, 0xff, 0xff, 0xff, 0xff, 0xff, 0xff,
    0xa0, 0x0, 0x0, 0x0, 0x29, 0xef, 0xff, 0xff,
    0xff, 0xfb, 0x30, 0x0, 0x0, 0x0, 0x0, 0x0,
    0x35, 0x77, 0x65, 0x30, 0x0, 0x0, 0x0,

    /* U+0074 "t" */
    0x0, 0x1, 0x88, 0x88, 0x87, 0x0, 0x0, 0x0,
    0x0, 0x3f, 0xff, 0xff, 0xe0, 0x0, 0x0, 0x0,
    0x3, 0xff, 0xff, 0xfe, 0x0, 0x0, 0x0, 0x0,
    0x3f, 0xff, 0xff, 0xe0, 0x0, 0x0, 0x0, 0x3,
    0xff, 0xff, 0xfe, 0x0, 0x0, 0x0, 0x0, 0x3f,
    0xff, 0xff, 0xe0, 0x0, 0x0, 0x7f, 0xff, 0xff,
    0xff, 0xff, 0xff, 0xff, 0x37, 0xff, 0xff, 0xff,
    0xff, 0xff, 0xff, 0xf3, 0x7f, 0xff, 0xff, 0xff,
    0xff, 0xff, 0xff, 0x37, 0xff, 0xff, 0xff, 0xff,
    0xff, 0xff, 0xf3, 0x6c, 0xcd, 0xff, 0xff, 0xff,
    0xcc, 0xcc, 0x20, 0x0, 0x3f, 0xff, 0xff, 0xe0,
    0x0, 0x0, 0x0, 0x3, 0xff, 0xff, 0xfe, 0x0,
    0x0, 0x0, 0x0, 0x3f, 0xff, 0xff, 0xe0, 0x0,
    0x0, 0x0, 0x3, 0xff, 0xff, 0xfe, 0x0, 0x0,
    0x0, 0x0, 0x3f, 0xff, 0xff, 0xe0, 0x0, 0x0,
    0x0, 0x3, 0xff, 0xff, 0xfe, 0x0, 0x0, 0x0,
    0x0, 0x3f, 0xff, 0xff, 0xe0, 0x0, 0x0, 0x0,
    0x3, 0xff, 0xff, 0xfe, 0x0, 0x0, 0x0, 0x0,
    0x3f, 0xff, 0xff, 0xf0, 0x0, 0x0, 0x0, 0x3,
    0xff, 0xff, 0xff, 0x93, 0x11, 0x0, 0x0, 0x2f,
    0xff, 0xff, 0xff, 0xff, 0xf3, 0x0, 0x0, 0xff,
    0xff, 0xff, 0xff, 0xff, 0x30, 0x0, 0xb, 0xff,
    0xff, 0xff, 0xff, 0xf3, 0x0, 0x0, 0x2f, 0xff,
    0xff, 0xff, 0xff, 0x30, 0x0, 0x0, 0x18, 0xce,
    0xff, 0xff, 0xf3,

    /* U+0075 "u" */
    0xff, 0xff, 0xff, 0x10, 0x0, 0x0, 0x5f, 0xff,
    0xff, 0xcf, 0xff, 0xff, 0xf1, 0x0, 0x0, 0x5,
    0xff, 0xff, 0xfc, 0xff, 0xff, 0xff, 0x10, 0x0,
    0x0, 0x5f, 0xff, 0xff, 0xcf, 0xff, 0xff, 0xf1,
    0x0, 0x0, 0x5, 0xff, 0xff, 0xfc, 0xff, 0xff,
    0xff, 0x10, 0x0, 0x0, 0x5f, 0xff, 0xff, 0xcf,
    0xff, 0xff, 0xf1, 0x0, 0x0, 0x5, 0xff, 0xff,
    0xfc, 0xff, 0xff, 0xff, 0x10, 0x0, 0x0, 0x5f,
    0xff, 0xff, 0xcf, 0xff, 0xff, 0xf1, 0x0, 0x0,
    0x5, 0xff, 0xff, 0xfc, 0xff, 0xff, 0xff, 0x10,
    0x0, 0x0, 0x5f, 0xff, 0xff, 0xcf, 0xff, 0xff,
    0xf1, 0x0, 0x0, 0x5, 0xff, 0xff, 0xfc, 0xff,
    0xff, 0xff, 0x10, 0x0, 0x0, 0x5f, 0xff, 0xff,
    0xcf, 0xff, 0xff, 0xf1, 0x0, 0x0, 0x6, 0xff,
    0xff, 0xfc, 0xff, 0xff, 0xff, 0x20, 0x0, 0x0,
    0x8f, 0xff, 0xff, 0xce, 0xff, 0xff, 0xf5, 0x0,
    0x0, 0xc, 0xff, 0xff, 0xfc, 0xdf, 0xff, 0xff,
    0xc0, 0x0, 0x4, 0xff, 0xff, 0xff, 0xca, 0xff,
    0xff, 0xff, 0xd7, 0x69, 0xff, 0xff, 0xff, 0xfc,
    0x6f, 0xff, 0xff, 0xff, 0xff, 0xff, 0xff, 0xff,
    0xff, 0xc0, 0xef, 0xff, 0xff, 0xff, 0xff, 0xf9,
    0xff, 0xff, 0xfc, 0x5, 0xff, 0xff, 0xff, 0xff,
    0xf9, 0xf, 0xff, 0xff, 0xc0, 0x4, 0xef, 0xff,
    0xff, 0xf7, 0x0, 0xaf, 0xff, 0xfc, 0x0, 0x0,
    0x36, 0x76, 0x50, 0x0, 0x0, 0x0, 0x0, 0x0,

    /* U+0076 "v" */
    0xdf, 0xff, 0xff, 0x60, 0x0, 0x0, 0x0, 0x6f,
    0xff, 0xff, 0xd0, 0x7f, 0xff, 0xff, 0xb0, 0x0,
    0x0, 0x0, 0xbf, 0xff, 0xff, 0x80, 0x1f, 0xff,
    0xff, 0xf1, 0x0, 0x0, 0x0, 0xff, 0xff, 0xff,
    0x20, 0xc, 0xff, 0xff, 0xf5, 0x0, 0x0, 0x5,
    0xff, 0xff, 0xfc, 0x0, 0x6, 0xff, 0xff, 0xfa,
    0x0, 0x0, 0xa, 0xff, 0xff, 0xf7, 0x0, 0x1,
    0xff, 0xff, 0xff, 0x0, 0x0, 0xe, 0xff, 0xff,
    0xf1, 0x0, 0x0, 0xbf, 0xff, 0xff, 0x40, 0x0,
    0x4f, 0xff, 0xff, 0xb0, 0x0, 0x0, 0x5f, 0xff,
    0xff, 0x90, 0x0, 0x9f, 0xff, 0xff, 0x50, 0x0,
    0x0, 0xf, 0xff, 0xff, 0xe0, 0x0, 0xef, 0xff,
    0xff, 0x0, 0x0, 0x0, 0xa, 0xff, 0xff, 0xf3,
    0x3, 0xff, 0xff, 0xfa, 0x0, 0x0, 0x0, 0x4,
    0xff, 0xff, 0xf8, 0x8, 0xff, 0xff, 0xf4, 0x0,
    0x0, 0x0, 0x0, 0xef, 0xff, 0xfd, 0xd, 0xff,
    0xff, 0xe0, 0x0, 0x0, 0x0, 0x0, 0x9f, 0xff,
    0xff, 0x4f, 0xff, 0xff, 0x90, 0x0, 0x0, 0x0,
    0x0, 0x3f, 0xff, 0xff, 0xef, 0xff, 0xff, 0x30,
    0x0, 0x0, 0x0, 0x0, 0xd, 0xff, 0xff, 0xff,
    0xff, 0xfd, 0x0, 0x0, 0x0, 0x0, 0x0, 0x8,
    0xff, 0xff, 0xff, 0xff, 0xf8, 0x0, 0x0, 0x0,
    0x0, 0x0, 0x2, 0xff, 0xff, 0xff, 0xff, 0xf2,
    0x0, 0x0, 0x0, 0x0, 0x0, 0x0, 0xcf, 0xff,
    0xff, 0xff, 0xc0, 0x0, 0x0, 0x0, 0x0, 0x0,
    0x0, 0x7f, 0xff, 0xff, 0xff, 0x70, 0x0, 0x0,
    0x0, 0x0, 0x0, 0x0, 0x1f, 0xff, 0xff, 0xff,
    0x10, 0x0, 0x0, 0x0,

    /* U+0077 "w" */
    0xef, 0xff, 0xff, 0x10, 0x0, 0x8, 0xff, 0xff,
    0xf6, 0x0, 0x0, 0x3f, 0xff, 0xff, 0xca, 0xff,
    0xff, 0xf5, 0x0, 0x0, 0xbf, 0xff, 0xff, 0x90,
    0x0, 0x7, 0xff, 0xff, 0xf8, 0x6f, 0xff, 0xff,
    0x80, 0x0, 0xe, 0xff, 0xff, 0xfc, 0x0, 0x0,
    0xaf, 0xff, 0xff, 0x42, 0xff, 0xff, 0xfc, 0x0,
    0x1, 0xff, 0xff, 0xff, 0xf0, 0x0, 0xe, 0xff,
    0xff, 0xf0, 0xe, 0xff, 0xff, 0xf0, 0x0, 0x4f,
    0xff, 0xff, 0xff, 0x20, 0x1, 0xff, 0xff, 0xfc,
    0x0, 0xaf, 0xff, 0xff, 0x30, 0x7, 0xff, 0xff,
    0xff, 0xf5, 0x0, 0x5f, 0xff, 0xff, 0x80, 0x6,
    0xff, 0xff, 0xf7, 0x0, 0xaf, 0xff, 0xaf, 0xff,
    0x80, 0x9, 0xff, 0xff, 0xf4, 0x0, 0x2f, 0xff,
    0xff, 0xa0, 0xd, 0xff, 0xf4, 0xff, 0xfb, 0x0,
    0xcf, 0xff, 0xff, 0x10, 0x0, 0xef, 0xff, 0xfe,
    0x0, 0xff, 0xfd, 0xf, 0xff, 0xe0, 0xf, 0xff,
    0xff, 0xc0, 0x0, 0xa, 0xff, 0xff, 0xf1, 0x3f,
    0xff, 0xa0, 0xcf, 0xff, 0x13, 0xff, 0xff, 0xf8,
    0x0, 0x0, 0x6f, 0xff, 0xff, 0x56, 0xff, 0xf7,
    0x9, 0xff, 0xf4, 0x7f, 0xff, 0xff, 0x40, 0x0,
    0x2, 0xff, 0xff, 0xf8, 0x9f, 0xff, 0x40, 0x6f,
    0xff, 0x7a, 0xff, 0xff, 0xf1, 0x0, 0x0, 0xe,
    0xff, 0xff, 0xcc, 0xff, 0xf1, 0x3, 0xff, 0xfa,
    0xef, 0xff, 0xfd, 0x0, 0x0, 0x0, 0xaf, 0xff,
    0xff, 0xff, 0xfe, 0x0, 0xf, 0xff, 0xff, 0xff,
    0xff, 0x90, 0x0, 0x0, 0x6, 0xff, 0xff, 0xff,
    0xff, 0xa0, 0x0, 0xcf, 0xff, 0xff, 0xff, 0xf5,
    0x0, 0x0, 0x0, 0x2f, 0xff, 0xff, 0xff, 0xf7,
    0x0, 0x9, 0xff, 0xff, 0xff, 0xff, 0x10, 0x0,
    0x0, 0x0, 0xef, 0xff, 0xff, 0xff, 0x40, 0x0,
    0x6f, 0xff, 0xff, 0xff, 0xd0, 0x0, 0x0, 0x0,
    0xa, 0xff, 0xff, 0xff, 0xf1, 0x0, 0x3, 0xff,
    0xff, 0xff, 0xf9, 0x0, 0x0, 0x0, 0x0, 0x6f,
    0xff, 0xff, 0xfe, 0x0, 0x0, 0xf, 0xff, 0xff,
    0xff, 0x50, 0x0, 0x0, 0x0, 0x2, 0xff, 0xff,
    0xff, 0xb0, 0x0, 0x0, 0xcf, 0xff, 0xff, 0xf1,
    0x0, 0x0,

    /* U+0078 "x" */
    0x1e, 0xff, 0xff, 0xf9, 0x0, 0x0, 0x4, 0xff,
    0xff, 0xff, 0x50, 0x5, 0xff, 0xff, 0xff, 0x40,
    0x0, 0x1e, 0xff, 0xff, 0xfa, 0x0, 0x0, 0xaf,
    0xff, 0xff, 0xe1, 0x0, 0xaf, 0xff, 0xff, 0xe1,
    0x0, 0x0, 0xd, 0xff, 0xff, 0xfb, 0x5, 0xff,
    0xff, 0xff, 0x40, 0x0, 0x0, 0x3, 0xff, 0xff,
    0xff, 0x8f, 0xff, 0xff, 0xf8, 0x0, 0x0, 0x0,
    0x0, 0x8f, 0xff, 0xff, 0xff, 0xff, 0xff, 0xc0,
    0x0, 0x0, 0x0, 0x0, 0xc, 0xff, 0xff, 0xff,
    0xff, 0xff, 0x20, 0x0, 0x0, 0x0, 0x0, 0x2,
    0xff, 0xff, 0xff, 0xff, 0xf6, 0x0, 0x0, 0x0,
    0x0, 0x0, 0x0, 0x6f, 0xff, 0xff, 0xff, 0xb0,
    0x0, 0x0, 0x0, 0x0, 0x0, 0x0, 0xd, 0xff,
    0xff, 0xff, 0x20, 0x0, 0x0, 0x0, 0x0, 0x0,
    0x0, 0x4f, 0xff, 0xff, 0xff, 0x90, 0x0, 0x0,
    0x0, 0x0, 0x0, 0x1, 0xef, 0xff, 0xff, 0xff,
    0xf5, 0x0, 0x0, 0x0, 0x0, 0x0, 0xb, 0xff,
    0xff, 0xff, 0xff, 0xfe, 0x10, 0x0, 0x0, 0x0,
    0x0, 0x6f, 0xff, 0xff, 0xff, 0xff, 0xff, 0xb0,
    0x0, 0x0, 0x0, 0x2, 0xff, 0xff, 0xff, 0xaf,
    0xff, 0xff, 0xf6, 0x0, 0x0, 0x0, 0xc, 0xff,
    0xff, 0xfc, 0x7, 0xff, 0xff, 0xff, 0x20, 0x0,
    0x0, 0x8f, 0xff, 0xff, 0xf2, 0x0, 0xbf, 0xff,
    0xff, 0xd0, 0x0, 0x3, 0xff, 0xff, 0xff, 0x60,
    0x0, 0x1e, 0xff, 0xff, 0xf8, 0x0, 0xe, 0xff,
    0xff, 0xfb, 0x0, 0x0, 0x5, 0xff, 0xff, 0xff,
    0x40, 0xaf, 0xff, 0xff, 0xe1, 0x0, 0x0, 0x0,
    0xaf, 0xff, 0xff, 0xe1,

    /* U+0079 "y" */
    0xdf, 0xff, 0xff, 0xa0, 0x0, 0x0, 0x0, 0xef,
    0xff, 0xff, 0x87, 0xff, 0xff, 0xff, 0x0, 0x0,
    0x0, 0x3f, 0xff, 0xff, 0xf2, 0x1f, 0xff, 0xff,
    0xf4, 0x0, 0x0, 0x8, 0xff, 0xff, 0xfc, 0x0,
    0xbf, 0xff, 0xff, 0x90, 0x0, 0x0, 0xdf, 0xff,
    0xff, 0x60, 0x5, 0xff, 0xff, 0xfe, 0x0, 0x0,
    0x2f, 0xff, 0xff, 0xf1, 0x0, 0xe, 0xff, 0xff,
    0xf3, 0x0, 0x7, 0xff, 0xff, 0xfa, 0x0, 0x0,
    0x9f, 0xff, 0xff, 0x80, 0x0, 0xbf, 0xff, 0xff,
    0x40, 0x0, 0x3, 0xff, 0xff, 0xfc, 0x0, 0xf,
    0xff, 0xff, 0xe0, 0x0, 0x0, 0xd, 0xff, 0xff,
    0xf1, 0x5, 0xff, 0xff, 0xf8, 0x0, 0x0, 0x0,
    0x7f, 0xff, 0xff, 0x60, 0xaf, 0xff, 0xff, 0x20,
    0x0, 0x0, 0x1, 0xff, 0xff, 0xfb, 0xe, 0xff,
    0xff, 0xc0, 0x0, 0x0, 0x0, 0xb, 0xff, 0xff,
    0xf4, 0xff, 0xff, 0xf6, 0x0, 0x0, 0x0, 0x0,
    0x5f, 0xff, 0xff, 0xdf, 0xff, 0xff, 0x10, 0x0,
    0x0, 0x0, 0x0, 0xef, 0xff, 0xff, 0xff, 0xff,
    0xb0, 0x0, 0x0, 0x0, 0x0, 0x9, 0xff, 0xff,
    0xff, 0xff, 0xf5, 0x0, 0x0, 0x0, 0x0, 0x0,
    0x3f, 0xff, 0xff, 0xff, 0xfe, 0x0, 0x0, 0x0,
    0x0, 0x0, 0x0, 0xdf, 0xff, 0xff, 0xff, 0x90,
    0x0, 0x0, 0x0, 0x0, 0x0, 0x7, 0xff, 0xff,
    0xff, 0xf3, 0x0, 0x0, 0x0, 0x0, 0x0, 0x0,
    0x1f, 0xff, 0xff, 0xfd, 0x0, 0x0, 0x0, 0x0,
    0x0, 0x0, 0x0, 0xbf, 0xff, 0xff, 0x70, 0x0,
    0x0, 0x0, 0x0, 0x0, 0x0, 0x8, 0xff, 0xff,
    0xf1, 0x0, 0x0, 0x0, 0x0, 0x0, 0x0, 0x1,
    0xef, 0xff, 0xfa, 0x0, 0x0, 0x0, 0x0, 0x0,
    0x38, 0x89, 0xef, 0xff, 0xff, 0x30, 0x0, 0x0,
    0x0, 0x0, 0x6, 0xff, 0xff, 0xff, 0xff, 0xb0,
    0x0, 0x0, 0x0, 0x0, 0x0, 0x6f, 0xff, 0xff,
    0xff, 0xe2, 0x0, 0x0, 0x0, 0x0, 0x0, 0x6,
    0xff, 0xff, 0xff, 0xe3, 0x0, 0x0, 0x0, 0x0,
    0x0, 0x0, 0x6f, 0xff, 0xeb, 0x70, 0x0, 0x0,
    0x0, 0x0, 0x0, 0x0,

    /* U+007A "z" */
    0x3f, 0xff, 0xff, 0xff, 0xff, 0xff, 0xff, 0xff,
    0xff, 0x43, 0xff, 0xff, 0xff, 0xff, 0xff, 0xff,
    0xff, 0xff, 0xf4, 0x3f, 0xff, 0xff, 0xff, 0xff,
    0xff, 0xff, 0xff, 0xff, 0x43, 0xff, 0xff, 0xff,
    0xff, 0xff, 0xff, 0xff, 0xff, 0xf4, 0x3f, 0xff,
    0xff, 0xff, 0xff, 0xff, 0xff, 0xff, 0xff, 0x40,
    0x0, 0x0, 0x0, 0x0, 0x2e, 0xff, 0xff, 0xff,
    0xb0, 0x0, 0x0, 0x0, 0x0, 0x2e, 0xff, 0xff,
    0xff, 0xb0, 0x0, 0x0, 0x0, 0x0, 0x2e, 0xff,
    0xff, 0xff, 0xb0, 0x0, 0x0, 0x0, 0x0, 0x3e,
    0xff, 0xff, 0xff, 0xa0, 0x0, 0x0, 0x0, 0x0,
    0x3e, 0xff, 0xff, 0xff, 0xa0, 0x0, 0x0, 0x0,
    0x0, 0x3f, 0xff, 0xff, 0xff, 0xa0, 0x0, 0x0,
    0x0, 0x0, 0x3f, 0xff, 0xff, 0xff, 0x90, 0x0,
    0x0, 0x0, 0x0, 0x4f, 0xff, 0xff, 0xff, 0x90,
    0x0, 0x0, 0x0, 0x0, 0x4f, 0xff, 0xff, 0xff,
    0x90, 0x0, 0x0, 0x0, 0x0, 0x4f, 0xff, 0xff,
    0xff, 0x90, 0x0, 0x0, 0x0, 0x0, 0xc, 0xff,
    0xff, 0xff, 0xff, 0xff, 0xff, 0xff, 0xff, 0xfd,
    0xcf, 0xff, 0xff, 0xff, 0xff, 0xff, 0xff, 0xff,
    0xff, 0xdc, 0xff, 0xff, 0xff, 0xff, 0xff, 0xff,
    0xff, 0xff, 0xfd, 0xcf, 0xff, 0xff, 0xff, 0xff,
    0xff, 0xff, 0xff, 0xff, 0xdc, 0xff, 0xff, 0xff,
    0xff, 0xff, 0xff, 0xff, 0xff, 0xfd,

    /* U+007B "{" */
    0x0, 0x0, 0x0, 0x17, 0xbd, 0xff, 0xf7, 0x0,
    0x0, 0x5, 0xef, 0xff, 0xff, 0xf7, 0x0, 0x0,
    0x3f, 0xff, 0xff, 0xff, 0xf7, 0x0, 0x0, 0xbf,
    0xff, 0xff, 0xff, 0xf7, 0x0, 0x0, 0xff, 0xff,
    0xff, 0xff, 0xf6, 0x0, 0x2, 0xff, 0xff, 0xfe,
    0x30, 0x0, 0x0, 0x3, 0xff, 0xff, 0xf9, 0x0,
    0x0, 0x0, 0x3, 0xff, 0xff, 0xf8, 0x0, 0x0,
    0x0, 0x3, 0xff, 0xff, 0xf8, 0x0, 0x0, 0x0,
    0x3, 0xff, 0xff, 0xf8, 0x0, 0x0, 0x0, 0x3,
    0xff, 0xff, 0xf8, 0x0, 0x0, 0x0, 0x4, 0xff,
    0xff, 0xf8, 0x0, 0x0, 0x0, 0x5, 0xff, 0xff,
    0xf7, 0x0, 0x0, 0x0, 0x9, 0xff, 0xff, 0xf6,
    0x0, 0x0, 0x0, 0x5f, 0xff, 0xff, 0xf2, 0x0,
    0x0, 0xf, 0xff, 0xff, 0xff, 0xa0, 0x0, 0x0,
    0xf, 0xff, 0xff, 0xf9, 0x0, 0x0, 0x0, 0xf,
    0xff, 0xff, 0x40, 0x0, 0x0, 0x0, 0xf, 0xff,
    0xff, 0xf9, 0x0, 0x0, 0x0, 0xf, 0xff, 0xff,
    0xff, 0xa0, 0x0, 0x0, 0x1, 0x6f, 0xff, 0xff,
    0xf2, 0x0, 0x0, 0x0, 0x9, 0xff, 0xff, 0xf6,
    0x0, 0x0, 0x0, 0x5, 0xff, 0xff, 0xf7, 0x0,
    0x0, 0x0, 0x4, 0xff, 0xff, 0xf8, 0x0, 0x0,
    0x0, 0x3, 0xff, 0xff, 0xf8, 0x0, 0x0, 0x0,
    0x3, 0xff, 0xff, 0xf8, 0x0, 0x0, 0x0, 0x3,
    0xff, 0xff, 0xf8, 0x0, 0x0, 0x0, 0x3, 0xff,
    0xff, 0xf8, 0x0, 0x0, 0x0, 0x3, 0xff, 0xff,
    0xf9, 0x0, 0x0, 0x0, 0x2, 0xff, 0xff, 0xfe,
    0x20, 0x0, 0x0, 0x0, 0xff, 0xff, 0xff, 0xff,
    0xf6, 0x0, 0x0, 0xbf, 0xff, 0xff, 0xff, 0xf7,
    0x0, 0x0, 0x3f, 0xff, 0xff, 0xff, 0xf7, 0x0,
    0x0, 0x5, 0xef, 0xff, 0xff, 0xf7, 0x0, 0x0,
    0x0, 0x17, 0xbe, 0xff, 0xf7,

    /* U+007C "|" */
    0x3f, 0xff, 0xff, 0x93, 0xff, 0xff, 0xf9, 0x3f,
    0xff, 0xff, 0x93, 0xff, 0xff, 0xf9, 0x3f, 0xff,
    0xff, 0x93, 0xff, 0xff, 0xf9, 0x3f, 0xff, 0xff,
    0x93, 0xff, 0xff, 0xf9, 0x3f, 0xff, 0xff, 0x93,
    0xff, 0xff, 0xf9, 0x3f, 0xff, 0xff, 0x93, 0xff,
    0xff, 0xf9, 0x3f, 0xff, 0xff, 0x93, 0xff, 0xff,
    0xf9, 0x3f, 0xff, 0xff, 0x93, 0xff, 0xff, 0xf9,
    0x3f, 0xff, 0xff, 0x93, 0xff, 0xff, 0xf9, 0x3f,
    0xff, 0xff, 0x93, 0xff, 0xff, 0xf9, 0x3f, 0xff,
    0xff, 0x93, 0xff, 0xff, 0xf9, 0x3f, 0xff, 0xff,
    0x93, 0xff, 0xff, 0xf9, 0x3f, 0xff, 0xff, 0x93,
    0xff, 0xff, 0xf9, 0x3f, 0xff, 0xff, 0x93, 0xff,
    0xff, 0xf9, 0x3f, 0xff, 0xff, 0x93, 0xff, 0xff,
    0xf9, 0x3f, 0xff, 0xff, 0x93, 0xff, 0xff, 0xf9,
    0x3f, 0xff, 0xff, 0x93, 0xff, 0xff, 0xf9, 0x3f,
    0xff, 0xff, 0x90,

    /* U+007D "}" */
    0xaf, 0xfe, 0xda, 0x60, 0x0, 0x0, 0xa, 0xff,
    0xff, 0xff, 0xe3, 0x0, 0x0, 0xaf, 0xff, 0xff,
    0xff, 0xe1, 0x0, 0xa, 0xff, 0xff, 0xff, 0xff,
    0x80, 0x0, 0x9f, 0xff, 0xff, 0xff, 0xfd, 0x0,
    0x0, 0x0, 0x4f, 0xff, 0xff, 0xf0, 0x0, 0x0,
    0x0, 0xbf, 0xff, 0xff, 0x0, 0x0, 0x0, 0xb,
    0xff, 0xff, 0xf1, 0x0, 0x0, 0x0, 0xbf, 0xff,
    0xff, 0x10, 0x0, 0x0, 0xb, 0xff, 0xff, 0xf1,
    0x0, 0x0, 0x0, 0xbf, 0xff, 0xff, 0x10, 0x0,
    0x0, 0xb, 0xff, 0xff, 0xf1, 0x0, 0x0, 0x0,
    0xaf, 0xff, 0xff, 0x30, 0x0, 0x0, 0x9, 0xff,
    0xff, 0xf6, 0x0, 0x0, 0x0, 0x5f, 0xff, 0xff,
    0xe3, 0x0, 0x0, 0x0, 0xdf, 0xff, 0xff, 0xfd,
    0x0, 0x0, 0x1, 0xbf, 0xff, 0xff, 0xd0, 0x0,
    0x0, 0x0, 0x7f, 0xff, 0xfd, 0x0, 0x0, 0x1,
    0xbf, 0xff, 0xff, 0xd0, 0x0, 0x0, 0xcf, 0xff,
    0xff, 0xfd, 0x0, 0x0, 0x5f, 0xff, 0xff, 0xe5,
    0x10, 0x0, 0x9, 0xff, 0xff, 0xf7, 0x0, 0x0,
    0x0, 0xaf, 0xff, 0xff, 0x30, 0x0, 0x0, 0xb,
    0xff, 0xff, 0xf1, 0x0, 0x0, 0x0, 0xbf, 0xff,
    0xff, 0x10, 0x0, 0x0, 0xb, 0xff, 0xff, 0xf1,
    0x0, 0x0, 0x0, 0xbf, 0xff, 0xff, 0x10, 0x0,
    0x0, 0xb, 0xff, 0xff, 0xf1, 0x0, 0x0, 0x0,
    0xbf, 0xff, 0xff, 0x0, 0x0, 0x0, 0x4f, 0xff,
    0xff, 0xf0, 0x0, 0x9f, 0xff, 0xff, 0xff, 0xfd,
    0x0, 0xa, 0xff, 0xff, 0xff, 0xff, 0x80, 0x0,
    0xaf, 0xff, 0xff, 0xff, 0xe1, 0x0, 0xa, 0xff,
    0xff, 0xff, 0xe3, 0x0, 0x0, 0xaf, 0xfe, 0xda,
    0x60, 0x0, 0x0, 0x0,

    /* U+007E "~" */
    0x0, 0x0, 0x0, 0x0, 0x0, 0x0, 0x0, 0x56,
    0x10, 0x0, 0x0, 0x6c, 0xff, 0xc5, 0x0, 0x0,
    0x8, 0xff, 0xa3, 0x0, 0xaf, 0xff, 0xff, 0xfb,
    0x20, 0x0, 0xaf, 0xff, 0xa0, 0x4f, 0xff, 0xff,
    0xff, 0xff, 0x72, 0x5f, 0xff, 0xf8, 0xb, 0xff,
    0xff, 0xff, 0xff, 0xff, 0xff, 0xff, 0xff, 0x50,
    0xff, 0xff, 0xff, 0xff, 0xff, 0xff, 0xff, 0xff,
    0xf1, 0x3f, 0xff, 0xf8, 0x14, 0xbf, 0xff, 0xff,
    0xff, 0xfa, 0x5, 0xff, 0xff, 0x0, 0x0, 0x6f,
    0xff, 0xff, 0xfe, 0x10, 0x18, 0xef, 0xd0, 0x0,
    0x0, 0x19, 0xef, 0xe9, 0x10, 0x0, 0x0, 0x58,
    0x0, 0x0, 0x0, 0x0, 0x0, 0x0, 0x0
};


/*---------------------
 *  GLYPH DESCRIPTION
 *--------------------*/

static const lv_font_fmt_txt_glyph_dsc_t glyph_dsc[] = {
    {.bitmap_index = 0, .adv_w = 0, .box_w = 0, .box_h = 0, .ofs_x = 0, .ofs_y = 0} /* id = 0 reserved */,
    {.bitmap_index = 0, .adv_w = 205, .box_w = 0, .box_h = 0, .ofs_x = 0, .ofs_y = 0},
    {.bitmap_index = 0, .adv_w = 181, .box_w = 9, .box_h = 29, .ofs_x = 1, .ofs_y = -1},
    {.bitmap_index = 131, .adv_w = 262, .box_w = 14, .box_h = 10, .ofs_x = 1, .ofs_y = 18},
    {.bitmap_index = 201, .adv_w = 501, .box_w = 31, .box_h = 28, .ofs_x = 0, .ofs_y = 0},
    {.bitmap_index = 635, .adv_w = 396, .box_w = 23, .box_h = 35, .ofs_x = 1, .ofs_y = -4},
    {.bitmap_index = 1038, .adv_w = 625, .box_w = 39, .box_h = 30, .ofs_x = 0, .ofs_y = -1},
    {.bitmap_index = 1623, .adv_w = 449, .box_w = 28, .box_h = 30, .ofs_x = 0, .ofs_y = -1},
    {.bitmap_index = 2043, .adv_w = 142, .box_w = 7, .box_h = 10, .ofs_x = 1, .ofs_y = 18},
    {.bitmap_index = 2078, .adv_w = 234, .box_w = 13, .box_h = 35, .ofs_x = 1, .ofs_y = -7},
    {.bitmap_index = 2306, .adv_w = 234, .box_w = 13, .box_h = 35, .ofs_x = 1, .ofs_y = -7},
    {.bitmap_index = 2534, .adv_w = 278, .box_w = 14, .box_h = 14, .ofs_x = 2, .ofs_y = 14},
    {.bitmap_index = 2632, .adv_w = 396, .box_w = 21, .box_h = 20, .ofs_x = 2, .ofs_y = 0},
    {.bitmap_index = 2842, .adv_w = 156, .box_w = 9, .box_h = 14, .ofs_x = 0, .ofs_y = -6},
    {.bitmap_index = 2905, .adv_w = 239, .box_w = 14, .box_h = 6, .ofs_x = 0, .ofs_y = 8},
    {.bitmap_index = 2947, .adv_w = 156, .box_w = 9, .box_h = 9, .ofs_x = 0, .ofs_y = -1},
    {.bitmap_index = 2988, .adv_w = 283, .box_w = 18, .box_h = 28, .ofs_x = 0, .ofs_y = 0},
    {.bitmap_index = 3240, .adv_w = 417, .box_w = 24, .box_h = 30, .ofs_x = 1, .ofs_y = -1},
    {.bitmap_index = 3600, .adv_w = 287, .box_w = 13, .box_h = 28, .ofs_x = 1, .ofs_y = 0},
    {.bitmap_index = 3782, .adv_w = 375, .box_w = 21, .box_h = 29, .ofs_x = 1, .ofs_y = 0},
    {.bitmap_index = 4087, .adv_w = 387, .box_w = 22, .box_h = 30, .ofs_x = 1, .ofs_y = -1},
    {.bitmap_index = 4417, .adv_w = 401, .box_w = 24, .box_h = 28, .ofs_x = 0, .ofs_y = 0},
    {.bitmap_index = 4753, .adv_w = 392, .box_w = 22, .box_h = 29, .ofs_x = 1, .ofs_y = -1},
    {.bitmap_index = 5072, .adv_w = 404, .box_w = 22, .box_h = 30, .ofs_x = 2, .ofs_y = -1},
    {.bitmap_index = 5402, .adv_w = 348, .box_w = 21, .box_h = 28, .ofs_x = 0, .ofs_y = 0},
    {.bitmap_index = 5696, .adv_w = 400, .box_w = 23, .box_h = 30, .ofs_x = 1, .ofs_y = -1},
    {.bitmap_index = 6041, .adv_w = 359, .box_w = 20, .box_h = 29, .ofs_x = 1, .ofs_y = 0},
    {.bitmap_index = 6331, .adv_w = 156, .box_w = 9, .box_h = 22, .ofs_x = 0, .ofs_y = -1},
    {.bitmap_index = 6430, .adv_w = 156, .box_w = 9, .box_h = 28, .ofs_x = 0, .ofs_y = -7},
    {.bitmap_index = 6556, .adv_w = 367, .box_w = 21, .box_h = 22, .ofs_x = 1, .ofs_y = -1},
    {.bitmap_index = 6787, .adv_w = 396, .box_w = 21, .box_h = 13, .ofs_x = 2, .ofs_y = 4},
    {.bitmap_index = 6924, .adv_w = 367, .box_w = 21, .box_h = 22, .ofs_x = 1, .ofs_y = -1},
    {.bitmap_index = 7155, .adv_w = 393, .box_w = 22, .box_h = 30, .ofs_x = 1, .ofs_y = -1},
    {.bitmap_index = 7485, .adv_w = 483, .box_w = 28, .box_h = 30, .ofs_x = 1, .ofs_y = -1},
    {.bitmap_index = 7905, .adv_w = 442, .box_w = 28, .box_h = 28, .ofs_x = 0, .ofs_y = 0},
    {.bitmap_index = 8297, .adv_w = 409, .box_w = 24, .box_h = 28, .ofs_x = 1, .ofs_y = 0},
    {.bitmap_index = 8633, .adv_w = 431, .box_w = 26, .box_h = 30, .ofs_x = 1, .ofs_y = -1},
    {.bitmap_index = 9023, .adv_w = 439, .box_w = 26, .box_h = 28, .ofs_x = 1, .ofs_y = 0},
    {.bitmap_index = 9387, .adv_w = 371, .box_w = 22, .box_h = 28, .ofs_x = 1, .ofs_y = 0},
    {.bitmap_index = 9695, .adv_w = 348, .box_w = 20, .box_h = 28, .ofs_x = 1, .ofs_y = 0},
    {.bitmap_index = 9975, .adv_w = 460, .box_w = 27, .box_h = 30, .ofs_x = 1, .ofs_y = -1},
    {.bitmap_index = 10380, .adv_w = 435, .box_w = 25, .box_h = 28, .ofs_x = 1, .ofs_y = 0},
    {.bitmap_index = 10730, .adv_w = 293, .box_w = 15, .box_h = 28, .ofs_x = 2, .ofs_y = 0},
    {.bitmap_index = 10940, .adv_w = 358, .box_w = 21, .box_h = 29, .ofs_x = 0, .ofs_y = -1},
    {.bitmap_index = 11245, .adv_w = 422, .box_w = 25, .box_h = 28, .ofs_x = 1, .ofs_y = 0},
    {.bitmap_index = 11595, .adv_w = 344, .box_w = 20, .box_h = 28, .ofs_x = 1, .ofs_y = 0},
    {.bitmap_index = 11875, .adv_w = 539, .box_w = 31, .box_h = 28, .ofs_x = 1, .ofs_y = 0},
    {.bitmap_index = 12309, .adv_w = 448, .box_w = 26, .box_h = 28, .ofs_x = 1, .ofs_y = 0},
    {.bitmap_index = 12673, .adv_w = 489, .box_w = 29, .box_h = 30, .ofs_x = 1, .ofs_y = -1},
    {.bitmap_index = 13108, .adv_w = 401, .box_w = 24, .box_h = 28, .ofs_x = 1, .ofs_y = 0},
    {.bitmap_index = 13444, .adv_w = 500, .box_w = 31, .box_h = 32, .ofs_x = 1, .ofs_y = -3},
    {.bitmap_index = 13940, .adv_w = 419, .box_w = 25, .box_h = 28, .ofs_x = 1, .ofs_y = 0},
    {.bitmap_index = 14290, .adv_w = 396, .box_w = 23, .box_h = 30, .ofs_x = 1, .ofs_y = -1},
    {.bitmap_index = 14635, .adv_w = 395, .box_w = 25, .box_h = 28, .ofs_x = 0, .ofs_y = 0},
    {.bitmap_index = 14985, .adv_w = 424, .box_w = 24, .box_h = 29, .ofs_x = 1, .ofs_y = -1},
    {.bitmap_index = 15333, .adv_w = 420, .box_w = 26, .box_h = 28, .ofs_x = 0, .ofs_y = 0},
    {.bitmap_index = 15697, .adv_w = 565, .box_w = 35, .box_h = 28, .ofs_x = 0, .ofs_y = 0},
    {.bitmap_index = 16187, .adv_w = 447, .box_w = 28, .box_h = 28, .ofs_x = 0, .ofs_y = 0},
    {.bitmap_index = 16579, .adv_w = 440, .box_w = 28, .box_h = 28, .ofs_x = 0, .ofs_y = 0},
    {.bitmap_index = 16971, .adv_w = 397, .box_w = 23, .box_h = 28, .ofs_x = 1, .ofs_y = 0},
    {.bitmap_index = 17293, .adv_w = 213, .box_w = 11, .box_h = 35, .ofs_x = 1, .ofs_y = -7},
    {.bitmap_index = 17486, .adv_w = 283, .box_w = 18, .box_h = 28, .ofs_x = 0, .ofs_y = 0},
    {.bitmap_index = 17738, .adv_w = 213, .box_w = 11, .box_h = 35, .ofs_x = 1, .ofs_y = -7},
    {.bitmap_index = 17931, .adv_w = 377, .box_w = 20, .box_h = 15, .ofs_x = 2, .ofs_y = 13},
    {.bitmap_index = 18081, .adv_w = 275, .box_w = 17, .box_h = 6, .ofs_x = 0, .ofs_y = -5},
    {.bitmap_index = 18132, .adv_w = 201, .box_w = 9, .box_h = 7, .ofs_x = 2, .ofs_y = 24},
    {.bitmap_index = 18164, .adv_w = 354, .box_w = 21, .box_h = 22, .ofs_x = 0, .ofs_y = -1},
    {.bitmap_index = 18395, .adv_w = 381, .box_w = 21, .box_h = 29, .ofs_x = 2, .ofs_y = -1},
    {.bitmap_index = 18700, .adv_w = 333, .box_w = 21, .box_h = 22, .ofs_x = 0, .ofs_y = -1},
    {.bitmap_index = 18931, .adv_w = 381, .box_w = 23, .box_h = 29, .ofs_x = 0, .ofs_y = -1},
    {.bitmap_index = 19265, .adv_w = 362, .box_w = 22, .box_h = 22, .ofs_x = 0, .ofs_y = -1},
    {.bitmap_index = 19507, .adv_w = 235, .box_w = 14, .box_h = 30, .ofs_x = 0, .ofs_y = 0},
    {.bitmap_index = 19717, .adv_w = 382, .box_w = 22, .box_h = 30, .ofs_x = 0, .ofs_y = -9},
    {.bitmap_index = 20047, .adv_w = 366, .box_w = 19, .box_h = 28, .ofs_x = 2, .ofs_y = 0},
    {.bitmap_index = 20313, .adv_w = 202, .box_w = 12, .box_h = 31, .ofs_x = 0, .ofs_y = 0},
    {.bitmap_index = 20499, .adv_w = 166, .box_w = 12, .box_h = 38, .ofs_x = -3, .ofs_y = -7},
    {.bitmap_index = 20727, .adv_w = 363, .box_w = 21, .box_h = 28, .ofs_x = 2, .ofs_y = 0},
    {.bitmap_index = 21021, .adv_w = 201, .box_w = 11, .box_h = 28, .ofs_x = 2, .ofs_y = 0},
    {.bitmap_index = 21175, .adv_w = 567, .box_w = 32, .box_h = 21, .ofs_x = 2, .ofs_y = 0},
    {.bitmap_index = 21511, .adv_w = 366, .box_w = 19, .box_h = 21, .ofs_x = 2, .ofs_y = 0},
    {.bitmap_index = 21711, .adv_w = 367, .box_w = 22, .box_h = 22, .ofs_x = 0, .ofs_y = -1},
    {.bitmap_index = 21953, .adv_w = 381, .box_w = 21, .box_h = 28, .ofs_x = 2, .ofs_y = -7},
    {.bitmap_index = 22247, .adv_w = 385, .box_w = 27, .box_h = 28, .ofs_x = 0, .ofs_y = -7},
    {.bitmap_index = 22625, .adv_w = 238, .box_w = 13, .box_h = 21, .ofs_x = 2, .ofs_y = 0},
    {.bitmap_index = 22762, .adv_w = 342, .box_w = 21, .box_h = 22, .ofs_x = 0, .ofs_y = -1},
    {.bitmap_index = 22993, .adv_w = 243, .box_w = 15, .box_h = 26, .ofs_x = 0, .ofs_y = 0},
    {.bitmap_index = 23188, .adv_w = 365, .box_w = 19, .box_h = 21, .ofs_x = 2, .ofs_y = -1},
    {.bitmap_index = 23388, .adv_w = 337, .box_w = 22, .box_h = 20, .ofs_x = 0, .ofs_y = 0},
    {.bitmap_index = 23608, .adv_w = 463, .box_w = 29, .box_h = 20, .ofs_x = 0, .ofs_y = 0},
    {.bitmap_index = 23898, .adv_w = 341, .box_w = 22, .box_h = 20, .ofs_x = 0, .ofs_y = 0},
    {.bitmap_index = 24118, .adv_w = 332, .box_w = 21, .box_h = 27, .ofs_x = 0, .ofs_y = -7},
    {.bitmap_index = 24402, .adv_w = 330, .box_w = 19, .box_h = 20, .ofs_x = 1, .ofs_y = 0},
    {.bitmap_index = 24592, .adv_w = 237, .box_w = 14, .box_h = 35, .ofs_x = 0, .ofs_y = -7},
    {.bitmap_index = 24837, .adv_w = 150, .box_w = 7, .box_h = 35, .ofs_x = 1, .ofs_y = -7},
    {.bitmap_index = 24960, .adv_w = 237, .box_w = 13, .box_h = 35, .ofs_x = 1, .ofs_y = -7},
    {.bitmap_index = 25188, .adv_w = 341, .box_w = 19, .box_h = 10, .ofs_x = 1, .ofs_y = 6}
};

/*---------------------
 *  CHARACTER MAPPING
 *--------------------*/



/*Collect the unicode lists and glyph_id offsets*/
static const lv_font_fmt_txt_cmap_t cmaps[] =
{
    {
        .range_start = 32, .range_length = 95, .glyph_id_start = 1,
        .unicode_list = NULL, .glyph_id_ofs_list = NULL, .list_length = 0, .type = LV_FONT_FMT_TXT_CMAP_FORMAT0_TINY
    }
};

/*-----------------
 *    KERNING
 *----------------*/


/*Pair left and right glyphs for kerning*/
static const uint8_t kern_pair_glyph_ids[] =
{
    9, 24,
    13, 72,
    14, 18,
    14, 19,
    14, 21,
    14, 24,
    15, 72,
    16, 16,
    18, 10,
    19, 21,
    21, 21,
    21, 26,
    22, 26,
    23, 18,
    23, 19,
    24, 6,
    24, 14,
    24, 21,
    24, 24,
    24, 25,
    25, 6,
    25, 18,
    25, 24,
    25, 26,
    26, 21,
    26, 24,
    26, 25,
    34, 34,
    34, 36,
    34, 40,
    34, 48,
    34, 50,
    34, 53,
    34, 54,
    34, 55,
    34, 56,
    34, 58,
    34, 77,
    34, 85,
    34, 86,
    34, 87,
    34, 88,
    34, 89,
    34, 90,
    35, 34,
    35, 55,
    35, 57,
    35, 58,
    35, 66,
    36, 36,
    36, 40,
    36, 48,
    36, 50,
    36, 58,
    36, 68,
    36, 69,
    36, 70,
    36, 80,
    36, 82,
    37, 34,
    37, 42,
    37, 53,
    37, 55,
    37, 56,
    37, 57,
    37, 58,
    37, 59,
    37, 66,
    37, 91,
    38, 36,
    38, 40,
    38, 48,
    38, 50,
    38, 55,
    38, 56,
    38, 68,
    38, 69,
    38, 70,
    38, 80,
    38, 82,
    39, 34,
    39, 43,
    39, 53,
    39, 66,
    40, 53,
    40, 55,
    40, 58,
    42, 36,
    42, 40,
    42, 48,
    42, 50,
    42, 71,
    42, 72,
    42, 85,
    43, 34,
    43, 66,
    44, 36,
    44, 40,
    44, 48,
    44, 50,
    44, 68,
    44, 69,
    44, 70,
    44, 74,
    44, 80,
    44, 82,
    44, 86,
    44, 87,
    44, 88,
    44, 90,
    45, 34,
    45, 36,
    45, 40,
    45, 43,
    45, 48,
    45, 50,
    45, 53,
    45, 55,
    45, 56,
    45, 57,
    45, 58,
    45, 66,
    45, 74,
    45, 87,
    45, 88,
    45, 89,
    45, 90,
    48, 34,
    48, 42,
    48, 53,
    48, 55,
    48, 56,
    48, 57,
    48, 58,
    48, 59,
    48, 66,
    48, 91,
    49, 34,
    49, 43,
    49, 57,
    49, 58,
    49, 59,
    49, 66,
    49, 84,
    50, 34,
    50, 57,
    50, 58,
    50, 91,
    51, 34,
    51, 36,
    51, 40,
    51, 48,
    51, 50,
    51, 58,
    51, 72,
    51, 86,
    52, 56,
    53, 34,
    53, 36,
    53, 40,
    53, 43,
    53, 48,
    53, 50,
    53, 53,
    53, 54,
    53, 55,
    53, 56,
    53, 58,
    53, 66,
    53, 68,
    53, 69,
    53, 70,
    53, 71,
    53, 72,
    53, 78,
    53, 79,
    53, 80,
    53, 81,
    53, 82,
    53, 83,
    53, 84,
    53, 86,
    54, 34,
    55, 34,
    55, 36,
    55, 40,
    55, 43,
    55, 48,
    55, 50,
    55, 53,
    55, 55,
    55, 56,
    55, 58,
    55, 66,
    55, 68,
    55, 69,
    55, 70,
    55, 72,
    55, 78,
    55, 79,
    55, 80,
    55, 82,
    55, 84,
    56, 34,
    56, 36,
    56, 40,
    56, 43,
    56, 48,
    56, 50,
    56, 53,
    56, 55,
    56, 58,
    56, 66,
    56, 68,
    56, 69,
    56, 70,
    56, 72,
    56, 80,
    56, 82,
    57, 36,
    57, 40,
    57, 48,
    57, 50,
    57, 66,
    57, 68,
    57, 69,
    57, 70,
    57, 72,
    57, 74,
    57, 80,
    57, 82,
    57, 86,
    57, 87,
    57, 90,
    58, 34,
    58, 36,
    58, 40,
    58, 43,
    58, 48,
    58, 50,
    58, 53,
    58, 55,
    58, 66,
    58, 68,
    58, 69,
    58, 70,
    58, 72,
    58, 74,
    58, 80,
    58, 81,
    58, 82,
    58, 84,
    58, 86,
    58, 89,
    58, 91,
    59, 36,
    59, 40,
    59, 48,
    59, 50,
    59, 72,
    59, 85,
    68, 53,
    68, 56,
    68, 58,
    69, 75,
    70, 53,
    70, 55,
    70, 56,
    70, 57,
    70, 58,
    70, 87,
    70, 90,
    71, 53,
    71, 56,
    71, 66,
    71, 68,
    71, 69,
    71, 70,
    71, 80,
    71, 82,
    71, 85,
    72, 58,
    73, 53,
    73, 56,
    73, 58,
    73, 68,
    73, 69,
    73, 70,
    73, 74,
    73, 80,
    73, 82,
    75, 75,
    76, 34,
    76, 36,
    76, 40,
    76, 48,
    76, 50,
    76, 68,
    76, 69,
    76, 70,
    76, 74,
    76, 80,
    76, 82,
    76, 85,
    77, 13,
    77, 15,
    77, 16,
    77, 57,
    77, 66,
    77, 74,
    77, 81,
    78, 53,
    78, 56,
    78, 58,
    78, 68,
    78, 69,
    78, 70,
    78, 74,
    78, 80,
    78, 82,
    79, 53,
    79, 56,
    79, 58,
    79, 68,
    79, 69,
    79, 70,
    79, 74,
    79, 80,
    79, 82,
    82, 53,
    82, 58,
    83, 56,
    83, 66,
    83, 71,
    83, 74,
    83, 85,
    83, 87,
    83, 88,
    83, 89,
    83, 90,
    84, 43,
    84, 53,
    84, 55,
    84, 58,
    84, 74,
    84, 84,
    85, 34,
    85, 58,
    85, 77,
    85, 88,
    86, 53,
    86, 58,
    87, 34,
    87, 57,
    87, 59,
    87, 66,
    87, 68,
    87, 69,
    87, 70,
    87, 71,
    87, 74,
    87, 80,
    87, 82,
    88, 87,
    88, 90,
    89, 34,
    89, 58,
    90, 34,
    90, 57,
    90, 59,
    90, 66,
    90, 68,
    90, 69,
    90, 70,
    90, 71,
    90, 74,
    90, 80,
    90, 82,
    91, 58
};

/* Kerning between the respective left and right glyphs
 * 4.4 format which needs to scaled with `kern_scale`*/
static const int8_t kern_pair_values[] =
{
    20, -14, -30, -20, 20, -35, -14, -87,
    10, -5, 13, -14, -17, -15, -12, 20,
    -35, -24, 23, -30, -16, -18, -12, -15,
    -15, -12, -15, 12, -24, -24, -24, -24,
    -42, -18, -57, -30, -42, -13, -27, -15,
    -26, -28, 13, -26, -12, -12, -12, -18,
    -9, -12, -12, -12, -12, -15, -11, -11,
    -11, -11, -11, -24, -18, -24, -18, -12,
    -12, -30, -12, -18, -12, -12, -12, -12,
    -12, 11, 12, -11, -11, -11, -11, -11,
    -24, -20, 15, -14, -12, -18, -30, -18,
    -18, -18, -18, -13, -13, -18, -18, -11,
    -30, -30, -30, -30, -21, -21, -21, -36,
    -21, -21, -28, -32, -32, -32, 18, -24,
    -24, 18, -24, -24, -61, -42, -24, 18,
    -60, 8, -12, -24, -30, 18, -24, -24,
    -18, -24, -18, -12, -12, -30, -12, -18,
    -12, -52, -43, -19, -12, -12, -18, -12,
    18, 12, -24, 12, 12, -13, -13, -13,
    -13, -10, -12, -12, -12, -42, -24, -24,
    -67, -24, -24, 19, 11, 24, 18, 12,
    -36, -55, -55, -55, 12, -43, -42, -42,
    -55, -36, -55, -36, -24, -36, -18, -43,
    -18, -18, -24, -18, -18, 24, 12, 12,
    12, -24, -30, -30, -30, -30, -12, -12,
    -30, -30, -12, -30, -12, -12, -18, -12,
    -12, 18, 12, 9, -18, -15, -15, -15,
    -18, -15, -15, -18, -18, -18, -18, -12,
    -12, -12, -12, -12, -13, -12, -12, -18,
    -12, -12, -42, -30, -30, -36, -30, -30,
    12, 12, -49, -55, -55, -55, -54, -22,
    -55, -33, -55, -38, -24, -12, -12, -18,
    -18, -18, -18, -18, -18, -30, -18, -49,
    11, -42, -24, -18, -12, -49, -8, -8,
    18, 12, -15, -13, -13, -13, -13, -13,
    8, -30, -36, -18, -42, -5, -5, -5,
    -10, -5, -5, 28, 18, -12, -12, -12,
    -12, -19, -19, -19, -8, -19, -19, -8,
    16, 16, 19, 12, 14, -17, 8, -36,
    -18, -42, -5, -5, -5, -10, -5, -5,
    -36, -18, -42, -5, -5, -5, -10, -5,
    -5, -30, -18, 18, -8, 12, 10, 10,
    17, 15, 13, 17, 13, -24, -12, -36,
    -8, -7, 15, -18, 18, 8, -45, -25,
    -36, -12, -12, -12, -6, -6, -6, 17,
    11, -6, -6, 17, 17, 13, -12, -36,
    -12, -12, -12, -6, -6, -6, 17, 11,
    -6, -6, -12
};

/*Collect the kern pair's data in one place*/
static const lv_font_fmt_txt_kern_pair_t kern_pairs =
{
    .glyph_ids = kern_pair_glyph_ids,
    .values = kern_pair_values,
    .pair_cnt = 379,
    .glyph_ids_size = 0
};

/*--------------------
 *  ALL CUSTOM DATA
 *--------------------*/

#if LVGL_VERSION_MAJOR == 8
/*Store all the custom data of the font*/
static  lv_font_fmt_txt_glyph_cache_t cache;
#endif

#if LVGL_VERSION_MAJOR >= 8
static const lv_font_fmt_txt_dsc_t font_dsc = {
#else
static lv_font_fmt_txt_dsc_t font_dsc = {
#endif
    .glyph_bitmap = glyph_bitmap,
    .glyph_dsc = glyph_dsc,
    .cmaps = cmaps,
    .kern_dsc = &kern_pairs,
    .kern_scale = 16,
    .cmap_num = 1,
    .bpp = 4,
    .kern_classes = 0,
    .bitmap_format = 0,
#if LVGL_VERSION_MAJOR == 8
    .cache = &cache
#endif
};



/*-----------------
 *  PUBLIC FONT
 *----------------*/

/*Initialize a public general font descriptor*/
#if LVGL_VERSION_MAJOR >= 8
const lv_font_t ollo_font_40 = {
#else
lv_font_t ollo_font_40 = {
#endif
    .get_glyph_dsc = lv_font_get_glyph_dsc_fmt_txt,    /*Function pointer to get glyph's data*/
    .get_glyph_bitmap = lv_font_get_bitmap_fmt_txt,    /*Function pointer to get glyph's bitmap*/
    .line_height = 40,          /*The maximum line height required by the font*/
    .base_line = 9,             /*Baseline measured from the bottom of the line*/
#if !(LVGL_VERSION_MAJOR == 6 && LVGL_VERSION_MINOR == 0)
    .subpx = LV_FONT_SUBPX_NONE,
#endif
#if LV_VERSION_CHECK(7, 4, 0) || LVGL_VERSION_MAJOR >= 8
    .underline_position = -3,
    .underline_thickness = 2,
#endif
    .dsc = &font_dsc,          /*The custom font data. Will be accessed by `get_glyph_bitmap/dsc` */
#if LV_VERSION_CHECK(8, 2, 0) || LVGL_VERSION_MAJOR >= 9
    .fallback = NULL,
#endif
    .user_data = NULL,
};



#endif /*#if OLLO_FONT_40*/

