/*******************************************************************************
 * Size: 32 px
 * Bpp: 4
 * Opts: --font atkinson_bold.ttf -r 0x20-0x7E --size 32 --bpp 4 --format lvgl --lv-include lvgl.h --no-compress --lv-font-name ollo_font_32 -o ollo_font_32.c
 ******************************************************************************/

#ifdef LV_LVGL_H_INCLUDE_SIMPLE
#include "lvgl.h"
#else
#include "lvgl.h"
#endif

#ifndef OLLO_FONT_32
#define OLLO_FONT_32 1
#endif

#if OLLO_FONT_32

/*-----------------
 *    BITMAPS
 *----------------*/

/*Store the image of the glyphs*/
static LV_ATTRIBUTE_LARGE_CONST const uint8_t glyph_bitmap[] = {
    /* U+0020 " " */

    /* U+0021 "!" */
    0x9f, 0xff, 0xff, 0x99, 0xff, 0xff, 0xf9, 0x9f,
    0xff, 0xff, 0x99, 0xff, 0xff, 0xf9, 0x9f, 0xff,
    0xff, 0x99, 0xff, 0xff, 0xf9, 0x6f, 0xff, 0xff,
    0x64, 0xff, 0xff, 0xf4, 0x1f, 0xff, 0xff, 0x10,
    0xef, 0xff, 0xe0, 0xc, 0xff, 0xfb, 0x0, 0x9f,
    0xff, 0x90, 0x6, 0xff, 0xf6, 0x0, 0x15, 0x55,
    0x10, 0x0, 0x1, 0x0, 0x0, 0x5e, 0xfe, 0x50,
    0x3f, 0xff, 0xff, 0x38, 0xff, 0xff, 0xf8, 0x7f,
    0xff, 0xff, 0x82, 0xff, 0xff, 0xf2, 0x3, 0xcf,
    0xc4, 0x0,

    /* U+0022 "\"" */
    0xbf, 0xff, 0xc0, 0xaf, 0xff, 0xca, 0xff, 0xfb,
    0x9, 0xff, 0xfc, 0x9f, 0xff, 0xa0, 0x8f, 0xff,
    0xb8, 0xff, 0xf9, 0x7, 0xff, 0xfa, 0x7f, 0xff,
    0x80, 0x6f, 0xff, 0x96, 0xff, 0xf7, 0x5, 0xff,
    0xf8, 0x5f, 0xff, 0x60, 0x4f, 0xff, 0x71, 0x55,
    0x52, 0x1, 0x55, 0x52,

    /* U+0023 "#" */
    0x0, 0x0, 0x0, 0xb, 0xff, 0xfc, 0x0, 0x0,
    0xdf, 0xff, 0xa0, 0x0, 0x0, 0x0, 0x0, 0x0,
    0xdf, 0xff, 0xa0, 0x0, 0xf, 0xff, 0xf8, 0x0,
    0x0, 0x0, 0x0, 0x0, 0xf, 0xff, 0xf7, 0x0,
    0x2, 0xff, 0xff, 0x60, 0x0, 0x0, 0x0, 0x0,
    0x2, 0xff, 0xff, 0x50, 0x0, 0x4f, 0xff, 0xf3,
    0x0, 0x0, 0x0, 0x6f, 0xff, 0xff, 0xff, 0xff,
    0xff, 0xff, 0xff, 0xff, 0xff, 0xff, 0x30, 0x8,
    0xff, 0xff, 0xff, 0xff, 0xff, 0xff, 0xff, 0xff,
    0xff, 0xff, 0xf0, 0x0, 0xaf, 0xff, 0xff, 0xff,
    0xff, 0xff, 0xff, 0xff, 0xff, 0xff, 0xfe, 0x0,
    0xd, 0xff, 0xff, 0xff, 0xff, 0xff, 0xff, 0xff,
    0xff, 0xff, 0xff, 0xb0, 0x0, 0x56, 0x66, 0xff,
    0xff, 0xb6, 0x66, 0x6f, 0xff, 0xfa, 0x66, 0x63,
    0x0, 0x0, 0x0, 0xf, 0xff, 0xf7, 0x0, 0x2,
    0xff, 0xff, 0x50, 0x0, 0x0, 0x0, 0x0, 0x2,
    0xff, 0xff, 0x50, 0x0, 0x4f, 0xff, 0xf3, 0x0,
    0x0, 0x0, 0x0, 0x0, 0x5f, 0xff, 0xf2, 0x0,
    0x6, 0xff, 0xff, 0x10, 0x0, 0x0, 0x3, 0x55,
    0x5a, 0xff, 0xff, 0x65, 0x55, 0xbf, 0xff, 0xf5,
    0x55, 0x50, 0x0, 0xbf, 0xff, 0xff, 0xff, 0xff,
    0xff, 0xff, 0xff, 0xff, 0xff, 0xfe, 0x0, 0xd,
    0xff, 0xff, 0xff, 0xff, 0xff, 0xff, 0xff, 0xff,
    0xff, 0xff, 0xb0, 0x0, 0xff, 0xff, 0xff, 0xff,
    0xff, 0xff, 0xff, 0xff, 0xff, 0xff, 0xf9, 0x0,
    0x2f, 0xff, 0xff, 0xff, 0xff, 0xff, 0xff, 0xff,
    0xff, 0xff, 0xff, 0x70, 0x0, 0x0, 0x3, 0xff,
    0xff, 0x40, 0x0, 0x5f, 0xff, 0xf2, 0x0, 0x0,
    0x0, 0x0, 0x0, 0x5f, 0xff, 0xf2, 0x0, 0x7,
    0xff, 0xff, 0x0, 0x0, 0x0, 0x0, 0x0, 0x8,
    0xff, 0xff, 0x0, 0x0, 0xaf, 0xff, 0xd0, 0x0,
    0x0, 0x0, 0x0, 0x0, 0xaf, 0xff, 0xd0, 0x0,
    0xc, 0xff, 0xfb, 0x0, 0x0, 0x0, 0x0,

    /* U+0024 "$" */
    0x0, 0x0, 0x0, 0x0, 0x3, 0x30, 0x0, 0x0,
    0x0, 0x0, 0x0, 0x0, 0x0, 0x0, 0x4f, 0xf0,
    0x0, 0x0, 0x0, 0x0, 0x0, 0x0, 0x0, 0x0,
    0x4f, 0xf0, 0x0, 0x0, 0x0, 0x0, 0x0, 0x0,
    0x4, 0x9d, 0xff, 0xfe, 0xb8, 0x10, 0x0, 0x0,
    0x0, 0x4, 0xdf, 0xff, 0xff, 0xff, 0xff, 0xf9,
    0x0, 0x0, 0x0, 0x6f, 0xff, 0xff, 0xff, 0xff,
    0xff, 0xff, 0xc0, 0x0, 0x4, 0xff, 0xff, 0xff,
    0xff, 0xff, 0xff, 0xff, 0xf9, 0x0, 0xc, 0xff,
    0xff, 0xd4, 0x5f, 0xf4, 0xcf, 0xff, 0xfb, 0x0,
    0xf, 0xff, 0xff, 0x30, 0x4f, 0xf0, 0xc, 0xc6,
    0x10, 0x0, 0x1f, 0xff, 0xff, 0x30, 0x4f, 0xf0,
    0x0, 0x0, 0x0, 0x0, 0xf, 0xff, 0xff, 0xe4,
    0x5f, 0xf0, 0x0, 0x0, 0x0, 0x0, 0xa, 0xff,
    0xff, 0xff, 0xff, 0xf6, 0x20, 0x0, 0x0, 0x0,
    0x2, 0xef, 0xff, 0xff, 0xff, 0xff, 0xfe, 0x93,
    0x0, 0x0, 0x0, 0x2c, 0xff, 0xff, 0xff, 0xff,
    0xff, 0xff, 0xb1, 0x0, 0x0, 0x0, 0x5b, 0xff,
    0xff, 0xff, 0xff, 0xff, 0xfd, 0x10, 0x0, 0x0,
    0x0, 0x4, 0xaf, 0xff, 0xff, 0xff, 0xff, 0x90,
    0x0, 0x0, 0x0, 0x0, 0x4f, 0xf4, 0x9f, 0xff,
    0xff, 0xe0, 0x0, 0x0, 0x1, 0x0, 0x4f, 0xf0,
    0x6, 0xff, 0xff, 0xf0, 0x0, 0x49, 0xfc, 0x0,
    0x4f, 0xf0, 0x2, 0xff, 0xff, 0xf0, 0xe, 0xff,
    0xff, 0x90, 0x4f, 0xf0, 0x9, 0xff, 0xff, 0xc0,
    0x9, 0xff, 0xff, 0xfe, 0xbf, 0xf8, 0xdf, 0xff,
    0xff, 0x60, 0x0, 0xdf, 0xff, 0xff, 0xff, 0xff,
    0xff, 0xff, 0xfa, 0x0, 0x0, 0x1c, 0xff, 0xff,
    0xff, 0xff, 0xff, 0xff, 0x90, 0x0, 0x0, 0x0,
    0x6d, 0xff, 0xff, 0xff, 0xff, 0xb3, 0x0, 0x0,
    0x0, 0x0, 0x0, 0x36, 0xaf, 0xf8, 0x51, 0x0,
    0x0, 0x0, 0x0, 0x0, 0x0, 0x0, 0x4f, 0xf0,
    0x0, 0x0, 0x0, 0x0, 0x0, 0x0, 0x0, 0x0,
    0x4f, 0xf0, 0x0, 0x0, 0x0, 0x0,

    /* U+0025 "%" */
    0x0, 0x0, 0x6c, 0xef, 0xd7, 0x10, 0x0, 0x0,
    0x0, 0x0, 0x4f, 0xff, 0xc0, 0x0, 0x0, 0x0,
    0x2, 0xdf, 0xff, 0xff, 0xfe, 0x40, 0x0, 0x0,
    0x0, 0x1e, 0xff, 0xf2, 0x0, 0x0, 0x0, 0x1,
    0xef, 0xff, 0xff, 0xff, 0xff, 0x30, 0x0, 0x0,
    0xa, 0xff, 0xf5, 0x0, 0x0, 0x0, 0x0, 0xaf,
    0xff, 0xfd, 0xcf, 0xff, 0xfc, 0x0, 0x0, 0x6,
    0xff, 0xfa, 0x0, 0x0, 0x0, 0x0, 0xf, 0xff,
    0xf4, 0x0, 0x2e, 0xff, 0xf2, 0x0, 0x2, 0xff,
    0xfe, 0x10, 0x0, 0x0, 0x0, 0x2, 0xff, 0xfa,
    0x0, 0x0, 0x7f, 0xff, 0x50, 0x0, 0xcf, 0xff,
    0x30, 0x0, 0x0, 0x0, 0x0, 0x2f, 0xff, 0xb0,
    0x0, 0x9, 0xff, 0xf4, 0x0, 0x8f, 0xff, 0x80,
    0x0, 0x0, 0x0, 0x0, 0x0, 0xef, 0xff, 0x81,
    0x16, 0xff, 0xff, 0x10, 0x4f, 0xff, 0xc0, 0x0,
    0x0, 0x0, 0x0, 0x0, 0x8, 0xff, 0xff, 0xff,
    0xff, 0xff, 0xa0, 0x1e, 0xff, 0xf2, 0x1, 0x79,
    0xa8, 0x30, 0x0, 0x0, 0xc, 0xff, 0xff, 0xff,
    0xff, 0xd1, 0xa, 0xff, 0xf6, 0x7, 0xff, 0xff,
    0xff, 0xb1, 0x0, 0x0, 0xa, 0xff, 0xff, 0xff,
    0xb1, 0x6, 0xff, 0xfa, 0x8, 0xff, 0xff, 0xff,
    0xff, 0xd1, 0x0, 0x0, 0x2, 0x7a, 0xa8, 0x30,
    0x2, 0xff, 0xfe, 0x14, 0xff, 0xff, 0xff, 0xff,
    0xff, 0xa0, 0x0, 0x0, 0x0, 0x0, 0x0, 0x0,
    0xcf, 0xff, 0x30, 0xbf, 0xff, 0xb2, 0x17, 0xff,
    0xff, 0x10, 0x0, 0x0, 0x0, 0x0, 0x0, 0x8f,
    0xff, 0x80, 0xf, 0xff, 0xe0, 0x0, 0x9, 0xff,
    0xf5, 0x0, 0x0, 0x0, 0x0, 0x0, 0x3f, 0xff,
    0xc0, 0x1, 0xff, 0xfb, 0x0, 0x0, 0x5f, 0xff,
    0x70, 0x0, 0x0, 0x0, 0x0, 0x1e, 0xff, 0xf2,
    0x0, 0xf, 0xff, 0xd0, 0x0, 0x7, 0xff, 0xf6,
    0x0, 0x0, 0x0, 0x0, 0xa, 0xff, 0xf6, 0x0,
    0x0, 0xcf, 0xff, 0x70, 0x3, 0xef, 0xff, 0x20,
    0x0, 0x0, 0x0, 0x5, 0xff, 0xfa, 0x0, 0x0,
    0x6, 0xff, 0xff, 0xec, 0xff, 0xff, 0xc0, 0x0,
    0x0, 0x0, 0x2, 0xff, 0xfe, 0x10, 0x0, 0x0,
    0xb, 0xff, 0xff, 0xff, 0xff, 0xf2, 0x0, 0x0,
    0x0, 0x0, 0xcf, 0xff, 0x40, 0x0, 0x0, 0x0,
    0x1b, 0xff, 0xff, 0xff, 0xe4, 0x0, 0x0, 0x0,
    0x0, 0x8f, 0xff, 0x80, 0x0, 0x0, 0x0, 0x0,
    0x5, 0xbe, 0xfd, 0x81, 0x0, 0x0,

    /* U+0026 "&" */
    0x0, 0x0, 0x0, 0x0, 0x57, 0x87, 0x30, 0x0,
    0x0, 0x0, 0x0, 0x0, 0x0, 0x0, 0x7, 0xff,
    0xff, 0xff, 0xc2, 0x0, 0x0, 0x0, 0x0, 0x0,
    0x0, 0xb, 0xff, 0xff, 0xff, 0xff, 0xf2, 0x0,
    0x0, 0x0, 0x0, 0x0, 0x7, 0xff, 0xff, 0xff,
    0xff, 0xff, 0xd0, 0x0, 0x0, 0x0, 0x0, 0x0,
    0xef, 0xff, 0xd2, 0x4, 0xff, 0xff, 0x50, 0x0,
    0x0, 0x0, 0x0, 0xf, 0xff, 0xf5, 0x0, 0x8,
    0xff, 0xf9, 0x0, 0x0, 0x0, 0x0, 0x1, 0xff,
    0xff, 0x80, 0x0, 0x8f, 0xff, 0x90, 0x0, 0x0,
    0x0, 0x0, 0xe, 0xff, 0xfe, 0x10, 0x1e, 0xff,
    0xf6, 0x0, 0x0, 0x0, 0x0, 0x0, 0x9f, 0xff,
    0xfd, 0x5d, 0xff, 0xfe, 0x0, 0x0, 0x0, 0x0,
    0x0, 0x2, 0xff, 0xff, 0xff, 0xff, 0xff, 0x60,
    0x0, 0x0, 0x0, 0x0, 0x0, 0x7, 0xff, 0xff,
    0xff, 0xff, 0x70, 0x1, 0x33, 0x31, 0x0, 0x0,
    0x7, 0xef, 0xff, 0xff, 0xfe, 0x50, 0x0, 0xcf,
    0xff, 0x50, 0x0, 0x1c, 0xff, 0xff, 0xff, 0xff,
    0xf3, 0x0, 0x1f, 0xff, 0xf1, 0x0, 0x1d, 0xff,
    0xff, 0xfe, 0xff, 0xff, 0xe2, 0x7, 0xff, 0xfc,
    0x0, 0x9, 0xff, 0xff, 0xe3, 0xc, 0xff, 0xff,
    0xe3, 0xff, 0xff, 0x60, 0x0, 0xff, 0xff, 0xf3,
    0x0, 0xc, 0xff, 0xff, 0xff, 0xff, 0xe0, 0x0,
    0x3f, 0xff, 0xfe, 0x0, 0x0, 0x1d, 0xff, 0xff,
    0xff, 0xf6, 0x0, 0x2, 0xff, 0xff, 0xf2, 0x0,
    0x0, 0x1d, 0xff, 0xff, 0xfb, 0x0, 0x0, 0xe,
    0xff, 0xff, 0xd4, 0x0, 0x27, 0xef, 0xff, 0xff,
    0xa0, 0x0, 0x0, 0x6f, 0xff, 0xff, 0xff, 0xff,
    0xff, 0xff, 0xff, 0xff, 0x70, 0x0, 0x0, 0xaf,
    0xff, 0xff, 0xff, 0xff, 0xff, 0xff, 0xff, 0xff,
    0x40, 0x0, 0x0, 0x7f, 0xff, 0xff, 0xff, 0xff,
    0xe7, 0x8f, 0xff, 0xff, 0x20, 0x0, 0x0, 0x27,
    0xce, 0xfe, 0xc9, 0x40, 0x0, 0xbf, 0xff, 0xfd,
    0x10,

    /* U+0027 "'" */
    0xbf, 0xff, 0xca, 0xff, 0xfb, 0x9f, 0xff, 0xa8,
    0xff, 0xf9, 0x7f, 0xff, 0x86, 0xff, 0xf7, 0x5f,
    0xff, 0x61, 0x55, 0x52,

    /* U+0028 "(" */
    0x0, 0xa, 0xff, 0xfe, 0x0, 0x0, 0x2f, 0xff,
    0xf6, 0x0, 0x0, 0xaf, 0xff, 0xd0, 0x0, 0x1,
    0xff, 0xff, 0x60, 0x0, 0x7, 0xff, 0xff, 0x0,
    0x0, 0xd, 0xff, 0xfa, 0x0, 0x0, 0x1f, 0xff,
    0xf5, 0x0, 0x0, 0x5f, 0xff, 0xf2, 0x0, 0x0,
    0x8f, 0xff, 0xf0, 0x0, 0x0, 0xaf, 0xff, 0xc0,
    0x0, 0x0, 0xcf, 0xff, 0xb0, 0x0, 0x0, 0xdf,
    0xff, 0xa0, 0x0, 0x0, 0xdf, 0xff, 0xa0, 0x0,
    0x0, 0xdf, 0xff, 0xa0, 0x0, 0x0, 0xbf, 0xff,
    0xc0, 0x0, 0x0, 0x9f, 0xff, 0xe0, 0x0, 0x0,
    0x7f, 0xff, 0xf1, 0x0, 0x0, 0x3f, 0xff, 0xf5,
    0x0, 0x0, 0xf, 0xff, 0xfa, 0x0, 0x0, 0xa,
    0xff, 0xff, 0x0, 0x0, 0x3, 0xff, 0xff, 0x70,
    0x0, 0x0, 0xcf, 0xff, 0xe0, 0x0, 0x0, 0x5f,
    0xff, 0xf6, 0x0, 0x0, 0xc, 0xff, 0xfe, 0x10,
    0x0, 0x3, 0xff, 0xff, 0xa0, 0x0, 0x0, 0x8f,
    0xff, 0xf4,

    /* U+0029 ")" */
    0x3, 0xff, 0xff, 0x50, 0x0, 0x0, 0x9f, 0xff,
    0xd0, 0x0, 0x0, 0x1f, 0xff, 0xf6, 0x0, 0x0,
    0xa, 0xff, 0xfd, 0x0, 0x0, 0x3, 0xff, 0xff,
    0x30, 0x0, 0x0, 0xef, 0xff, 0x80, 0x0, 0x0,
    0xaf, 0xff, 0xd0, 0x0, 0x0, 0x7f, 0xff, 0xf0,
    0x0, 0x0, 0x3f, 0xff, 0xf4, 0x0, 0x0, 0x1f,
    0xff, 0xf6, 0x0, 0x0, 0xf, 0xff, 0xf7, 0x0,
    0x0, 0xf, 0xff, 0xf8, 0x0, 0x0, 0xf, 0xff,
    0xf9, 0x0, 0x0, 0xf, 0xff, 0xf8, 0x0, 0x0,
    0xf, 0xff, 0xf7, 0x0, 0x0, 0x3f, 0xff, 0xf5,
    0x0, 0x0, 0x6f, 0xff, 0xf2, 0x0, 0x0, 0xaf,
    0xff, 0xf0, 0x0, 0x0, 0xef, 0xff, 0xa0, 0x0,
    0x4, 0xff, 0xff, 0x50, 0x0, 0xb, 0xff, 0xfe,
    0x0, 0x0, 0x3f, 0xff, 0xf8, 0x0, 0x0, 0xbf,
    0xff, 0xf1, 0x0, 0x4, 0xff, 0xff, 0x80, 0x0,
    0xd, 0xff, 0xfd, 0x0, 0x0, 0x8f, 0xff, 0xf4,
    0x0, 0x0,

    /* U+002A "*" */
    0x0, 0x0, 0x7f, 0xf5, 0x0, 0x0, 0x0, 0x0,
    0x7f, 0xf5, 0x0, 0x0, 0x7, 0x72, 0x7f, 0xf5,
    0x38, 0x50, 0xf, 0xff, 0xff, 0xff, 0xff, 0xc0,
    0x3f, 0xff, 0xff, 0xff, 0xff, 0xf1, 0x1, 0x6c,
    0xff, 0xff, 0xb5, 0x10, 0x0, 0xd, 0xff, 0xff,
    0xb0, 0x0, 0x0, 0x9f, 0xfd, 0xef, 0xf7, 0x0,
    0x0, 0xdf, 0xf2, 0x4f, 0xfb, 0x0, 0x0, 0x8,
    0x60, 0x7, 0x70, 0x0,

    /* U+002B "+" */
    0x0, 0x0, 0x0, 0x2f, 0xff, 0xf0, 0x0, 0x0,
    0x0, 0x0, 0x0, 0x0, 0x2f, 0xff, 0xf0, 0x0,
    0x0, 0x0, 0x0, 0x0, 0x0, 0x2f, 0xff, 0xf0,
    0x0, 0x0, 0x0, 0x0, 0x0, 0x0, 0x2f, 0xff,
    0xf0, 0x0, 0x0, 0x0, 0x0, 0x0, 0x0, 0x2f,
    0xff, 0xf0, 0x0, 0x0, 0x0, 0x0, 0x0, 0x0,
    0x2f, 0xff, 0xf0, 0x0, 0x0, 0x0, 0x4f, 0xff,
    0xff, 0xff, 0xff, 0xff, 0xff, 0xff, 0xf1, 0x4f,
    0xff, 0xff, 0xff, 0xff, 0xff, 0xff, 0xff, 0xf1,
    0x4f, 0xff, 0xff, 0xff, 0xff, 0xff, 0xff, 0xff,
    0xf1, 0x4f, 0xff, 0xff, 0xff, 0xff, 0xff, 0xff,
    0xff, 0xf1, 0x0, 0x0, 0x0, 0x2f, 0xff, 0xf0,
    0x0, 0x0, 0x0, 0x0, 0x0, 0x0, 0x2f, 0xff,
    0xf0, 0x0, 0x0, 0x0, 0x0, 0x0, 0x0, 0x2f,
    0xff, 0xf0, 0x0, 0x0, 0x0, 0x0, 0x0, 0x0,
    0x2f, 0xff, 0xf0, 0x0, 0x0, 0x0, 0x0, 0x0,
    0x0, 0x2f, 0xff, 0xf0, 0x0, 0x0, 0x0, 0x0,
    0x0, 0x0, 0x2f, 0xff, 0xf0, 0x0, 0x0, 0x0,

    /* U+002C "," */
    0x0, 0x3, 0x30, 0x0, 0x3, 0xef, 0xfc, 0x10,
    0xe, 0xff, 0xff, 0xb0, 0x2f, 0xff, 0xff, 0xf0,
    0x1f, 0xff, 0xff, 0xe0, 0x9, 0xff, 0xff, 0x80,
    0x0, 0x6f, 0xff, 0x20, 0x0, 0x2f, 0xfc, 0x0,
    0x0, 0x8f, 0xf5, 0x0, 0x0, 0xef, 0xe0, 0x0,
    0x5, 0xff, 0x80, 0x0,

    /* U+002D "-" */
    0x0, 0x0, 0x0, 0x0, 0x0, 0x0, 0x3f, 0xff,
    0xff, 0xff, 0xff, 0xf3, 0x3f, 0xff, 0xff, 0xff,
    0xff, 0xf3, 0x3f, 0xff, 0xff, 0xff, 0xff, 0xf3,
    0x3f, 0xff, 0xff, 0xff, 0xff, 0xf3,

    /* U+002E "." */
    0x0, 0x0, 0x0, 0x0, 0x1, 0xbf, 0xfa, 0x0,
    0xc, 0xff, 0xff, 0x90, 0x2f, 0xff, 0xff, 0xe0,
    0x1f, 0xff, 0xff, 0xe0, 0xb, 0xff, 0xff, 0x80,
    0x1, 0x9e, 0xe7, 0x0,

    /* U+002F "/" */
    0x0, 0x0, 0x0, 0x0, 0x5f, 0xff, 0xf7, 0x0,
    0x0, 0x0, 0x0, 0xcf, 0xff, 0xf1, 0x0, 0x0,
    0x0, 0x2, 0xff, 0xff, 0xa0, 0x0, 0x0, 0x0,
    0x9, 0xff, 0xff, 0x40, 0x0, 0x0, 0x0, 0xe,
    0xff, 0xfd, 0x0, 0x0, 0x0, 0x0, 0x5f, 0xff,
    0xf7, 0x0, 0x0, 0x0, 0x0, 0xcf, 0xff, 0xf1,
    0x0, 0x0, 0x0, 0x2, 0xff, 0xff, 0xb0, 0x0,
    0x0, 0x0, 0x8, 0xff, 0xff, 0x40, 0x0, 0x0,
    0x0, 0xe, 0xff, 0xfe, 0x0, 0x0, 0x0, 0x0,
    0x5f, 0xff, 0xf8, 0x0, 0x0, 0x0, 0x0, 0xbf,
    0xff, 0xf2, 0x0, 0x0, 0x0, 0x2, 0xff, 0xff,
    0xb0, 0x0, 0x0, 0x0, 0x8, 0xff, 0xff, 0x50,
    0x0, 0x0, 0x0, 0xe, 0xff, 0xfe, 0x0, 0x0,
    0x0, 0x0, 0x5f, 0xff, 0xf8, 0x0, 0x0, 0x0,
    0x0, 0xbf, 0xff, 0xf2, 0x0, 0x0, 0x0, 0x2,
    0xff, 0xff, 0xc0, 0x0, 0x0, 0x0, 0x8, 0xff,
    0xff, 0x50, 0x0, 0x0, 0x0, 0xe, 0xff, 0xfe,
    0x0, 0x0, 0x0, 0x0, 0x5f, 0xff, 0xf9, 0x0,
    0x0, 0x0, 0x0,

    /* U+0030 "0" */
    0x0, 0x0, 0x3, 0x8c, 0xef, 0xed, 0x94, 0x0,
    0x0, 0x0, 0x0, 0x1a, 0xff, 0xff, 0xff, 0xff,
    0xfc, 0x20, 0x0, 0x0, 0x1d, 0xff, 0xff, 0xff,
    0xff, 0xff, 0xfe, 0x30, 0x0, 0xb, 0xff, 0xff,
    0xfc, 0x9b, 0xff, 0xff, 0xfd, 0x0, 0x4, 0xff,
    0xff, 0xf6, 0x0, 0x2, 0xef, 0xff, 0xf8, 0x0,
    0xbf, 0xff, 0xff, 0xc0, 0x0, 0x4, 0xff, 0xff,
    0xe0, 0x1f, 0xff, 0xff, 0xff, 0x80, 0x0, 0xd,
    0xff, 0xff, 0x44, 0xff, 0xff, 0xef, 0xff, 0x30,
    0x0, 0x8f, 0xff, 0xf7, 0x7f, 0xff, 0xf8, 0xaf,
    0xfe, 0x10, 0x6, 0xff, 0xff, 0xa8, 0xff, 0xff,
    0x70, 0xdf, 0xfa, 0x0, 0x4f, 0xff, 0xfb, 0x8f,
    0xff, 0xf7, 0x3, 0xff, 0xf5, 0x4, 0xff, 0xff,
    0xc8, 0xff, 0xff, 0x70, 0x6, 0xff, 0xf2, 0x4f,
    0xff, 0xfb, 0x6f, 0xff, 0xf8, 0x0, 0xa, 0xff,
    0xc5, 0xff, 0xff, 0xa4, 0xff, 0xff, 0xb0, 0x0,
    0xd, 0xff, 0xdf, 0xff, 0xf8, 0x1f, 0xff, 0xff,
    0x0, 0x0, 0x3f, 0xff, 0xff, 0xff, 0x40, 0xbf,
    0xff, 0xf7, 0x0, 0x0, 0x6f, 0xff, 0xff, 0xe0,
    0x4, 0xff, 0xff, 0xf4, 0x0, 0x2, 0xff, 0xff,
    0xf8, 0x0, 0xb, 0xff, 0xff, 0xfb, 0x9a, 0xff,
    0xff, 0xfd, 0x0, 0x0, 0x1d, 0xff, 0xff, 0xff,
    0xff, 0xff, 0xfe, 0x20, 0x0, 0x0, 0xa, 0xff,
    0xff, 0xff, 0xff, 0xfc, 0x20, 0x0, 0x0, 0x0,
    0x3, 0x9c, 0xff, 0xfd, 0x94, 0x0, 0x0, 0x0,

    /* U+0031 "1" */
    0x0, 0x0, 0x0, 0xbf, 0xff, 0x30, 0x0, 0x0,
    0x4f, 0xff, 0xf3, 0x0, 0x1, 0x7f, 0xff, 0xff,
    0x36, 0xef, 0xff, 0xff, 0xff, 0xf3, 0x8f, 0xff,
    0xff, 0xff, 0xff, 0x38, 0xff, 0xff, 0xff, 0xff,
    0xf3, 0x8f, 0xff, 0xff, 0xff, 0xff, 0x30, 0x0,
    0x0, 0xaf, 0xff, 0xf3, 0x0, 0x0, 0xa, 0xff,
    0xff, 0x30, 0x0, 0x0, 0xaf, 0xff, 0xf3, 0x0,
    0x0, 0xa, 0xff, 0xff, 0x30, 0x0, 0x0, 0xaf,
    0xff, 0xf3, 0x0, 0x0, 0xa, 0xff, 0xff, 0x30,
    0x0, 0x0, 0xaf, 0xff, 0xf3, 0x0, 0x0, 0xa,
    0xff, 0xff, 0x30, 0x0, 0x0, 0xaf, 0xff, 0xf3,
    0x0, 0x0, 0xa, 0xff, 0xff, 0x30, 0x0, 0x0,
    0xaf, 0xff, 0xf3, 0x0, 0x0, 0xa, 0xff, 0xff,
    0x30, 0x0, 0x0, 0xaf, 0xff, 0xf3, 0x0, 0x0,
    0xa, 0xff, 0xff, 0x30,

    /* U+0032 "2" */
    0x0, 0x0, 0x28, 0xce, 0xff, 0xda, 0x50, 0x0,
    0x0, 0x0, 0x9f, 0xff, 0xff, 0xff, 0xff, 0xd3,
    0x0, 0x0, 0xcf, 0xff, 0xff, 0xff, 0xff, 0xff,
    0xf3, 0x0, 0x9f, 0xff, 0xff, 0xb9, 0xbf, 0xff,
    0xff, 0xc0, 0xb, 0xff, 0xff, 0x30, 0x0, 0x2e,
    0xff, 0xff, 0x30, 0x1, 0x7c, 0x80, 0x0, 0x0,
    0x9f, 0xff, 0xf5, 0x0, 0x0, 0x0, 0x0, 0x0,
    0x8, 0xff, 0xff, 0x50, 0x0, 0x0, 0x0, 0x0,
    0x0, 0xdf, 0xff, 0xf3, 0x0, 0x0, 0x0, 0x0,
    0x0, 0x6f, 0xff, 0xfe, 0x0, 0x0, 0x0, 0x0,
    0x0, 0x3f, 0xff, 0xff, 0x60, 0x0, 0x0, 0x0,
    0x0, 0x3f, 0xff, 0xff, 0xc0, 0x0, 0x0, 0x0,
    0x0, 0x5f, 0xff, 0xff, 0xd1, 0x0, 0x0, 0x0,
    0x0, 0x8f, 0xff, 0xff, 0xc1, 0x0, 0x0, 0x0,
    0x1, 0xbf, 0xff, 0xff, 0xa0, 0x0, 0x0, 0x0,
    0x4, 0xef, 0xff, 0xff, 0x60, 0x0, 0x0, 0x0,
    0x9, 0xff, 0xff, 0xfc, 0x20, 0x0, 0x0, 0x0,
    0x3d, 0xff, 0xff, 0xe5, 0x0, 0x0, 0x0, 0x0,
    0xe, 0xff, 0xff, 0xff, 0xee, 0xee, 0xee, 0xee,
    0xe7, 0xef, 0xff, 0xff, 0xff, 0xff, 0xff, 0xff,
    0xff, 0x8e, 0xff, 0xff, 0xff, 0xff, 0xff, 0xff,
    0xff, 0xf8, 0xef, 0xff, 0xff, 0xff, 0xff, 0xff,
    0xff, 0xff, 0x80,

    /* U+0033 "3" */
    0x0, 0x0, 0x5a, 0xde, 0xff, 0xda, 0x50, 0x0,
    0x0, 0x5, 0xef, 0xff, 0xff, 0xff, 0xff, 0xe5,
    0x0, 0x6, 0xff, 0xff, 0xff, 0xff, 0xff, 0xff,
    0xf7, 0x3, 0xff, 0xff, 0xfd, 0x99, 0xbf, 0xff,
    0xff, 0xf1, 0x5c, 0xff, 0xf6, 0x0, 0x0, 0x2e,
    0xff, 0xff, 0x40, 0x1, 0x58, 0x0, 0x0, 0x0,
    0x8f, 0xff, 0xf4, 0x0, 0x0, 0x0, 0x0, 0x0,
    0xd, 0xff, 0xff, 0x10, 0x0, 0x0, 0x0, 0x13,
    0x7d, 0xff, 0xff, 0x80, 0x0, 0x0, 0x4, 0xff,
    0xff, 0xff, 0xff, 0x90, 0x0, 0x0, 0x0, 0x4f,
    0xff, 0xff, 0xff, 0xc1, 0x0, 0x0, 0x0, 0x4,
    0xff, 0xff, 0xff, 0xff, 0xe2, 0x0, 0x0, 0x0,
    0x15, 0x69, 0xdf, 0xff, 0xff, 0xd0, 0x0, 0x0,
    0x0, 0x0, 0x0, 0x5f, 0xff, 0xff, 0x50, 0x0,
    0x0, 0x0, 0x0, 0x0, 0x8f, 0xff, 0xfa, 0x0,
    0x1, 0x30, 0x0, 0x0, 0x5, 0xff, 0xff, 0xb0,
    0x5b, 0xfd, 0x0, 0x0, 0x0, 0x7f, 0xff, 0xfa,
    0xbf, 0xff, 0xfa, 0x0, 0x0, 0x2e, 0xff, 0xff,
    0x63, 0xff, 0xff, 0xff, 0xa9, 0xbf, 0xff, 0xff,
    0xe0, 0x6, 0xff, 0xff, 0xff, 0xff, 0xff, 0xff,
    0xe3, 0x0, 0x4, 0xef, 0xff, 0xff, 0xff, 0xff,
    0xb2, 0x0, 0x0, 0x0, 0x5a, 0xdf, 0xfe, 0xc8,
    0x30, 0x0, 0x0,

    /* U+0034 "4" */
    0x0, 0x0, 0x0, 0x0, 0x0, 0x4f, 0xff, 0xff,
    0x0, 0x0, 0x0, 0x0, 0x0, 0x0, 0x2e, 0xff,
    0xff, 0xf0, 0x0, 0x0, 0x0, 0x0, 0x0, 0xd,
    0xff, 0xff, 0xff, 0x0, 0x0, 0x0, 0x0, 0x0,
    0xb, 0xff, 0xff, 0xff, 0xf0, 0x0, 0x0, 0x0,
    0x0, 0x8, 0xff, 0xff, 0xff, 0xff, 0x0, 0x0,
    0x0, 0x0, 0x5, 0xff, 0xff, 0xff, 0xff, 0xf0,
    0x0, 0x0, 0x0, 0x3, 0xff, 0xff, 0xbe, 0xff,
    0xff, 0x0, 0x0, 0x0, 0x1, 0xef, 0xff, 0xd1,
    0xdf, 0xff, 0xf0, 0x0, 0x0, 0x0, 0xcf, 0xff,
    0xe2, 0xd, 0xff, 0xff, 0x0, 0x0, 0x0, 0xaf,
    0xff, 0xf3, 0x0, 0xdf, 0xff, 0xf0, 0x0, 0x0,
    0x7f, 0xff, 0xf5, 0x0, 0xd, 0xff, 0xff, 0x0,
    0x0, 0x4f, 0xff, 0xf7, 0x0, 0x0, 0xdf, 0xff,
    0xf0, 0x0, 0x1e, 0xff, 0xff, 0xff, 0xff, 0xff,
    0xff, 0xff, 0xff, 0xf4, 0xff, 0xff, 0xff, 0xff,
    0xff, 0xff, 0xff, 0xff, 0xff, 0x4f, 0xff, 0xff,
    0xff, 0xff, 0xff, 0xff, 0xff, 0xff, 0xf4, 0xff,
    0xff, 0xff, 0xff, 0xff, 0xff, 0xff, 0xff, 0xff,
    0x3, 0x33, 0x33, 0x33, 0x33, 0x3e, 0xff, 0xff,
    0x33, 0x30, 0x0, 0x0, 0x0, 0x0, 0x0, 0xdf,
    0xff, 0xf0, 0x0, 0x0, 0x0, 0x0, 0x0, 0x0,
    0xd, 0xff, 0xff, 0x0, 0x0, 0x0, 0x0, 0x0,
    0x0, 0x0, 0xdf, 0xff, 0xf0, 0x0, 0x0, 0x0,
    0x0, 0x0, 0x0, 0xd, 0xff, 0xff, 0x0, 0x0,

    /* U+0035 "5" */
    0x4, 0xff, 0xff, 0xff, 0xff, 0xff, 0xff, 0xff,
    0x10, 0x6, 0xff, 0xff, 0xff, 0xff, 0xff, 0xff,
    0xff, 0x10, 0x8, 0xff, 0xff, 0xff, 0xff, 0xff,
    0xff, 0xff, 0x10, 0xa, 0xff, 0xff, 0xee, 0xee,
    0xee, 0xee, 0xee, 0x10, 0xc, 0xff, 0xfb, 0x0,
    0x0, 0x0, 0x0, 0x0, 0x0, 0xe, 0xff, 0xf9,
    0x0, 0x0, 0x0, 0x0, 0x0, 0x0, 0xf, 0xff,
    0xf7, 0x4, 0x78, 0x74, 0x0, 0x0, 0x0, 0x2f,
    0xff, 0xfc, 0xff, 0xff, 0xff, 0xf8, 0x0, 0x0,
    0x4f, 0xff, 0xff, 0xff, 0xff, 0xff, 0xff, 0xd1,
    0x0, 0x7f, 0xff, 0xff, 0xff, 0xff, 0xff, 0xff,
    0xfc, 0x0, 0x4d, 0xff, 0xfe, 0x61, 0x3, 0xaf,
    0xff, 0xff, 0x60, 0x0, 0x39, 0xd2, 0x0, 0x0,
    0x9, 0xff, 0xff, 0xc0, 0x0, 0x0, 0x0, 0x0,
    0x0, 0x1, 0xff, 0xff, 0xf0, 0x0, 0x0, 0x0,
    0x0, 0x0, 0x0, 0xff, 0xff, 0xf0, 0x0, 0x0,
    0x10, 0x0, 0x0, 0x0, 0xff, 0xff, 0xf0, 0x2,
    0x8d, 0xd0, 0x0, 0x0, 0x5, 0xff, 0xff, 0xd0,
    0x7f, 0xff, 0xf9, 0x0, 0x0, 0x3e, 0xff, 0xff,
    0x80, 0x1e, 0xff, 0xff, 0xea, 0x9c, 0xff, 0xff,
    0xfe, 0x10, 0x3, 0xff, 0xff, 0xff, 0xff, 0xff,
    0xff, 0xe3, 0x0, 0x0, 0x2c, 0xff, 0xff, 0xff,
    0xff, 0xfb, 0x20, 0x0, 0x0, 0x0, 0x49, 0xdf,
    0xfe, 0xc8, 0x30, 0x0, 0x0,

    /* U+0036 "6" */
    0x0, 0x0, 0x0, 0x5b, 0xdf, 0xfd, 0xa5, 0x0,
    0x0, 0x0, 0x0, 0x4e, 0xff, 0xff, 0xff, 0xff,
    0xc2, 0x0, 0x0, 0x5, 0xff, 0xff, 0xff, 0xff,
    0xff, 0xfd, 0x10, 0x0, 0x3f, 0xff, 0xfe, 0x97,
    0x9e, 0xfe, 0xa5, 0x0, 0x0, 0xcf, 0xff, 0xc1,
    0x0, 0x0, 0x30, 0x0, 0x0, 0x4, 0xff, 0xff,
    0x20, 0x0, 0x0, 0x0, 0x0, 0x0, 0xa, 0xff,
    0xfd, 0x1, 0x68, 0x86, 0x30, 0x0, 0x0, 0xe,
    0xff, 0xfc, 0x9f, 0xff, 0xff, 0xfd, 0x30, 0x0,
    0x1f, 0xff, 0xff, 0xff, 0xff, 0xff, 0xff, 0xf6,
    0x0, 0x4f, 0xff, 0xff, 0xff, 0xff, 0xff, 0xff,
    0xff, 0x40, 0x5f, 0xff, 0xff, 0xf7, 0x10, 0x3c,
    0xff, 0xff, 0xd0, 0x5f, 0xff, 0xff, 0x60, 0x0,
    0x1, 0xff, 0xff, 0xf3, 0x4f, 0xff, 0xff, 0x0,
    0x0, 0x0, 0x9f, 0xff, 0xf6, 0x3f, 0xff, 0xfd,
    0x0, 0x0, 0x0, 0x7f, 0xff, 0xf7, 0xf, 0xff,
    0xfe, 0x0, 0x0, 0x0, 0x8f, 0xff, 0xf6, 0xc,
    0xff, 0xff, 0x20, 0x0, 0x0, 0xcf, 0xff, 0xf3,
    0x6, 0xff, 0xff, 0xc1, 0x0, 0x6, 0xff, 0xff,
    0xd0, 0x0, 0xef, 0xff, 0xfe, 0xa9, 0xcf, 0xff,
    0xff, 0x50, 0x0, 0x3f, 0xff, 0xff, 0xff, 0xff,
    0xff, 0xf7, 0x0, 0x0, 0x3, 0xdf, 0xff, 0xff,
    0xff, 0xff, 0x50, 0x0, 0x0, 0x0, 0x5, 0xad,
    0xff, 0xdb, 0x61, 0x0, 0x0,

    /* U+0037 "7" */
    0x8f, 0xff, 0xff, 0xff, 0xff, 0xff, 0xff, 0xff,
    0x78, 0xff, 0xff, 0xff, 0xff, 0xff, 0xff, 0xff,
    0xf7, 0x8f, 0xff, 0xff, 0xff, 0xff, 0xff, 0xff,
    0xff, 0x77, 0xee, 0xee, 0xee, 0xee, 0xee, 0xff,
    0xff, 0xf7, 0x0, 0x0, 0x0, 0x0, 0x0, 0xe,
    0xff, 0xff, 0x30, 0x0, 0x0, 0x0, 0x0, 0x7,
    0xff, 0xff, 0xb0, 0x0, 0x0, 0x0, 0x0, 0x0,
    0xef, 0xff, 0xf3, 0x0, 0x0, 0x0, 0x0, 0x0,
    0x7f, 0xff, 0xfc, 0x0, 0x0, 0x0, 0x0, 0x0,
    0xe, 0xff, 0xff, 0x40, 0x0, 0x0, 0x0, 0x0,
    0x8, 0xff, 0xff, 0xc0, 0x0, 0x0, 0x0, 0x0,
    0x1, 0xff, 0xff, 0xf4, 0x0, 0x0, 0x0, 0x0,
    0x0, 0x8f, 0xff, 0xfd, 0x0, 0x0, 0x0, 0x0,
    0x0, 0x1f, 0xff, 0xff, 0x50, 0x0, 0x0, 0x0,
    0x0, 0x8, 0xff, 0xff, 0xd0, 0x0, 0x0, 0x0,
    0x0, 0x1, 0xff, 0xff, 0xf6, 0x0, 0x0, 0x0,
    0x0, 0x0, 0x8f, 0xff, 0xfe, 0x0, 0x0, 0x0,
    0x0, 0x0, 0x1f, 0xff, 0xff, 0x60, 0x0, 0x0,
    0x0, 0x0, 0x9, 0xff, 0xff, 0xe0, 0x0, 0x0,
    0x0, 0x0, 0x1, 0xff, 0xff, 0xf7, 0x0, 0x0,
    0x0, 0x0, 0x0, 0x9f, 0xff, 0xfe, 0x0, 0x0,
    0x0, 0x0, 0x0, 0x1f, 0xff, 0xff, 0x70, 0x0,
    0x0, 0x0, 0x0,

    /* U+0038 "8" */
    0x0, 0x0, 0x1, 0x8d, 0xff, 0xd8, 0x20, 0x0,
    0x0, 0x0, 0x0, 0x5f, 0xff, 0xff, 0xff, 0xf5,
    0x0, 0x0, 0x0, 0x3, 0xff, 0xff, 0xff, 0xff,
    0xff, 0x40, 0x0, 0x0, 0xc, 0xff, 0xff, 0xff,
    0xff, 0xff, 0xc0, 0x0, 0x0, 0xf, 0xff, 0xf6,
    0x0, 0x6f, 0xff, 0xf0, 0x0, 0x0, 0x2f, 0xff,
    0xe0, 0x0, 0xe, 0xff, 0xf2, 0x0, 0x0, 0xf,
    0xff, 0xf6, 0x0, 0x6f, 0xff, 0xf0, 0x0, 0x0,
    0x9, 0xff, 0xff, 0xee, 0xff, 0xff, 0xa0, 0x0,
    0x0, 0x7, 0xff, 0xff, 0xff, 0xff, 0xff, 0x70,
    0x0, 0x0, 0xaf, 0xff, 0xff, 0xff, 0xff, 0xff,
    0xfa, 0x0, 0xa, 0xff, 0xff, 0xff, 0xff, 0xff,
    0xff, 0xff, 0xa0, 0x4f, 0xff, 0xff, 0xb3, 0x11,
    0x3b, 0xff, 0xff, 0xf3, 0x9f, 0xff, 0xfa, 0x0,
    0x0, 0x0, 0xaf, 0xff, 0xf9, 0xbf, 0xff, 0xf4,
    0x0, 0x0, 0x0, 0x4f, 0xff, 0xfb, 0xbf, 0xff,
    0xf4, 0x0, 0x0, 0x0, 0x4f, 0xff, 0xfb, 0x9f,
    0xff, 0xfb, 0x0, 0x0, 0x0, 0xbf, 0xff, 0xf9,
    0x5f, 0xff, 0xff, 0xb3, 0x0, 0x3b, 0xff, 0xff,
    0xf4, 0xc, 0xff, 0xff, 0xff, 0xff, 0xff, 0xff,
    0xff, 0xc0, 0x1, 0xdf, 0xff, 0xff, 0xff, 0xff,
    0xff, 0xfd, 0x10, 0x0, 0x1a, 0xff, 0xff, 0xff,
    0xff, 0xff, 0xa1, 0x0, 0x0, 0x0, 0x27, 0xbe,
    0xff, 0xec, 0x72, 0x0, 0x0,

    /* U+0039 "9" */
    0x0, 0x0, 0x3a, 0xef, 0xfc, 0x81, 0x0, 0x0,
    0x0, 0x9, 0xff, 0xff, 0xff, 0xff, 0x50, 0x0,
    0x0, 0xcf, 0xff, 0xff, 0xff, 0xff, 0xf7, 0x0,
    0x9, 0xff, 0xff, 0xff, 0xff, 0xff, 0xff, 0x40,
    0x2f, 0xff, 0xff, 0x84, 0x5b, 0xff, 0xff, 0xd0,
    0x7f, 0xff, 0xf4, 0x0, 0x0, 0x8f, 0xff, 0xf3,
    0xbf, 0xff, 0xb0, 0x0, 0x0, 0xf, 0xff, 0xf7,
    0xcf, 0xff, 0x90, 0x0, 0x0, 0xd, 0xff, 0xf7,
    0xaf, 0xff, 0xa0, 0x0, 0x0, 0xf, 0xff, 0xf6,
    0x8f, 0xff, 0xf2, 0x0, 0x0, 0x8f, 0xff, 0xf2,
    0x2f, 0xff, 0xff, 0x73, 0x49, 0xff, 0xff, 0xc0,
    0x9, 0xff, 0xff, 0xff, 0xff, 0xff, 0xff, 0x40,
    0x0, 0xcf, 0xff, 0xff, 0xff, 0xff, 0xfc, 0x0,
    0x0, 0xb, 0xff, 0xff, 0xff, 0xff, 0xf5, 0x0,
    0x0, 0x0, 0x4b, 0xef, 0xff, 0xff, 0xc0, 0x0,
    0x0, 0x0, 0x0, 0x6, 0xff, 0xff, 0x50, 0x0,
    0x0, 0x0, 0x0, 0xe, 0xff, 0xfd, 0x0, 0x0,
    0x0, 0x0, 0x0, 0x7f, 0xff, 0xf5, 0x0, 0x0,
    0x0, 0x0, 0x1, 0xff, 0xff, 0xc0, 0x0, 0x0,
    0x0, 0x0, 0xa, 0xff, 0xff, 0x50, 0x0, 0x0,
    0x0, 0x0, 0x4f, 0xff, 0xfc, 0x0, 0x0, 0x0,

    /* U+003A ":" */
    0x1, 0x9e, 0xe8, 0x0, 0xb, 0xff, 0xff, 0x80,
    0x2f, 0xff, 0xff, 0xe0, 0x2f, 0xff, 0xff, 0xe0,
    0xc, 0xff, 0xff, 0x90, 0x1, 0xbf, 0xf9, 0x0,
    0x0, 0x0, 0x0, 0x0, 0x0, 0x0, 0x0, 0x0,
    0x0, 0x0, 0x0, 0x0, 0x0, 0x0, 0x0, 0x0,
    0x1, 0xbf, 0xfa, 0x0, 0xc, 0xff, 0xff, 0x90,
    0x2f, 0xff, 0xff, 0xe0, 0x1f, 0xff, 0xff, 0xe0,
    0xb, 0xff, 0xff, 0x80, 0x1, 0x9e, 0xe7, 0x0,

    /* U+003B ";" */
    0x1, 0x9e, 0xe8, 0x0, 0xb, 0xff, 0xff, 0x80,
    0x2f, 0xff, 0xff, 0xe0, 0x2f, 0xff, 0xff, 0xe0,
    0xc, 0xff, 0xff, 0x90, 0x1, 0xbf, 0xf9, 0x0,
    0x0, 0x0, 0x0, 0x0, 0x0, 0x0, 0x0, 0x0,
    0x0, 0x0, 0x0, 0x0, 0x0, 0x0, 0x0, 0x0,
    0x0, 0x3, 0x30, 0x0, 0x3, 0xef, 0xfd, 0x10,
    0xe, 0xff, 0xff, 0xb0, 0x2f, 0xff, 0xff, 0xf0,
    0x1f, 0xff, 0xff, 0xd0, 0x9, 0xff, 0xff, 0x80,
    0x0, 0x6f, 0xff, 0x20, 0x0, 0x2f, 0xfc, 0x0,
    0x0, 0x8f, 0xf5, 0x0, 0x0, 0xef, 0xe0, 0x0,
    0x5, 0xff, 0x80, 0x0,

    /* U+003C "<" */
    0x0, 0x0, 0x0, 0x0, 0x0, 0x0, 0x0, 0x5c,
    0x0, 0x0, 0x0, 0x0, 0x0, 0x0, 0x18, 0xef,
    0xf1, 0x0, 0x0, 0x0, 0x0, 0x4, 0xaf, 0xff,
    0xff, 0x10, 0x0, 0x0, 0x0, 0x6d, 0xff, 0xff,
    0xff, 0xf1, 0x0, 0x0, 0x29, 0xff, 0xff, 0xff,
    0xff, 0xfa, 0x0, 0x5, 0xbf, 0xff, 0xff, 0xff,
    0xfb, 0x50, 0x0, 0x6e, 0xff, 0xff, 0xff, 0xfc,
    0x71, 0x0, 0x0, 0xb, 0xff, 0xff, 0xfd, 0x82,
    0x0, 0x0, 0x0, 0x0, 0xbf, 0xff, 0xff, 0x82,
    0x0, 0x0, 0x0, 0x0, 0xa, 0xff, 0xff, 0xff,
    0xfd, 0x71, 0x0, 0x0, 0x0, 0x3, 0xaf, 0xff,
    0xff, 0xff, 0xfb, 0x50, 0x0, 0x0, 0x0, 0x18,
    0xef, 0xff, 0xff, 0xff, 0xfa, 0x40, 0x0, 0x0,
    0x0, 0x5c, 0xff, 0xff, 0xff, 0xff, 0x10, 0x0,
    0x0, 0x0, 0x3, 0x9f, 0xff, 0xff, 0xf1, 0x0,
    0x0, 0x0, 0x0, 0x0, 0x17, 0xdf, 0xff, 0x10,
    0x0, 0x0, 0x0, 0x0, 0x0, 0x0, 0x4b, 0xf1,
    0x0, 0x0, 0x0, 0x0, 0x0, 0x0, 0x0, 0x2,
    0x0,

    /* U+003D "=" */
    0x4f, 0xff, 0xff, 0xff, 0xff, 0xff, 0xff, 0xff,
    0xf1, 0x4f, 0xff, 0xff, 0xff, 0xff, 0xff, 0xff,
    0xff, 0xf1, 0x4f, 0xff, 0xff, 0xff, 0xff, 0xff,
    0xff, 0xff, 0xf1, 0x4f, 0xff, 0xff, 0xff, 0xff,
    0xff, 0xff, 0xff, 0xf1, 0x0, 0x0, 0x0, 0x0,
    0x0, 0x0, 0x0, 0x0, 0x0, 0x0, 0x0, 0x0,
    0x0, 0x0, 0x0, 0x0, 0x0, 0x0, 0x4f, 0xff,
    0xff, 0xff, 0xff, 0xff, 0xff, 0xff, 0xf1, 0x4f,
    0xff, 0xff, 0xff, 0xff, 0xff, 0xff, 0xff, 0xf1,
    0x4f, 0xff, 0xff, 0xff, 0xff, 0xff, 0xff, 0xff,
    0xf1, 0x4f, 0xff, 0xff, 0xff, 0xff, 0xff, 0xff,
    0xff, 0xf1,

    /* U+003E ">" */
    0x97, 0x10, 0x0, 0x0, 0x0, 0x0, 0x0, 0x0,
    0xb, 0xff, 0xa3, 0x0, 0x0, 0x0, 0x0, 0x0,
    0x0, 0xbf, 0xff, 0xfc, 0x60, 0x0, 0x0, 0x0,
    0x0, 0xb, 0xff, 0xff, 0xff, 0xe8, 0x20, 0x0,
    0x0, 0x0, 0x6e, 0xff, 0xff, 0xff, 0xff, 0xb4,
    0x0, 0x0, 0x0, 0x3, 0x9e, 0xff, 0xff, 0xff,
    0xfd, 0x71, 0x0, 0x0, 0x0, 0x4, 0xaf, 0xff,
    0xff, 0xff, 0xf9, 0x0, 0x0, 0x0, 0x0, 0x6,
    0xbf, 0xff, 0xff, 0xf1, 0x0, 0x0, 0x0, 0x0,
    0x16, 0xdf, 0xff, 0xff, 0x10, 0x0, 0x0, 0x5,
    0xbf, 0xff, 0xff, 0xff, 0xe0, 0x0, 0x3, 0x9e,
    0xff, 0xff, 0xff, 0xfc, 0x60, 0x2, 0x8e, 0xff,
    0xff, 0xff, 0xff, 0xa3, 0x0, 0x0, 0xbf, 0xff,
    0xff, 0xff, 0xe7, 0x10, 0x0, 0x0, 0xb, 0xff,
    0xff, 0xfc, 0x50, 0x0, 0x0, 0x0, 0x0, 0xbf,
    0xff, 0x92, 0x0, 0x0, 0x0, 0x0, 0x0, 0xb,
    0xd7, 0x0, 0x0, 0x0, 0x0, 0x0, 0x0, 0x0,
    0x20, 0x0, 0x0, 0x0, 0x0, 0x0, 0x0, 0x0,
    0x0,

    /* U+003F "?" */
    0x0, 0x0, 0x49, 0xce, 0xff, 0xeb, 0x82, 0x0,
    0x0, 0x0, 0x4d, 0xff, 0xff, 0xff, 0xff, 0xff,
    0xb1, 0x0, 0x6, 0xff, 0xff, 0xff, 0xff, 0xff,
    0xff, 0xfe, 0x20, 0x3f, 0xff, 0xff, 0xff, 0xde,
    0xff, 0xff, 0xff, 0xb0, 0x5e, 0xff, 0xfc, 0x30,
    0x0, 0x19, 0xff, 0xff, 0xf0, 0x0, 0x39, 0xc0,
    0x0, 0x0, 0x0, 0xff, 0xff, 0xf0, 0x0, 0x0,
    0x0, 0x0, 0x0, 0x8, 0xff, 0xff, 0xd0, 0x0,
    0x0, 0x0, 0x0, 0x17, 0xef, 0xff, 0xff, 0x60,
    0x0, 0x0, 0x0, 0x8, 0xff, 0xff, 0xff, 0xf7,
    0x0, 0x0, 0x0, 0x0, 0xcf, 0xff, 0xff, 0xfc,
    0x30, 0x0, 0x0, 0x0, 0x8, 0xff, 0xff, 0xfc,
    0x40, 0x0, 0x0, 0x0, 0x0, 0xe, 0xff, 0xff,
    0x90, 0x0, 0x0, 0x0, 0x0, 0x0, 0xf, 0xff,
    0xff, 0x0, 0x0, 0x0, 0x0, 0x0, 0x0, 0x1,
    0x11, 0x11, 0x0, 0x0, 0x0, 0x0, 0x0, 0x0,
    0x0, 0x1, 0x0, 0x0, 0x0, 0x0, 0x0, 0x0,
    0x0, 0x6, 0xef, 0xe5, 0x0, 0x0, 0x0, 0x0,
    0x0, 0x0, 0x3f, 0xff, 0xff, 0x20, 0x0, 0x0,
    0x0, 0x0, 0x0, 0x9f, 0xff, 0xff, 0x70, 0x0,
    0x0, 0x0, 0x0, 0x0, 0x8f, 0xff, 0xff, 0x60,
    0x0, 0x0, 0x0, 0x0, 0x0, 0x2f, 0xff, 0xff,
    0x10, 0x0, 0x0, 0x0, 0x0, 0x0, 0x4, 0xcf,
    0xc3, 0x0, 0x0, 0x0, 0x0,

    /* U+0040 "@" */
    0x0, 0x0, 0x0, 0x5, 0xad, 0xef, 0xec, 0x72,
    0x0, 0x0, 0x0, 0x0, 0x0, 0x0, 0x7e, 0xff,
    0xff, 0xff, 0xff, 0xfb, 0x20, 0x0, 0x0, 0x0,
    0x1, 0xcf, 0xfe, 0xa5, 0x43, 0x58, 0xdf, 0xff,
    0x60, 0x0, 0x0, 0x1, 0xef, 0xf7, 0x0, 0x0,
    0x0, 0x0, 0x4e, 0xff, 0x60, 0x0, 0x0, 0xdf,
    0xe3, 0x0, 0x0, 0x0, 0x0, 0x0, 0xb, 0xff,
    0x40, 0x0, 0x7f, 0xf3, 0x0, 0x5, 0xbe, 0xfe,
    0xd9, 0x20, 0xd, 0xfd, 0x0, 0xf, 0xf7, 0x0,
    0x1c, 0xff, 0xff, 0xff, 0xf6, 0x0, 0x3f, 0xf5,
    0x5, 0xfe, 0x0, 0xb, 0xff, 0xff, 0xef, 0xff,
    0x60, 0x0, 0xcf, 0xa0, 0xaf, 0x90, 0x2, 0xff,
    0xf6, 0x0, 0x9f, 0xf6, 0x0, 0x8, 0xfd, 0xc,
    0xf6, 0x0, 0x7f, 0xfb, 0x0, 0x9, 0xff, 0x60,
    0x0, 0x7f, 0xf0, 0xdf, 0x50, 0x8, 0xff, 0x80,
    0x0, 0xaf, 0xf6, 0x0, 0x9, 0xff, 0xc, 0xf6,
    0x0, 0x8f, 0xfa, 0x0, 0xe, 0xff, 0x70, 0x0,
    0xdf, 0xc0, 0xaf, 0x90, 0x6, 0xff, 0xf8, 0x5c,
    0xff, 0xfe, 0x21, 0x9f, 0xf7, 0x6, 0xfe, 0x0,
    0xe, 0xff, 0xff, 0xff, 0xef, 0xff, 0xff, 0xfe,
    0x10, 0x1f, 0xf7, 0x0, 0x4f, 0xff, 0xff, 0xb1,
    0xdf, 0xff, 0xfe, 0x30, 0x0, 0x7f, 0xf3, 0x0,
    0x18, 0xba, 0x50, 0x0, 0x7a, 0xa7, 0x10, 0x0,
    0x0, 0xdf, 0xe3, 0x0, 0x0, 0x0, 0x0, 0x0,
    0x0, 0x0, 0x0, 0x0, 0x1, 0xef, 0xf7, 0x0,
    0x0, 0x0, 0x0, 0x10, 0x0, 0x0, 0x0, 0x0,
    0x1, 0xcf, 0xfe, 0xa5, 0x43, 0x48, 0xd8, 0x0,
    0x0, 0x0, 0x0, 0x0, 0x0, 0x7e, 0xff, 0xff,
    0xff, 0xff, 0x80, 0x0, 0x0, 0x0, 0x0, 0x0,
    0x0, 0x5, 0xad, 0xff, 0xdb, 0x71, 0x0, 0x0,
    0x0, 0x0,

    /* U+0041 "A" */
    0x0, 0x0, 0x0, 0x0, 0xef, 0xff, 0xff, 0x0,
    0x0, 0x0, 0x0, 0x0, 0x0, 0x0, 0x5, 0xff,
    0xff, 0xff, 0x60, 0x0, 0x0, 0x0, 0x0, 0x0,
    0x0, 0xb, 0xff, 0xff, 0xff, 0xc0, 0x0, 0x0,
    0x0, 0x0, 0x0, 0x0, 0x1f, 0xff, 0xff, 0xff,
    0xf2, 0x0, 0x0, 0x0, 0x0, 0x0, 0x0, 0x7f,
    0xff, 0xff, 0xff, 0xf8, 0x0, 0x0, 0x0, 0x0,
    0x0, 0x0, 0xdf, 0xff, 0xed, 0xff, 0xfe, 0x0,
    0x0, 0x0, 0x0, 0x0, 0x4, 0xff, 0xff, 0x88,
    0xff, 0xff, 0x50, 0x0, 0x0, 0x0, 0x0, 0xa,
    0xff, 0xff, 0x32, 0xff, 0xff, 0xb0, 0x0, 0x0,
    0x0, 0x0, 0x1f, 0xff, 0xfd, 0x0, 0xdf, 0xff,
    0xf1, 0x0, 0x0, 0x0, 0x0, 0x6f, 0xff, 0xf8,
    0x0, 0x7f, 0xff, 0xf7, 0x0, 0x0, 0x0, 0x0,
    0xcf, 0xff, 0xf2, 0x0, 0x1f, 0xff, 0xfd, 0x0,
    0x0, 0x0, 0x2, 0xff, 0xff, 0xd0, 0x0, 0xc,
    0xff, 0xff, 0x40, 0x0, 0x0, 0x9, 0xff, 0xff,
    0x70, 0x0, 0x6, 0xff, 0xff, 0xa0, 0x0, 0x0,
    0xe, 0xff, 0xff, 0xff, 0xff, 0xff, 0xff, 0xff,
    0xf1, 0x0, 0x0, 0x5f, 0xff, 0xff, 0xff, 0xff,
    0xff, 0xff, 0xff, 0xf6, 0x0, 0x0, 0xbf, 0xff,
    0xff, 0xff, 0xff, 0xff, 0xff, 0xff, 0xfc, 0x0,
    0x1, 0xff, 0xff, 0xff, 0xff, 0xff, 0xff, 0xff,
    0xff, 0xff, 0x20, 0x7, 0xff, 0xff, 0xc0, 0x0,
    0x0, 0x0, 0xb, 0xff, 0xff, 0x90, 0xd, 0xff,
    0xff, 0x70, 0x0, 0x0, 0x0, 0x6, 0xff, 0xff,
    0xe0, 0x4f, 0xff, 0xff, 0x20, 0x0, 0x0, 0x0,
    0x1, 0xff, 0xff, 0xf5, 0xaf, 0xff, 0xfd, 0x0,
    0x0, 0x0, 0x0, 0x0, 0xbf, 0xff, 0xfb,

    /* U+0042 "B" */
    0x9f, 0xff, 0xff, 0xff, 0xff, 0xfe, 0xc9, 0x50,
    0x0, 0x9, 0xff, 0xff, 0xff, 0xff, 0xff, 0xff,
    0xff, 0xe3, 0x0, 0x9f, 0xff, 0xff, 0xff, 0xff,
    0xff, 0xff, 0xff, 0xf2, 0x9, 0xff, 0xff, 0xff,
    0xff, 0xff, 0xff, 0xff, 0xff, 0x90, 0x9f, 0xff,
    0xf7, 0x0, 0x0, 0x16, 0xff, 0xff, 0xfc, 0x9,
    0xff, 0xff, 0x70, 0x0, 0x0, 0x8, 0xff, 0xff,
    0xd0, 0x9f, 0xff, 0xf7, 0x0, 0x0, 0x0, 0x7f,
    0xff, 0xfb, 0x9, 0xff, 0xff, 0x70, 0x0, 0x0,
    0x3e, 0xff, 0xff, 0x60, 0x9f, 0xff, 0xfe, 0xdd,
    0xdd, 0xef, 0xff, 0xff, 0xb0, 0x9, 0xff, 0xff,
    0xff, 0xff, 0xff, 0xff, 0xff, 0xb0, 0x0, 0x9f,
    0xff, 0xff, 0xff, 0xff, 0xff, 0xff, 0xff, 0xb1,
    0x9, 0xff, 0xff, 0xff, 0xff, 0xff, 0xff, 0xff,
    0xff, 0xd0, 0x9f, 0xff, 0xf7, 0x0, 0x0, 0x3,
    0xaf, 0xff, 0xff, 0x69, 0xff, 0xff, 0x70, 0x0,
    0x0, 0x0, 0xdf, 0xff, 0xf9, 0x9f, 0xff, 0xf7,
    0x0, 0x0, 0x0, 0xa, 0xff, 0xff, 0xb9, 0xff,
    0xff, 0x70, 0x0, 0x0, 0x0, 0xdf, 0xff, 0xfa,
    0x9f, 0xff, 0xf8, 0x11, 0x11, 0x24, 0xcf, 0xff,
    0xff, 0x79, 0xff, 0xff, 0xff, 0xff, 0xff, 0xff,
    0xff, 0xff, 0xf2, 0x9f, 0xff, 0xff, 0xff, 0xff,
    0xff, 0xff, 0xff, 0xf6, 0x9, 0xff, 0xff, 0xff,
    0xff, 0xff, 0xff, 0xff, 0xe5, 0x0, 0x9f, 0xff,
    0xff, 0xff, 0xff, 0xfe, 0xd9, 0x60, 0x0, 0x0,

    /* U+0043 "C" */
    0x0, 0x0, 0x0, 0x49, 0xce, 0xff, 0xeb, 0x61,
    0x0, 0x0, 0x0, 0x0, 0x4d, 0xff, 0xff, 0xff,
    0xff, 0xff, 0x70, 0x0, 0x0, 0x8, 0xff, 0xff,
    0xff, 0xff, 0xff, 0xff, 0xfc, 0x10, 0x0, 0x8f,
    0xff, 0xff, 0xff, 0xff, 0xff, 0xff, 0xff, 0xc0,
    0x4, 0xff, 0xff, 0xff, 0xa4, 0x12, 0x5b, 0xff,
    0xff, 0xf6, 0xc, 0xff, 0xff, 0xf5, 0x0, 0x0,
    0x0, 0x7f, 0xe9, 0x30, 0x3f, 0xff, 0xff, 0x80,
    0x0, 0x0, 0x0, 0x3, 0x0, 0x0, 0x8f, 0xff,
    0xff, 0x0, 0x0, 0x0, 0x0, 0x0, 0x0, 0x0,
    0xbf, 0xff, 0xfb, 0x0, 0x0, 0x0, 0x0, 0x0,
    0x0, 0x0, 0xdf, 0xff, 0xf8, 0x0, 0x0, 0x0,
    0x0, 0x0, 0x0, 0x0, 0xdf, 0xff, 0xf7, 0x0,
    0x0, 0x0, 0x0, 0x0, 0x0, 0x0, 0xdf, 0xff,
    0xf8, 0x0, 0x0, 0x0, 0x0, 0x0, 0x0, 0x0,
    0xbf, 0xff, 0xfa, 0x0, 0x0, 0x0, 0x0, 0x0,
    0x0, 0x0, 0x8f, 0xff, 0xfe, 0x0, 0x0, 0x0,
    0x0, 0x0, 0x0, 0x0, 0x4f, 0xff, 0xff, 0x70,
    0x0, 0x0, 0x0, 0x2, 0x0, 0x0, 0xd, 0xff,
    0xff, 0xf4, 0x0, 0x0, 0x0, 0x4f, 0xe9, 0x30,
    0x5, 0xff, 0xff, 0xff, 0xa4, 0x12, 0x4a, 0xff,
    0xff, 0xf8, 0x0, 0xaf, 0xff, 0xff, 0xff, 0xff,
    0xff, 0xff, 0xff, 0xd0, 0x0, 0xa, 0xff, 0xff,
    0xff, 0xff, 0xff, 0xff, 0xfc, 0x10, 0x0, 0x0,
    0x6e, 0xff, 0xff, 0xff, 0xff, 0xff, 0x80, 0x0,
    0x0, 0x0, 0x0, 0x59, 0xce, 0xff, 0xeb, 0x61,
    0x0, 0x0,

    /* U+0044 "D" */
    0x9f, 0xff, 0xff, 0xff, 0xfe, 0xc9, 0x61, 0x0,
    0x0, 0x0, 0x9f, 0xff, 0xff, 0xff, 0xff, 0xff,
    0xff, 0xb3, 0x0, 0x0, 0x9f, 0xff, 0xff, 0xff,
    0xff, 0xff, 0xff, 0xff, 0x80, 0x0, 0x9f, 0xff,
    0xff, 0xff, 0xff, 0xff, 0xff, 0xff, 0xf8, 0x0,
    0x9f, 0xff, 0xf8, 0x11, 0x34, 0x6c, 0xff, 0xff,
    0xff, 0x40, 0x9f, 0xff, 0xf7, 0x0, 0x0, 0x0,
    0x5f, 0xff, 0xff, 0xd0, 0x9f, 0xff, 0xf7, 0x0,
    0x0, 0x0, 0x5, 0xff, 0xff, 0xf3, 0x9f, 0xff,
    0xf7, 0x0, 0x0, 0x0, 0x0, 0xdf, 0xff, 0xf8,
    0x9f, 0xff, 0xf7, 0x0, 0x0, 0x0, 0x0, 0x9f,
    0xff, 0xfa, 0x9f, 0xff, 0xf7, 0x0, 0x0, 0x0,
    0x0, 0x7f, 0xff, 0xfb, 0x9f, 0xff, 0xf7, 0x0,
    0x0, 0x0, 0x0, 0x6f, 0xff, 0xfc, 0x9f, 0xff,
    0xf7, 0x0, 0x0, 0x0, 0x0, 0x7f, 0xff, 0xfb,
    0x9f, 0xff, 0xf7, 0x0, 0x0, 0x0, 0x0, 0x9f,
    0xff, 0xfa, 0x9f, 0xff, 0xf7, 0x0, 0x0, 0x0,
    0x0, 0xdf, 0xff, 0xf8, 0x9f, 0xff, 0xf7, 0x0,
    0x0, 0x0, 0x5, 0xff, 0xff, 0xf3, 0x9f, 0xff,
    0xf7, 0x0, 0x0, 0x0, 0x5f, 0xff, 0xff, 0xd0,
    0x9f, 0xff, 0xf8, 0x22, 0x35, 0x7c, 0xff, 0xff,
    0xff, 0x40, 0x9f, 0xff, 0xff, 0xff, 0xff, 0xff,
    0xff, 0xff, 0xf8, 0x0, 0x9f, 0xff, 0xff, 0xff,
    0xff, 0xff, 0xff, 0xff, 0x80, 0x0, 0x9f, 0xff,
    0xff, 0xff, 0xff, 0xff, 0xff, 0xb3, 0x0, 0x0,
    0x9f, 0xff, 0xff, 0xff, 0xfe, 0xc9, 0x61, 0x0,
    0x0, 0x0,

    /* U+0045 "E" */
    0x9f, 0xff, 0xff, 0xff, 0xff, 0xff, 0xff, 0xff,
    0xd9, 0xff, 0xff, 0xff, 0xff, 0xff, 0xff, 0xff,
    0xfd, 0x9f, 0xff, 0xff, 0xff, 0xff, 0xff, 0xff,
    0xff, 0xd9, 0xff, 0xff, 0xff, 0xff, 0xff, 0xff,
    0xff, 0xfd, 0x9f, 0xff, 0xfa, 0x55, 0x55, 0x55,
    0x55, 0x55, 0x49, 0xff, 0xff, 0x70, 0x0, 0x0,
    0x0, 0x0, 0x0, 0x9f, 0xff, 0xf7, 0x0, 0x0,
    0x0, 0x0, 0x0, 0x9, 0xff, 0xff, 0x70, 0x0,
    0x0, 0x0, 0x0, 0x0, 0x9f, 0xff, 0xff, 0xff,
    0xff, 0xff, 0x60, 0x0, 0x9, 0xff, 0xff, 0xff,
    0xff, 0xff, 0xf6, 0x0, 0x0, 0x9f, 0xff, 0xff,
    0xff, 0xff, 0xff, 0x60, 0x0, 0x9, 0xff, 0xff,
    0xff, 0xff, 0xff, 0xf6, 0x0, 0x0, 0x9f, 0xff,
    0xfa, 0x66, 0x66, 0x66, 0x20, 0x0, 0x9, 0xff,
    0xff, 0x70, 0x0, 0x0, 0x0, 0x0, 0x0, 0x9f,
    0xff, 0xf7, 0x0, 0x0, 0x0, 0x0, 0x0, 0x9,
    0xff, 0xff, 0x70, 0x0, 0x0, 0x0, 0x0, 0x0,
    0x9f, 0xff, 0xfa, 0x55, 0x55, 0x55, 0x55, 0x55,
    0x49, 0xff, 0xff, 0xff, 0xff, 0xff, 0xff, 0xff,
    0xfd, 0x9f, 0xff, 0xff, 0xff, 0xff, 0xff, 0xff,
    0xff, 0xd9, 0xff, 0xff, 0xff, 0xff, 0xff, 0xff,
    0xff, 0xfd, 0x9f, 0xff, 0xff, 0xff, 0xff, 0xff,
    0xff, 0xff, 0xd0,

    /* U+0046 "F" */
    0x9f, 0xff, 0xff, 0xff, 0xff, 0xff, 0xff, 0xfb,
    0x9f, 0xff, 0xff, 0xff, 0xff, 0xff, 0xff, 0xfb,
    0x9f, 0xff, 0xff, 0xff, 0xff, 0xff, 0xff, 0xfb,
    0x9f, 0xff, 0xff, 0xff, 0xff, 0xff, 0xff, 0xfb,
    0x9f, 0xff, 0xfa, 0x55, 0x55, 0x55, 0x55, 0x54,
    0x9f, 0xff, 0xf7, 0x0, 0x0, 0x0, 0x0, 0x0,
    0x9f, 0xff, 0xf7, 0x0, 0x0, 0x0, 0x0, 0x0,
    0x9f, 0xff, 0xf7, 0x0, 0x0, 0x0, 0x0, 0x0,
    0x9f, 0xff, 0xff, 0xff, 0xff, 0xff, 0xff, 0xfb,
    0x9f, 0xff, 0xff, 0xff, 0xff, 0xff, 0xff, 0xfb,
    0x9f, 0xff, 0xff, 0xff, 0xff, 0xff, 0xff, 0xfb,
    0x9f, 0xff, 0xff, 0xff, 0xff, 0xff, 0xff, 0xfb,
    0x9f, 0xff, 0xfa, 0x66, 0x66, 0x66, 0x66, 0x64,
    0x9f, 0xff, 0xf7, 0x0, 0x0, 0x0, 0x0, 0x0,
    0x9f, 0xff, 0xf7, 0x0, 0x0, 0x0, 0x0, 0x0,
    0x9f, 0xff, 0xf7, 0x0, 0x0, 0x0, 0x0, 0x0,
    0x9f, 0xff, 0xf7, 0x0, 0x0, 0x0, 0x0, 0x0,
    0x9f, 0xff, 0xf7, 0x0, 0x0, 0x0, 0x0, 0x0,
    0x9f, 0xff, 0xf7, 0x0, 0x0, 0x0, 0x0, 0x0,
    0x9f, 0xff, 0xf7, 0x0, 0x0, 0x0, 0x0, 0x0,
    0x9f, 0xff, 0xf7, 0x0, 0x0, 0x0, 0x0, 0x0,

    /* U+0047 "G" */
    0x0, 0x0, 0x0, 0x38, 0xce, 0xff, 0xeb, 0x72,
    0x0, 0x0, 0x0, 0x0, 0x3, 0xcf, 0xff, 0xff,
    0xff, 0xff, 0xfa, 0x10, 0x0, 0x0, 0x7, 0xff,
    0xff, 0xff, 0xff, 0xff, 0xff, 0xfe, 0x30, 0x0,
    0x7, 0xff, 0xff, 0xff, 0xff, 0xff, 0xff, 0xff,
    0xfe, 0x10, 0x3, 0xff, 0xff, 0xff, 0xa4, 0x22,
    0x49, 0xff, 0xff, 0xb3, 0x0, 0xcf, 0xff, 0xff,
    0x50, 0x0, 0x0, 0x3, 0xc7, 0x10, 0x0, 0x3f,
    0xff, 0xff, 0x70, 0x0, 0x0, 0x0, 0x0, 0x0,
    0x0, 0x8, 0xff, 0xff, 0xf0, 0x0, 0x0, 0x0,
    0x0, 0x0, 0x0, 0x0, 0xbf, 0xff, 0xfa, 0x0,
    0x0, 0x0, 0x0, 0x0, 0x0, 0x0, 0xd, 0xff,
    0xff, 0x80, 0x0, 0x0, 0xff, 0xff, 0xff, 0xff,
    0xfd, 0xdf, 0xff, 0xf7, 0x0, 0x0, 0xf, 0xff,
    0xff, 0xff, 0xff, 0xdd, 0xff, 0xff, 0x80, 0x0,
    0x0, 0xff, 0xff, 0xff, 0xff, 0xfd, 0xbf, 0xff,
    0xfb, 0x0, 0x0, 0xf, 0xff, 0xff, 0xff, 0xff,
    0xd8, 0xff, 0xff, 0xf0, 0x0, 0x0, 0x0, 0x0,
    0x3f, 0xff, 0xfd, 0x4f, 0xff, 0xff, 0x70, 0x0,
    0x0, 0x0, 0x5, 0xff, 0xff, 0xd0, 0xef, 0xff,
    0xff, 0x50, 0x0, 0x0, 0x1, 0xdf, 0xff, 0xfd,
    0x6, 0xff, 0xff, 0xff, 0xa4, 0x11, 0x37, 0xef,
    0xff, 0xff, 0xd0, 0xb, 0xff, 0xff, 0xff, 0xff,
    0xff, 0xff, 0xff, 0xff, 0xfd, 0x0, 0xb, 0xff,
    0xff, 0xff, 0xff, 0xff, 0xff, 0xcf, 0xff, 0xd0,
    0x0, 0x7, 0xff, 0xff, 0xff, 0xff, 0xff, 0x90,
    0xef, 0xfd, 0x0, 0x0, 0x1, 0x6b, 0xef, 0xfe,
    0xc8, 0x20, 0x9, 0xff, 0xd0,

    /* U+0048 "H" */
    0x9f, 0xff, 0xf7, 0x0, 0x0, 0x0, 0x0, 0xbf,
    0xff, 0xf5, 0x9f, 0xff, 0xf7, 0x0, 0x0, 0x0,
    0x0, 0xbf, 0xff, 0xf5, 0x9f, 0xff, 0xf7, 0x0,
    0x0, 0x0, 0x0, 0xbf, 0xff, 0xf5, 0x9f, 0xff,
    0xf7, 0x0, 0x0, 0x0, 0x0, 0xbf, 0xff, 0xf5,
    0x9f, 0xff, 0xf7, 0x0, 0x0, 0x0, 0x0, 0xbf,
    0xff, 0xf5, 0x9f, 0xff, 0xf7, 0x0, 0x0, 0x0,
    0x0, 0xbf, 0xff, 0xf5, 0x9f, 0xff, 0xf7, 0x0,
    0x0, 0x0, 0x0, 0xbf, 0xff, 0xf5, 0x9f, 0xff,
    0xf7, 0x0, 0x0, 0x0, 0x0, 0xbf, 0xff, 0xf5,
    0x9f, 0xff, 0xff, 0xff, 0xff, 0xff, 0xff, 0xff,
    0xff, 0xf5, 0x9f, 0xff, 0xff, 0xff, 0xff, 0xff,
    0xff, 0xff, 0xff, 0xf5, 0x9f, 0xff, 0xff, 0xff,
    0xff, 0xff, 0xff, 0xff, 0xff, 0xf5, 0x9f, 0xff,
    0xff, 0xff, 0xff, 0xff, 0xff, 0xff, 0xff, 0xf5,
    0x9f, 0xff, 0xfa, 0x66, 0x66, 0x66, 0x66, 0xdf,
    0xff, 0xf5, 0x9f, 0xff, 0xf7, 0x0, 0x0, 0x0,
    0x0, 0xbf, 0xff, 0xf5, 0x9f, 0xff, 0xf7, 0x0,
    0x0, 0x0, 0x0, 0xbf, 0xff, 0xf5, 0x9f, 0xff,
    0xf7, 0x0, 0x0, 0x0, 0x0, 0xbf, 0xff, 0xf5,
    0x9f, 0xff, 0xf7, 0x0, 0x0, 0x0, 0x0, 0xbf,
    0xff, 0xf5, 0x9f, 0xff, 0xf7, 0x0, 0x0, 0x0,
    0x0, 0xbf, 0xff, 0xf5, 0x9f, 0xff, 0xf7, 0x0,
    0x0, 0x0, 0x0, 0xbf, 0xff, 0xf5, 0x9f, 0xff,
    0xf7, 0x0, 0x0, 0x0, 0x0, 0xbf, 0xff, 0xf5,
    0x9f, 0xff, 0xf7, 0x0, 0x0, 0x0, 0x0, 0xbf,
    0xff, 0xf5,

    /* U+0049 "I" */
    0x2f, 0xff, 0xff, 0xff, 0xff, 0xfd, 0x2f, 0xff,
    0xff, 0xff, 0xff, 0xfd, 0x2f, 0xff, 0xff, 0xff,
    0xff, 0xfd, 0x2e, 0xee, 0xff, 0xff, 0xfe, 0xeb,
    0x0, 0x2, 0xff, 0xff, 0xe0, 0x0, 0x0, 0x2,
    0xff, 0xff, 0xe0, 0x0, 0x0, 0x2, 0xff, 0xff,
    0xe0, 0x0, 0x0, 0x2, 0xff, 0xff, 0xe0, 0x0,
    0x0, 0x2, 0xff, 0xff, 0xe0, 0x0, 0x0, 0x2,
    0xff, 0xff, 0xe0, 0x0, 0x0, 0x2, 0xff, 0xff,
    0xe0, 0x0, 0x0, 0x2, 0xff, 0xff, 0xe0, 0x0,
    0x0, 0x2, 0xff, 0xff, 0xe0, 0x0, 0x0, 0x2,
    0xff, 0xff, 0xe0, 0x0, 0x0, 0x2, 0xff, 0xff,
    0xe0, 0x0, 0x0, 0x2, 0xff, 0xff, 0xe0, 0x0,
    0x0, 0x2, 0xff, 0xff, 0xe0, 0x0, 0x2e, 0xee,
    0xff, 0xff, 0xfe, 0xeb, 0x2f, 0xff, 0xff, 0xff,
    0xff, 0xfd, 0x2f, 0xff, 0xff, 0xff, 0xff, 0xfd,
    0x2f, 0xff, 0xff, 0xff, 0xff, 0xfd,

    /* U+004A "J" */
    0x0, 0x0, 0x0, 0x0, 0x0, 0x8, 0xff, 0xff,
    0x80, 0x0, 0x0, 0x0, 0x0, 0x0, 0x8f, 0xff,
    0xf8, 0x0, 0x0, 0x0, 0x0, 0x0, 0x8, 0xff,
    0xff, 0x80, 0x0, 0x0, 0x0, 0x0, 0x0, 0x8f,
    0xff, 0xf8, 0x0, 0x0, 0x0, 0x0, 0x0, 0x8,
    0xff, 0xff, 0x80, 0x0, 0x0, 0x0, 0x0, 0x0,
    0x8f, 0xff, 0xf8, 0x0, 0x0, 0x0, 0x0, 0x0,
    0x8, 0xff, 0xff, 0x80, 0x0, 0x0, 0x0, 0x0,
    0x0, 0x8f, 0xff, 0xf8, 0x0, 0x0, 0x0, 0x0,
    0x0, 0x8, 0xff, 0xff, 0x80, 0x0, 0x0, 0x0,
    0x0, 0x0, 0x8f, 0xff, 0xf8, 0x0, 0x0, 0x0,
    0x0, 0x0, 0x8, 0xff, 0xff, 0x80, 0x0, 0x0,
    0x0, 0x0, 0x0, 0x8f, 0xff, 0xf8, 0x0, 0x0,
    0x0, 0x0, 0x0, 0x8, 0xff, 0xff, 0x80, 0x0,
    0x4, 0x0, 0x0, 0x0, 0x9f, 0xff, 0xf7, 0x4,
    0xaf, 0xf2, 0x0, 0x0, 0xb, 0xff, 0xff, 0x5b,
    0xff, 0xff, 0x90, 0x0, 0x1, 0xff, 0xff, 0xf2,
    0x6f, 0xff, 0xff, 0x70, 0x3, 0xcf, 0xff, 0xfd,
    0x0, 0xdf, 0xff, 0xff, 0xff, 0xff, 0xff, 0xff,
    0x50, 0x2, 0xef, 0xff, 0xff, 0xff, 0xff, 0xff,
    0x90, 0x0, 0x2, 0xdf, 0xff, 0xff, 0xff, 0xff,
    0x80, 0x0, 0x0, 0x0, 0x5a, 0xef, 0xfe, 0xc8,
    0x10, 0x0, 0x0,

    /* U+004B "K" */
    0x9f, 0xff, 0xf7, 0x0, 0x0, 0x0, 0x4f, 0xff,
    0xff, 0xd1, 0x9f, 0xff, 0xf7, 0x0, 0x0, 0x3,
    0xff, 0xff, 0xfd, 0x10, 0x9f, 0xff, 0xf7, 0x0,
    0x0, 0x3f, 0xff, 0xff, 0xe1, 0x0, 0x9f, 0xff,
    0xf7, 0x0, 0x2, 0xef, 0xff, 0xfe, 0x20, 0x0,
    0x9f, 0xff, 0xf7, 0x0, 0x1e, 0xff, 0xff, 0xe3,
    0x0, 0x0, 0x9f, 0xff, 0xf7, 0x1, 0xdf, 0xff,
    0xff, 0x30, 0x0, 0x0, 0x9f, 0xff, 0xf7, 0xc,
    0xff, 0xff, 0xf4, 0x0, 0x0, 0x0, 0x9f, 0xff,
    0xf7, 0xbf, 0xff, 0xff, 0x50, 0x0, 0x0, 0x0,
    0x9f, 0xff, 0xff, 0xff, 0xff, 0xf5, 0x0, 0x0,
    0x0, 0x0, 0x9f, 0xff, 0xff, 0xff, 0xff, 0xf4,
    0x0, 0x0, 0x0, 0x0, 0x9f, 0xff, 0xff, 0xff,
    0xff, 0xfe, 0x10, 0x0, 0x0, 0x0, 0x9f, 0xff,
    0xff, 0xff, 0xff, 0xff, 0xb0, 0x0, 0x0, 0x0,
    0x9f, 0xff, 0xff, 0xfc, 0xff, 0xff, 0xf7, 0x0,
    0x0, 0x0, 0x9f, 0xff, 0xff, 0xa0, 0x9f, 0xff,
    0xff, 0x30, 0x0, 0x0, 0x9f, 0xff, 0xfb, 0x0,
    0xd, 0xff, 0xff, 0xe1, 0x0, 0x0, 0x9f, 0xff,
    0xf7, 0x0, 0x2, 0xff, 0xff, 0xfb, 0x0, 0x0,
    0x9f, 0xff, 0xf7, 0x0, 0x0, 0x6f, 0xff, 0xff,
    0x70, 0x0, 0x9f, 0xff, 0xf7, 0x0, 0x0, 0xa,
    0xff, 0xff, 0xf3, 0x0, 0x9f, 0xff, 0xf7, 0x0,
    0x0, 0x0, 0xdf, 0xff, 0xfd, 0x0, 0x9f, 0xff,
    0xf7, 0x0, 0x0, 0x0, 0x3f, 0xff, 0xff, 0xa0,
    0x9f, 0xff, 0xf7, 0x0, 0x0, 0x0, 0x7, 0xff,
    0xff, 0xf6,

    /* U+004C "L" */
    0x9f, 0xff, 0xf7, 0x0, 0x0, 0x0, 0x0, 0x0,
    0x9f, 0xff, 0xf7, 0x0, 0x0, 0x0, 0x0, 0x0,
    0x9f, 0xff, 0xf7, 0x0, 0x0, 0x0, 0x0, 0x0,
    0x9f, 0xff, 0xf7, 0x0, 0x0, 0x0, 0x0, 0x0,
    0x9f, 0xff, 0xf7, 0x0, 0x0, 0x0, 0x0, 0x0,
    0x9f, 0xff, 0xf7, 0x0, 0x0, 0x0, 0x0, 0x0,
    0x9f, 0xff, 0xf7, 0x0, 0x0, 0x0, 0x0, 0x0,
    0x9f, 0xff, 0xf7, 0x0, 0x0, 0x0, 0x0, 0x0,
    0x9f, 0xff, 0xf7, 0x0, 0x0, 0x0, 0x0, 0x0,
    0x9f, 0xff, 0xf7, 0x0, 0x0, 0x0, 0x0, 0x0,
    0x9f, 0xff, 0xf7, 0x0, 0x0, 0x0, 0x0, 0x0,
    0x9f, 0xff, 0xf7, 0x0, 0x0, 0x0, 0x0, 0x0,
    0x9f, 0xff, 0xf7, 0x0, 0x0, 0x0, 0x0, 0x0,
    0x9f, 0xff, 0xf7, 0x0, 0x0, 0x0, 0x0, 0x0,
    0x9f, 0xff, 0xf7, 0x0, 0x0, 0x0, 0x0, 0x0,
    0x9f, 0xff, 0xf7, 0x0, 0x0, 0x0, 0x0, 0x0,
    0x9f, 0xff, 0xfa, 0x55, 0x55, 0x55, 0x55, 0x54,
    0x9f, 0xff, 0xff, 0xff, 0xff, 0xff, 0xff, 0xfb,
    0x9f, 0xff, 0xff, 0xff, 0xff, 0xff, 0xff, 0xfb,
    0x9f, 0xff, 0xff, 0xff, 0xff, 0xff, 0xff, 0xfb,
    0x9f, 0xff, 0xff, 0xff, 0xff, 0xff, 0xff, 0xfb,

    /* U+004D "M" */
    0x9f, 0xff, 0xff, 0xff, 0x20, 0x0, 0x0, 0x0,
    0x3f, 0xff, 0xff, 0xff, 0x89, 0xff, 0xff, 0xff,
    0xf6, 0x0, 0x0, 0x0, 0x7, 0xff, 0xff, 0xff,
    0xf8, 0x9f, 0xff, 0xff, 0xff, 0xb0, 0x0, 0x0,
    0x0, 0xcf, 0xff, 0xff, 0xff, 0x89, 0xff, 0xff,
    0xff, 0xff, 0x0, 0x0, 0x0, 0x1f, 0xff, 0xff,
    0xff, 0xf8, 0x9f, 0xff, 0xff, 0xff, 0xf5, 0x0,
    0x0, 0x6, 0xff, 0xff, 0xff, 0xff, 0x89, 0xff,
    0xff, 0xbf, 0xff, 0x90, 0x0, 0x0, 0xbf, 0xff,
    0xbf, 0xff, 0xf8, 0x9f, 0xff, 0xf6, 0xff, 0xfe,
    0x0, 0x0, 0xf, 0xff, 0xf6, 0xff, 0xff, 0x89,
    0xff, 0xff, 0x4c, 0xff, 0xf3, 0x0, 0x4, 0xff,
    0xfa, 0x6f, 0xff, 0xf8, 0x9f, 0xff, 0xf4, 0x7f,
    0xff, 0x70, 0x0, 0x9f, 0xff, 0x56, 0xff, 0xff,
    0x89, 0xff, 0xff, 0x42, 0xff, 0xfc, 0x0, 0xe,
    0xff, 0xf1, 0x6f, 0xff, 0xf8, 0x9f, 0xff, 0xf4,
    0xd, 0xff, 0xf1, 0x3, 0xff, 0xfc, 0x6, 0xff,
    0xff, 0x89, 0xff, 0xff, 0x40, 0x8f, 0xff, 0x60,
    0x7f, 0xff, 0x70, 0x6f, 0xff, 0xf8, 0x9f, 0xff,
    0xf4, 0x4, 0xff, 0xfa, 0xc, 0xff, 0xf2, 0x6,
    0xff, 0xff, 0x89, 0xff, 0xff, 0x40, 0xe, 0xff,
    0xf2, 0xff, 0xfd, 0x0, 0x6f, 0xff, 0xf8, 0x9f,
    0xff, 0xf4, 0x0, 0xaf, 0xff, 0xaf, 0xff, 0x80,
    0x6, 0xff, 0xff, 0x89, 0xff, 0xff, 0x40, 0x5,
    0xff, 0xff, 0xff, 0xf3, 0x0, 0x6f, 0xff, 0xf8,
    0x9f, 0xff, 0xf4, 0x0, 0xf, 0xff, 0xff, 0xfe,
    0x0, 0x6, 0xff, 0xff, 0x89, 0xff, 0xff, 0x40,
    0x0, 0xbf, 0xff, 0xff, 0x90, 0x0, 0x6f, 0xff,
    0xf8, 0x9f, 0xff, 0xf4, 0x0, 0x6, 0xff, 0xff,
    0xf4, 0x0, 0x6, 0xff, 0xff, 0x89, 0xff, 0xff,
    0x40, 0x0, 0x1f, 0xff, 0xff, 0x0, 0x0, 0x6f,
    0xff, 0xf8, 0x9f, 0xff, 0xf4, 0x0, 0x0, 0xcf,
    0xff, 0xa0, 0x0, 0x6, 0xff, 0xff, 0x80,

    /* U+004E "N" */
    0x9f, 0xff, 0xff, 0xf2, 0x0, 0x0, 0x0, 0xe,
    0xff, 0xff, 0x9f, 0xff, 0xff, 0xfa, 0x0, 0x0,
    0x0, 0xe, 0xff, 0xff, 0x9f, 0xff, 0xff, 0xff,
    0x30, 0x0, 0x0, 0xe, 0xff, 0xff, 0x9f, 0xff,
    0xff, 0xff, 0xc0, 0x0, 0x0, 0xe, 0xff, 0xff,
    0x9f, 0xff, 0xff, 0xff, 0xf5, 0x0, 0x0, 0xe,
    0xff, 0xff, 0x9f, 0xff, 0xff, 0xff, 0xfd, 0x0,
    0x0, 0xe, 0xff, 0xff, 0x9f, 0xff, 0xfb, 0xff,
    0xff, 0x60, 0x0, 0xe, 0xff, 0xff, 0x9f, 0xff,
    0xf4, 0xef, 0xff, 0xe0, 0x0, 0xe, 0xff, 0xff,
    0x9f, 0xff, 0xf4, 0x5f, 0xff, 0xf8, 0x0, 0xe,
    0xff, 0xff, 0x9f, 0xff, 0xf4, 0xc, 0xff, 0xff,
    0x10, 0xe, 0xff, 0xff, 0x9f, 0xff, 0xf4, 0x4,
    0xff, 0xff, 0xa0, 0xe, 0xff, 0xff, 0x9f, 0xff,
    0xf4, 0x0, 0xbf, 0xff, 0xf3, 0xe, 0xff, 0xff,
    0x9f, 0xff, 0xf4, 0x0, 0x2f, 0xff, 0xfb, 0xe,
    0xff, 0xff, 0x9f, 0xff, 0xf4, 0x0, 0x9, 0xff,
    0xff, 0x4e, 0xff, 0xff, 0x9f, 0xff, 0xf4, 0x0,
    0x1, 0xff, 0xff, 0xde, 0xff, 0xff, 0x9f, 0xff,
    0xf4, 0x0, 0x0, 0x8f, 0xff, 0xff, 0xff, 0xff,
    0x9f, 0xff, 0xf4, 0x0, 0x0, 0xe, 0xff, 0xff,
    0xff, 0xff, 0x9f, 0xff, 0xf4, 0x0, 0x0, 0x6,
    0xff, 0xff, 0xff, 0xff, 0x9f, 0xff, 0xf4, 0x0,
    0x0, 0x0, 0xdf, 0xff, 0xff, 0xff, 0x9f, 0xff,
    0xf4, 0x0, 0x0, 0x0, 0x4f, 0xff, 0xff, 0xff,
    0x9f, 0xff, 0xf4, 0x0, 0x0, 0x0, 0xb, 0xff,
    0xff, 0xff,

    /* U+004F "O" */
    0x0, 0x0, 0x0, 0x27, 0xbe, 0xff, 0xec, 0x94,
    0x0, 0x0, 0x0, 0x0, 0x0, 0x2, 0xbf, 0xff,
    0xff, 0xff, 0xff, 0xfe, 0x50, 0x0, 0x0, 0x0,
    0x5, 0xff, 0xff, 0xff, 0xff, 0xff, 0xff, 0xff,
    0xb0, 0x0, 0x0, 0x5, 0xff, 0xff, 0xff, 0xff,
    0xff, 0xff, 0xff, 0xff, 0xc0, 0x0, 0x2, 0xff,
    0xff, 0xff, 0xc5, 0x21, 0x49, 0xff, 0xff, 0xff,
    0x90, 0x0, 0xbf, 0xff, 0xff, 0x70, 0x0, 0x0,
    0x2, 0xdf, 0xff, 0xff, 0x20, 0x2f, 0xff, 0xff,
    0x90, 0x0, 0x0, 0x0, 0x3, 0xff, 0xff, 0xf9,
    0x7, 0xff, 0xff, 0xf1, 0x0, 0x0, 0x0, 0x0,
    0xa, 0xff, 0xff, 0xe0, 0xbf, 0xff, 0xfb, 0x0,
    0x0, 0x0, 0x0, 0x0, 0x4f, 0xff, 0xff, 0x2d,
    0xff, 0xff, 0x90, 0x0, 0x0, 0x0, 0x0, 0x2,
    0xff, 0xff, 0xf4, 0xdf, 0xff, 0xf7, 0x0, 0x0,
    0x0, 0x0, 0x0, 0x1f, 0xff, 0xff, 0x5d, 0xff,
    0xff, 0x90, 0x0, 0x0, 0x0, 0x0, 0x2, 0xff,
    0xff, 0xf4, 0xbf, 0xff, 0xfb, 0x0, 0x0, 0x0,
    0x0, 0x0, 0x4f, 0xff, 0xff, 0x27, 0xff, 0xff,
    0xf1, 0x0, 0x0, 0x0, 0x0, 0xa, 0xff, 0xff,
    0xe0, 0x2f, 0xff, 0xff, 0x90, 0x0, 0x0, 0x0,
    0x3, 0xff, 0xff, 0xf9, 0x0, 0xbf, 0xff, 0xff,
    0x70, 0x0, 0x0, 0x2, 0xdf, 0xff, 0xff, 0x20,
    0x2, 0xff, 0xff, 0xff, 0xc5, 0x21, 0x39, 0xff,
    0xff, 0xff, 0x90, 0x0, 0x6, 0xff, 0xff, 0xff,
    0xff, 0xff, 0xff, 0xff, 0xff, 0xc0, 0x0, 0x0,
    0x5, 0xff, 0xff, 0xff, 0xff, 0xff, 0xff, 0xff,
    0xb0, 0x0, 0x0, 0x0, 0x2, 0xbf, 0xff, 0xff,
    0xff, 0xff, 0xfe, 0x60, 0x0, 0x0, 0x0, 0x0,
    0x0, 0x28, 0xbe, 0xff, 0xec, 0x95, 0x0, 0x0,
    0x0, 0x0,

    /* U+0050 "P" */
    0x9f, 0xff, 0xff, 0xff, 0xff, 0xec, 0xa6, 0x10,
    0x0, 0x9, 0xff, 0xff, 0xff, 0xff, 0xff, 0xff,
    0xff, 0x90, 0x0, 0x9f, 0xff, 0xff, 0xff, 0xff,
    0xff, 0xff, 0xff, 0xc0, 0x9, 0xff, 0xff, 0xff,
    0xff, 0xff, 0xff, 0xff, 0xff, 0x90, 0x9f, 0xff,
    0xf8, 0x22, 0x23, 0x5a, 0xff, 0xff, 0xff, 0x9,
    0xff, 0xff, 0x70, 0x0, 0x0, 0x7, 0xff, 0xff,
    0xf3, 0x9f, 0xff, 0xf7, 0x0, 0x0, 0x0, 0x1f,
    0xff, 0xff, 0x49, 0xff, 0xff, 0x70, 0x0, 0x0,
    0x1, 0xff, 0xff, 0xf4, 0x9f, 0xff, 0xf7, 0x0,
    0x0, 0x0, 0x6f, 0xff, 0xff, 0x39, 0xff, 0xff,
    0x81, 0x11, 0x24, 0x9f, 0xff, 0xff, 0xf0, 0x9f,
    0xff, 0xff, 0xff, 0xff, 0xff, 0xff, 0xff, 0xf9,
    0x9, 0xff, 0xff, 0xff, 0xff, 0xff, 0xff, 0xff,
    0xfc, 0x0, 0x9f, 0xff, 0xff, 0xff, 0xff, 0xff,
    0xff, 0xf9, 0x0, 0x9, 0xff, 0xff, 0xff, 0xff,
    0xfe, 0xca, 0x61, 0x0, 0x0, 0x9f, 0xff, 0xf7,
    0x0, 0x0, 0x0, 0x0, 0x0, 0x0, 0x9, 0xff,
    0xff, 0x70, 0x0, 0x0, 0x0, 0x0, 0x0, 0x0,
    0x9f, 0xff, 0xf7, 0x0, 0x0, 0x0, 0x0, 0x0,
    0x0, 0x9, 0xff, 0xff, 0x70, 0x0, 0x0, 0x0,
    0x0, 0x0, 0x0, 0x9f, 0xff, 0xf7, 0x0, 0x0,
    0x0, 0x0, 0x0, 0x0, 0x9, 0xff, 0xff, 0x70,
    0x0, 0x0, 0x0, 0x0, 0x0, 0x0, 0x9f, 0xff,
    0xf7, 0x0, 0x0, 0x0, 0x0, 0x0, 0x0, 0x0,

    /* U+0051 "Q" */
    0x0, 0x0, 0x0, 0x27, 0xbe, 0xff, 0xec, 0x95,
    0x0, 0x0, 0x0, 0x0, 0x0, 0x0, 0x2b, 0xff,
    0xff, 0xff, 0xff, 0xff, 0xe6, 0x0, 0x0, 0x0,
    0x0, 0x5, 0xff, 0xff, 0xff, 0xff, 0xff, 0xff,
    0xff, 0xb0, 0x0, 0x0, 0x0, 0x5f, 0xff, 0xff,
    0xff, 0xff, 0xff, 0xff, 0xff, 0xfc, 0x0, 0x0,
    0x2, 0xff, 0xff, 0xff, 0xc5, 0x21, 0x49, 0xff,
    0xff, 0xff, 0x90, 0x0, 0xb, 0xff, 0xff, 0xf7,
    0x0, 0x0, 0x0, 0x2d, 0xff, 0xff, 0xf3, 0x0,
    0x2f, 0xff, 0xff, 0x90, 0x0, 0x0, 0x0, 0x3,
    0xff, 0xff, 0xfa, 0x0, 0x7f, 0xff, 0xff, 0x10,
    0x0, 0x0, 0x0, 0x0, 0xaf, 0xff, 0xff, 0x0,
    0xbf, 0xff, 0xfb, 0x0, 0x0, 0x0, 0x0, 0x0,
    0x4f, 0xff, 0xff, 0x20, 0xdf, 0xff, 0xf9, 0x0,
    0x0, 0x0, 0x60, 0x0, 0x2f, 0xff, 0xff, 0x40,
    0xdf, 0xff, 0xf7, 0x0, 0x0, 0xa, 0xfb, 0x0,
    0x1f, 0xff, 0xff, 0x40, 0xdf, 0xff, 0xf9, 0x0,
    0x0, 0xbf, 0xff, 0xc1, 0x1f, 0xff, 0xff, 0x40,
    0xbf, 0xff, 0xfb, 0x0, 0x0, 0x8f, 0xff, 0xfe,
    0x7f, 0xff, 0xff, 0x10, 0x7f, 0xff, 0xff, 0x10,
    0x0, 0x7, 0xff, 0xff, 0xff, 0xff, 0xfe, 0x0,
    0x2f, 0xff, 0xff, 0x90, 0x0, 0x0, 0x5f, 0xff,
    0xff, 0xff, 0xf8, 0x0, 0xb, 0xff, 0xff, 0xf7,
    0x0, 0x0, 0x3, 0xef, 0xff, 0xff, 0xf1, 0x0,
    0x2, 0xff, 0xff, 0xff, 0xc5, 0x21, 0x49, 0xff,
    0xff, 0xff, 0xc0, 0x0, 0x0, 0x6f, 0xff, 0xff,
    0xff, 0xff, 0xff, 0xff, 0xff, 0xff, 0xfb, 0x0,
    0x0, 0x5, 0xff, 0xff, 0xff, 0xff, 0xff, 0xff,
    0xff, 0xff, 0xff, 0xc1, 0x0, 0x0, 0x2b, 0xff,
    0xff, 0xff, 0xff, 0xff, 0xd5, 0xbf, 0xff, 0xfb,
    0x0, 0x0, 0x0, 0x28, 0xbe, 0xff, 0xec, 0x94,
    0x0, 0xa, 0xff, 0xe2, 0x0, 0x0, 0x0, 0x0,
    0x0, 0x0, 0x0, 0x0, 0x0, 0x0, 0x9f, 0x30,
    0x0, 0x0, 0x0, 0x0, 0x0, 0x0, 0x0, 0x0,
    0x0, 0x0, 0x1, 0x0,

    /* U+0052 "R" */
    0x9f, 0xff, 0xff, 0xff, 0xff, 0xed, 0xa7, 0x20,
    0x0, 0x0, 0x9f, 0xff, 0xff, 0xff, 0xff, 0xff,
    0xff, 0xfb, 0x10, 0x0, 0x9f, 0xff, 0xff, 0xff,
    0xff, 0xff, 0xff, 0xff, 0xd1, 0x0, 0x9f, 0xff,
    0xff, 0xff, 0xff, 0xff, 0xff, 0xff, 0xfb, 0x0,
    0x9f, 0xff, 0xf8, 0x22, 0x23, 0x59, 0xff, 0xff,
    0xff, 0x10, 0x9f, 0xff, 0xf7, 0x0, 0x0, 0x0,
    0x4f, 0xff, 0xff, 0x30, 0x9f, 0xff, 0xf7, 0x0,
    0x0, 0x0, 0xf, 0xff, 0xff, 0x40, 0x9f, 0xff,
    0xf7, 0x0, 0x0, 0x0, 0x3f, 0xff, 0xff, 0x30,
    0x9f, 0xff, 0xf7, 0x0, 0x0, 0x26, 0xef, 0xff,
    0xff, 0x0, 0x9f, 0xff, 0xff, 0xff, 0xff, 0xff,
    0xff, 0xff, 0xf9, 0x0, 0x9f, 0xff, 0xff, 0xff,
    0xff, 0xff, 0xff, 0xff, 0xc0, 0x0, 0x9f, 0xff,
    0xff, 0xff, 0xff, 0xff, 0xff, 0xfa, 0x10, 0x0,
    0x9f, 0xff, 0xff, 0xff, 0xff, 0xff, 0xf9, 0x20,
    0x0, 0x0, 0x9f, 0xff, 0xf8, 0x23, 0xef, 0xff,
    0xfc, 0x0, 0x0, 0x0, 0x9f, 0xff, 0xf7, 0x0,
    0x4f, 0xff, 0xff, 0x90, 0x0, 0x0, 0x9f, 0xff,
    0xf7, 0x0, 0x8, 0xff, 0xff, 0xf5, 0x0, 0x0,
    0x9f, 0xff, 0xf7, 0x0, 0x0, 0xcf, 0xff, 0xfe,
    0x10, 0x0, 0x9f, 0xff, 0xf7, 0x0, 0x0, 0x1e,
    0xff, 0xff, 0xc0, 0x0, 0x9f, 0xff, 0xf7, 0x0,
    0x0, 0x5, 0xff, 0xff, 0xf8, 0x0, 0x9f, 0xff,
    0xf7, 0x0, 0x0, 0x0, 0x9f, 0xff, 0xff, 0x40,
    0x9f, 0xff, 0xf7, 0x0, 0x0, 0x0, 0xc, 0xff,
    0xff, 0xe1,

    /* U+0053 "S" */
    0x0, 0x0, 0x3, 0x8c, 0xef, 0xfe, 0xb7, 0x10,
    0x0, 0x0, 0x0, 0x4, 0xcf, 0xff, 0xff, 0xff,
    0xff, 0xf8, 0x0, 0x0, 0x0, 0x7f, 0xff, 0xff,
    0xff, 0xff, 0xff, 0xff, 0xb0, 0x0, 0x4, 0xff,
    0xff, 0xff, 0xff, 0xff, 0xff, 0xff, 0xf9, 0x0,
    0xc, 0xff, 0xff, 0xd5, 0x10, 0x15, 0xcf, 0xff,
    0xfb, 0x0, 0xf, 0xff, 0xff, 0x30, 0x0, 0x0,
    0xc, 0xb6, 0x10, 0x0, 0x1f, 0xff, 0xff, 0x40,
    0x0, 0x0, 0x0, 0x0, 0x0, 0x0, 0xe, 0xff,
    0xff, 0xe6, 0x10, 0x0, 0x0, 0x0, 0x0, 0x0,
    0x8, 0xff, 0xff, 0xff, 0xfd, 0xa7, 0x30, 0x0,
    0x0, 0x0, 0x0, 0xbf, 0xff, 0xff, 0xff, 0xff,
    0xff, 0xb4, 0x0, 0x0, 0x0, 0x7, 0xff, 0xff,
    0xff, 0xff, 0xff, 0xff, 0xd3, 0x0, 0x0, 0x0,
    0x6, 0xae, 0xff, 0xff, 0xff, 0xff, 0xff, 0x20,
    0x0, 0x0, 0x0, 0x0, 0x14, 0x8c, 0xff, 0xff,
    0xff, 0xb0, 0x0, 0x0, 0x0, 0x0, 0x0, 0x0,
    0x2c, 0xff, 0xff, 0xf0, 0x0, 0x2, 0x77, 0x0,
    0x0, 0x0, 0x3, 0xff, 0xff, 0xf0, 0x7, 0xcf,
    0xff, 0x30, 0x0, 0x0, 0x4, 0xff, 0xff, 0xe0,
    0xd, 0xff, 0xff, 0xf8, 0x20, 0x2, 0x6e, 0xff,
    0xff, 0x90, 0x3, 0xff, 0xff, 0xff, 0xff, 0xff,
    0xff, 0xff, 0xfe, 0x10, 0x0, 0x5f, 0xff, 0xff,
    0xff, 0xff, 0xff, 0xff, 0xe3, 0x0, 0x0, 0x2,
    0xcf, 0xff, 0xff, 0xff, 0xff, 0xfa, 0x10, 0x0,
    0x0, 0x0, 0x3, 0x8c, 0xef, 0xfe, 0xb7, 0x20,
    0x0, 0x0,

    /* U+0054 "T" */
    0x8f, 0xff, 0xff, 0xff, 0xff, 0xff, 0xff, 0xff,
    0xff, 0xf4, 0x8f, 0xff, 0xff, 0xff, 0xff, 0xff,
    0xff, 0xff, 0xff, 0xf4, 0x8f, 0xff, 0xff, 0xff,
    0xff, 0xff, 0xff, 0xff, 0xff, 0xf4, 0x8f, 0xff,
    0xff, 0xff, 0xff, 0xff, 0xff, 0xff, 0xff, 0xf4,
    0x25, 0x55, 0x55, 0x5c, 0xff, 0xff, 0x95, 0x55,
    0x55, 0x51, 0x0, 0x0, 0x0, 0xa, 0xff, 0xff,
    0x60, 0x0, 0x0, 0x0, 0x0, 0x0, 0x0, 0xa,
    0xff, 0xff, 0x60, 0x0, 0x0, 0x0, 0x0, 0x0,
    0x0, 0xa, 0xff, 0xff, 0x60, 0x0, 0x0, 0x0,
    0x0, 0x0, 0x0, 0xa, 0xff, 0xff, 0x60, 0x0,
    0x0, 0x0, 0x0, 0x0, 0x0, 0xa, 0xff, 0xff,
    0x60, 0x0, 0x0, 0x0, 0x0, 0x0, 0x0, 0xa,
    0xff, 0xff, 0x60, 0x0, 0x0, 0x0, 0x0, 0x0,
    0x0, 0xa, 0xff, 0xff, 0x60, 0x0, 0x0, 0x0,
    0x0, 0x0, 0x0, 0xa, 0xff, 0xff, 0x60, 0x0,
    0x0, 0x0, 0x0, 0x0, 0x0, 0xa, 0xff, 0xff,
    0x60, 0x0, 0x0, 0x0, 0x0, 0x0, 0x0, 0xa,
    0xff, 0xff, 0x60, 0x0, 0x0, 0x0, 0x0, 0x0,
    0x0, 0xa, 0xff, 0xff, 0x60, 0x0, 0x0, 0x0,
    0x0, 0x0, 0x0, 0xa, 0xff, 0xff, 0x60, 0x0,
    0x0, 0x0, 0x0, 0x0, 0x0, 0xa, 0xff, 0xff,
    0x60, 0x0, 0x0, 0x0, 0x0, 0x0, 0x0, 0xa,
    0xff, 0xff, 0x60, 0x0, 0x0, 0x0, 0x0, 0x0,
    0x0, 0xa, 0xff, 0xff, 0x60, 0x0, 0x0, 0x0,
    0x0, 0x0, 0x0, 0xa, 0xff, 0xff, 0x60, 0x0,
    0x0, 0x0,

    /* U+0055 "U" */
    0x9f, 0xff, 0xf7, 0x0, 0x0, 0x0, 0x4, 0xff,
    0xff, 0xd9, 0xff, 0xff, 0x70, 0x0, 0x0, 0x0,
    0x4f, 0xff, 0xfd, 0x9f, 0xff, 0xf7, 0x0, 0x0,
    0x0, 0x4, 0xff, 0xff, 0xd9, 0xff, 0xff, 0x70,
    0x0, 0x0, 0x0, 0x4f, 0xff, 0xfd, 0x9f, 0xff,
    0xf7, 0x0, 0x0, 0x0, 0x4, 0xff, 0xff, 0xd9,
    0xff, 0xff, 0x70, 0x0, 0x0, 0x0, 0x4f, 0xff,
    0xfd, 0x9f, 0xff, 0xf7, 0x0, 0x0, 0x0, 0x4,
    0xff, 0xff, 0xd9, 0xff, 0xff, 0x70, 0x0, 0x0,
    0x0, 0x4f, 0xff, 0xfd, 0x9f, 0xff, 0xf7, 0x0,
    0x0, 0x0, 0x4, 0xff, 0xff, 0xd9, 0xff, 0xff,
    0x70, 0x0, 0x0, 0x0, 0x4f, 0xff, 0xfd, 0x9f,
    0xff, 0xf7, 0x0, 0x0, 0x0, 0x4, 0xff, 0xff,
    0xd9, 0xff, 0xff, 0x70, 0x0, 0x0, 0x0, 0x4f,
    0xff, 0xfc, 0x8f, 0xff, 0xf7, 0x0, 0x0, 0x0,
    0x4, 0xff, 0xff, 0xc7, 0xff, 0xff, 0x90, 0x0,
    0x0, 0x0, 0x5f, 0xff, 0xfb, 0x5f, 0xff, 0xfc,
    0x0, 0x0, 0x0, 0x8, 0xff, 0xff, 0x81, 0xff,
    0xff, 0xf3, 0x0, 0x0, 0x1, 0xef, 0xff, 0xf5,
    0xc, 0xff, 0xff, 0xe6, 0x21, 0x25, 0xdf, 0xff,
    0xfe, 0x0, 0x5f, 0xff, 0xff, 0xff, 0xff, 0xff,
    0xff, 0xff, 0x80, 0x0, 0x9f, 0xff, 0xff, 0xff,
    0xff, 0xff, 0xff, 0xc0, 0x0, 0x0, 0x7f, 0xff,
    0xff, 0xff, 0xff, 0xff, 0x90, 0x0, 0x0, 0x0,
    0x17, 0xad, 0xef, 0xfe, 0xb8, 0x20, 0x0, 0x0,

    /* U+0056 "V" */
    0x8f, 0xff, 0xfb, 0x0, 0x0, 0x0, 0x0, 0xc,
    0xff, 0xff, 0x72, 0xff, 0xff, 0xf0, 0x0, 0x0,
    0x0, 0x1, 0xff, 0xff, 0xf2, 0xd, 0xff, 0xff,
    0x50, 0x0, 0x0, 0x0, 0x6f, 0xff, 0xfc, 0x0,
    0x7f, 0xff, 0xfa, 0x0, 0x0, 0x0, 0xb, 0xff,
    0xff, 0x70, 0x2, 0xff, 0xff, 0xf0, 0x0, 0x0,
    0x1, 0xff, 0xff, 0xf1, 0x0, 0xc, 0xff, 0xff,
    0x40, 0x0, 0x0, 0x5f, 0xff, 0xfc, 0x0, 0x0,
    0x7f, 0xff, 0xfa, 0x0, 0x0, 0xa, 0xff, 0xff,
    0x60, 0x0, 0x1, 0xff, 0xff, 0xe0, 0x0, 0x0,
    0xff, 0xff, 0xf1, 0x0, 0x0, 0xc, 0xff, 0xff,
    0x40, 0x0, 0x5f, 0xff, 0xfb, 0x0, 0x0, 0x0,
    0x6f, 0xff, 0xf9, 0x0, 0xa, 0xff, 0xff, 0x60,
    0x0, 0x0, 0x1, 0xff, 0xff, 0xe0, 0x0, 0xef,
    0xff, 0xf1, 0x0, 0x0, 0x0, 0xb, 0xff, 0xff,
    0x30, 0x4f, 0xff, 0xfb, 0x0, 0x0, 0x0, 0x0,
    0x6f, 0xff, 0xf8, 0x9, 0xff, 0xff, 0x50, 0x0,
    0x0, 0x0, 0x1, 0xff, 0xff, 0xd0, 0xef, 0xff,
    0xf0, 0x0, 0x0, 0x0, 0x0, 0xb, 0xff, 0xff,
    0x6f, 0xff, 0xfa, 0x0, 0x0, 0x0, 0x0, 0x0,
    0x5f, 0xff, 0xff, 0xff, 0xff, 0x40, 0x0, 0x0,
    0x0, 0x0, 0x0, 0xff, 0xff, 0xff, 0xff, 0xe0,
    0x0, 0x0, 0x0, 0x0, 0x0, 0xa, 0xff, 0xff,
    0xff, 0xf9, 0x0, 0x0, 0x0, 0x0, 0x0, 0x0,
    0x5f, 0xff, 0xff, 0xff, 0x40, 0x0, 0x0, 0x0,
    0x0, 0x0, 0x0, 0xff, 0xff, 0xff, 0xe0, 0x0,
    0x0, 0x0, 0x0, 0x0, 0x0, 0xa, 0xff, 0xff,
    0xf9, 0x0, 0x0, 0x0, 0x0,

    /* U+0057 "W" */
    0x9f, 0xff, 0xf7, 0x0, 0x0, 0xa, 0xff, 0xff,
    0xd0, 0x0, 0x0, 0x3f, 0xff, 0xfd, 0x5f, 0xff,
    0xfa, 0x0, 0x0, 0xd, 0xff, 0xff, 0xf1, 0x0,
    0x0, 0x6f, 0xff, 0xf9, 0x1f, 0xff, 0xfe, 0x0,
    0x0, 0xf, 0xff, 0xff, 0xf4, 0x0, 0x0, 0xaf,
    0xff, 0xf5, 0xd, 0xff, 0xff, 0x10, 0x0, 0x4f,
    0xff, 0xff, 0xf7, 0x0, 0x0, 0xdf, 0xff, 0xf1,
    0x9, 0xff, 0xff, 0x40, 0x0, 0x7f, 0xff, 0xff,
    0xfb, 0x0, 0x0, 0xff, 0xff, 0xd0, 0x5, 0xff,
    0xff, 0x80, 0x0, 0xbf, 0xff, 0xff, 0xfe, 0x0,
    0x3, 0xff, 0xff, 0x90, 0x1, 0xff, 0xff, 0xb0,
    0x0, 0xef, 0xff, 0xdf, 0xff, 0x20, 0x7, 0xff,
    0xff, 0x50, 0x0, 0xdf, 0xff, 0xe0, 0x2, 0xff,
    0xfd, 0x9f, 0xff, 0x50, 0xa, 0xff, 0xff, 0x10,
    0x0, 0x9f, 0xff, 0xf1, 0x5, 0xff, 0xf9, 0x6f,
    0xff, 0x90, 0xd, 0xff, 0xfd, 0x0, 0x0, 0x5f,
    0xff, 0xf5, 0x8, 0xff, 0xf6, 0x2f, 0xff, 0xc0,
    0x1f, 0xff, 0xf9, 0x0, 0x0, 0x1f, 0xff, 0xf8,
    0xc, 0xff, 0xf2, 0xf, 0xff, 0xf0, 0x4f, 0xff,
    0xf5, 0x0, 0x0, 0xd, 0xff, 0xfb, 0xf, 0xff,
    0xf0, 0xb, 0xff, 0xf3, 0x7f, 0xff, 0xf1, 0x0,
    0x0, 0x9, 0xff, 0xfe, 0x3f, 0xff, 0xb0, 0x8,
    0xff, 0xf7, 0xaf, 0xff, 0xd0, 0x0, 0x0, 0x6,
    0xff, 0xff, 0x8f, 0xff, 0x80, 0x4, 0xff, 0xfa,
    0xef, 0xff, 0x90, 0x0, 0x0, 0x2, 0xff, 0xff,
    0xef, 0xff, 0x40, 0x1, 0xff, 0xfe, 0xff, 0xff,
    0x60, 0x0, 0x0, 0x0, 0xef, 0xff, 0xff, 0xff,
    0x10, 0x0, 0xdf, 0xff, 0xff, 0xff, 0x20, 0x0,
    0x0, 0x0, 0xaf, 0xff, 0xff, 0xfd, 0x0, 0x0,
    0x9f, 0xff, 0xff, 0xfe, 0x0, 0x0, 0x0, 0x0,
    0x6f, 0xff, 0xff, 0xfa, 0x0, 0x0, 0x6f, 0xff,
    0xff, 0xfa, 0x0, 0x0, 0x0, 0x0, 0x2f, 0xff,
    0xff, 0xf6, 0x0, 0x0, 0x2f, 0xff, 0xff, 0xf6,
    0x0, 0x0, 0x0, 0x0, 0xe, 0xff, 0xff, 0xf3,
    0x0, 0x0, 0xf, 0xff, 0xff, 0xf2, 0x0, 0x0,
    0x0, 0x0, 0xa, 0xff, 0xff, 0xf0, 0x0, 0x0,
    0xb, 0xff, 0xff, 0xe0, 0x0, 0x0,

    /* U+0058 "X" */
    0xd, 0xff, 0xff, 0xf3, 0x0, 0x0, 0x0, 0xc,
    0xff, 0xff, 0xf3, 0x0, 0x2f, 0xff, 0xff, 0xd0,
    0x0, 0x0, 0x8, 0xff, 0xff, 0xf8, 0x0, 0x0,
    0x6f, 0xff, 0xff, 0x90, 0x0, 0x4, 0xff, 0xff,
    0xfc, 0x0, 0x0, 0x0, 0xbf, 0xff, 0xff, 0x50,
    0x1, 0xef, 0xff, 0xff, 0x10, 0x0, 0x0, 0x1,
    0xef, 0xff, 0xff, 0x20, 0xbf, 0xff, 0xff, 0x50,
    0x0, 0x0, 0x0, 0x4, 0xff, 0xff, 0xfc, 0x7f,
    0xff, 0xff, 0x90, 0x0, 0x0, 0x0, 0x0, 0x8,
    0xff, 0xff, 0xff, 0xff, 0xff, 0xd0, 0x0, 0x0,
    0x0, 0x0, 0x0, 0xc, 0xff, 0xff, 0xff, 0xff,
    0xf3, 0x0, 0x0, 0x0, 0x0, 0x0, 0x0, 0x2f,
    0xff, 0xff, 0xff, 0xf7, 0x0, 0x0, 0x0, 0x0,
    0x0, 0x0, 0x0, 0x5f, 0xff, 0xff, 0xfb, 0x0,
    0x0, 0x0, 0x0, 0x0, 0x0, 0x0, 0x1, 0xff,
    0xff, 0xff, 0x70, 0x0, 0x0, 0x0, 0x0, 0x0,
    0x0, 0x0, 0xcf, 0xff, 0xff, 0xff, 0x20, 0x0,
    0x0, 0x0, 0x0, 0x0, 0x0, 0x8f, 0xff, 0xff,
    0xff, 0xfd, 0x0, 0x0, 0x0, 0x0, 0x0, 0x0,
    0x3f, 0xff, 0xff, 0xff, 0xff, 0xf9, 0x0, 0x0,
    0x0, 0x0, 0x0, 0x1e, 0xff, 0xff, 0xfc, 0xff,
    0xff, 0xf5, 0x0, 0x0, 0x0, 0x0, 0xa, 0xff,
    0xff, 0xf5, 0x1e, 0xff, 0xff, 0xe1, 0x0, 0x0,
    0x0, 0x6, 0xff, 0xff, 0xfa, 0x0, 0x4f, 0xff,
    0xff, 0xc0, 0x0, 0x0, 0x2, 0xff, 0xff, 0xfd,
    0x0, 0x0, 0x8f, 0xff, 0xff, 0x80, 0x0, 0x0,
    0xdf, 0xff, 0xff, 0x30, 0x0, 0x0, 0xcf, 0xff,
    0xff, 0x30, 0x0, 0x9f, 0xff, 0xff, 0x70, 0x0,
    0x0, 0x2, 0xff, 0xff, 0xfe, 0x10, 0x5f, 0xff,
    0xff, 0xc0, 0x0, 0x0, 0x0, 0x6, 0xff, 0xff,
    0xfa, 0x0,

    /* U+0059 "Y" */
    0x5f, 0xff, 0xff, 0x70, 0x0, 0x0, 0x0, 0x8,
    0xff, 0xff, 0xf5, 0xb, 0xff, 0xff, 0xf1, 0x0,
    0x0, 0x0, 0x2f, 0xff, 0xff, 0xb0, 0x2, 0xff,
    0xff, 0xfa, 0x0, 0x0, 0x0, 0xbf, 0xff, 0xff,
    0x10, 0x0, 0x7f, 0xff, 0xff, 0x40, 0x0, 0x5,
    0xff, 0xff, 0xf6, 0x0, 0x0, 0xc, 0xff, 0xff,
    0xd0, 0x0, 0xe, 0xff, 0xff, 0xc0, 0x0, 0x0,
    0x3, 0xff, 0xff, 0xf7, 0x0, 0x8f, 0xff, 0xff,
    0x20, 0x0, 0x0, 0x0, 0x8f, 0xff, 0xff, 0x12,
    0xff, 0xff, 0xf8, 0x0, 0x0, 0x0, 0x0, 0xd,
    0xff, 0xff, 0xab, 0xff, 0xff, 0xd0, 0x0, 0x0,
    0x0, 0x0, 0x4, 0xff, 0xff, 0xff, 0xff, 0xff,
    0x40, 0x0, 0x0, 0x0, 0x0, 0x0, 0xaf, 0xff,
    0xff, 0xff, 0xf9, 0x0, 0x0, 0x0, 0x0, 0x0,
    0x0, 0x1e, 0xff, 0xff, 0xff, 0xe1, 0x0, 0x0,
    0x0, 0x0, 0x0, 0x0, 0x5, 0xff, 0xff, 0xff,
    0x50, 0x0, 0x0, 0x0, 0x0, 0x0, 0x0, 0x0,
    0xbf, 0xff, 0xfb, 0x0, 0x0, 0x0, 0x0, 0x0,
    0x0, 0x0, 0x0, 0x8f, 0xff, 0xf8, 0x0, 0x0,
    0x0, 0x0, 0x0, 0x0, 0x0, 0x0, 0x8f, 0xff,
    0xf8, 0x0, 0x0, 0x0, 0x0, 0x0, 0x0, 0x0,
    0x0, 0x8f, 0xff, 0xf8, 0x0, 0x0, 0x0, 0x0,
    0x0, 0x0, 0x0, 0x0, 0x8f, 0xff, 0xf8, 0x0,
    0x0, 0x0, 0x0, 0x0, 0x0, 0x0, 0x0, 0x8f,
    0xff, 0xf8, 0x0, 0x0, 0x0, 0x0, 0x0, 0x0,
    0x0, 0x0, 0x8f, 0xff, 0xf8, 0x0, 0x0, 0x0,
    0x0, 0x0, 0x0, 0x0, 0x0, 0x8f, 0xff, 0xf8,
    0x0, 0x0, 0x0, 0x0, 0x0, 0x0, 0x0, 0x0,
    0x8f, 0xff, 0xf8, 0x0, 0x0, 0x0, 0x0,

    /* U+005A "Z" */
    0x8f, 0xff, 0xff, 0xff, 0xff, 0xff, 0xff, 0xff,
    0xf6, 0x8f, 0xff, 0xff, 0xff, 0xff, 0xff, 0xff,
    0xff, 0xf6, 0x8f, 0xff, 0xff, 0xff, 0xff, 0xff,
    0xff, 0xff, 0xf6, 0x8f, 0xff, 0xff, 0xff, 0xff,
    0xff, 0xff, 0xff, 0xf5, 0x25, 0x55, 0x55, 0x55,
    0x55, 0xaf, 0xff, 0xff, 0xc0, 0x0, 0x0, 0x0,
    0x0, 0x3, 0xff, 0xff, 0xfd, 0x10, 0x0, 0x0,
    0x0, 0x0, 0x1e, 0xff, 0xff, 0xf2, 0x0, 0x0,
    0x0, 0x0, 0x0, 0xcf, 0xff, 0xff, 0x40, 0x0,
    0x0, 0x0, 0x0, 0xa, 0xff, 0xff, 0xf7, 0x0,
    0x0, 0x0, 0x0, 0x0, 0x8f, 0xff, 0xff, 0xa0,
    0x0, 0x0, 0x0, 0x0, 0x5, 0xff, 0xff, 0xfc,
    0x0, 0x0, 0x0, 0x0, 0x0, 0x3f, 0xff, 0xff,
    0xe1, 0x0, 0x0, 0x0, 0x0, 0x1, 0xef, 0xff,
    0xff, 0x20, 0x0, 0x0, 0x0, 0x0, 0xd, 0xff,
    0xff, 0xf4, 0x0, 0x0, 0x0, 0x0, 0x0, 0xbf,
    0xff, 0xff, 0x70, 0x0, 0x0, 0x0, 0x0, 0x8,
    0xff, 0xff, 0xfa, 0x0, 0x0, 0x0, 0x0, 0x0,
    0x6f, 0xff, 0xff, 0xf6, 0x55, 0x55, 0x55, 0x55,
    0x54, 0xff, 0xff, 0xff, 0xff, 0xff, 0xff, 0xff,
    0xff, 0xfd, 0xff, 0xff, 0xff, 0xff, 0xff, 0xff,
    0xff, 0xff, 0xfd, 0xff, 0xff, 0xff, 0xff, 0xff,
    0xff, 0xff, 0xff, 0xfd, 0xff, 0xff, 0xff, 0xff,
    0xff, 0xff, 0xff, 0xff, 0xfd,

    /* U+005B "[" */
    0x9f, 0xff, 0xff, 0xff, 0x99, 0xff, 0xff, 0xff,
    0xf9, 0x9f, 0xff, 0xff, 0xff, 0x99, 0xff, 0xfd,
    0xaa, 0xa6, 0x9f, 0xff, 0x80, 0x0, 0x9, 0xff,
    0xf8, 0x0, 0x0, 0x9f, 0xff, 0x80, 0x0, 0x9,
    0xff, 0xf8, 0x0, 0x0, 0x9f, 0xff, 0x80, 0x0,
    0x9, 0xff, 0xf8, 0x0, 0x0, 0x9f, 0xff, 0x80,
    0x0, 0x9, 0xff, 0xf8, 0x0, 0x0, 0x9f, 0xff,
    0x80, 0x0, 0x9, 0xff, 0xf8, 0x0, 0x0, 0x9f,
    0xff, 0x80, 0x0, 0x9, 0xff, 0xf8, 0x0, 0x0,
    0x9f, 0xff, 0x80, 0x0, 0x9, 0xff, 0xf8, 0x0,
    0x0, 0x9f, 0xff, 0x80, 0x0, 0x9, 0xff, 0xf8,
    0x0, 0x0, 0x9f, 0xff, 0x80, 0x0, 0x9, 0xff,
    0xf8, 0x0, 0x0, 0x9f, 0xff, 0xc9, 0x99, 0x59,
    0xff, 0xff, 0xff, 0xf9, 0x9f, 0xff, 0xff, 0xff,
    0x99, 0xff, 0xff, 0xff, 0xf9,

    /* U+005C "\\" */
    0x5f, 0xff, 0xf9, 0x0, 0x0, 0x0, 0x0, 0xe,
    0xff, 0xfe, 0x0, 0x0, 0x0, 0x0, 0x8, 0xff,
    0xff, 0x50, 0x0, 0x0, 0x0, 0x2, 0xff, 0xff,
    0xc0, 0x0, 0x0, 0x0, 0x0, 0xbf, 0xff, 0xf2,
    0x0, 0x0, 0x0, 0x0, 0x5f, 0xff, 0xf8, 0x0,
    0x0, 0x0, 0x0, 0xe, 0xff, 0xfe, 0x0, 0x0,
    0x0, 0x0, 0x8, 0xff, 0xff, 0x50, 0x0, 0x0,
    0x0, 0x2, 0xff, 0xff, 0xb0, 0x0, 0x0, 0x0,
    0x0, 0xbf, 0xff, 0xf2, 0x0, 0x0, 0x0, 0x0,
    0x5f, 0xff, 0xf8, 0x0, 0x0, 0x0, 0x0, 0xe,
    0xff, 0xfe, 0x0, 0x0, 0x0, 0x0, 0x8, 0xff,
    0xff, 0x40, 0x0, 0x0, 0x0, 0x2, 0xff, 0xff,
    0xb0, 0x0, 0x0, 0x0, 0x0, 0xcf, 0xff, 0xf1,
    0x0, 0x0, 0x0, 0x0, 0x5f, 0xff, 0xf7, 0x0,
    0x0, 0x0, 0x0, 0xe, 0xff, 0xfd, 0x0, 0x0,
    0x0, 0x0, 0x9, 0xff, 0xff, 0x40, 0x0, 0x0,
    0x0, 0x2, 0xff, 0xff, 0xa0, 0x0, 0x0, 0x0,
    0x0, 0xcf, 0xff, 0xf1, 0x0, 0x0, 0x0, 0x0,
    0x5f, 0xff, 0xf7,

    /* U+005D "]" */
    0xff, 0xff, 0xff, 0xff, 0x4f, 0xff, 0xff, 0xff,
    0xf4, 0xff, 0xff, 0xff, 0xff, 0x49, 0xaa, 0xaf,
    0xff, 0xf4, 0x0, 0x0, 0xdf, 0xff, 0x40, 0x0,
    0xd, 0xff, 0xf4, 0x0, 0x0, 0xdf, 0xff, 0x40,
    0x0, 0xd, 0xff, 0xf4, 0x0, 0x0, 0xdf, 0xff,
    0x40, 0x0, 0xd, 0xff, 0xf4, 0x0, 0x0, 0xdf,
    0xff, 0x40, 0x0, 0xd, 0xff, 0xf4, 0x0, 0x0,
    0xdf, 0xff, 0x40, 0x0, 0xd, 0xff, 0xf4, 0x0,
    0x0, 0xdf, 0xff, 0x40, 0x0, 0xd, 0xff, 0xf4,
    0x0, 0x0, 0xdf, 0xff, 0x40, 0x0, 0xd, 0xff,
    0xf4, 0x0, 0x0, 0xdf, 0xff, 0x40, 0x0, 0xd,
    0xff, 0xf4, 0x0, 0x0, 0xdf, 0xff, 0x40, 0x0,
    0xd, 0xff, 0xf4, 0x99, 0x99, 0xff, 0xff, 0x4f,
    0xff, 0xff, 0xff, 0xf4, 0xff, 0xff, 0xff, 0xff,
    0x4f, 0xff, 0xff, 0xff, 0xf4,

    /* U+005E "^" */
    0x0, 0x0, 0x0, 0xaf, 0xff, 0x80, 0x0, 0x0,
    0x0, 0x0, 0x0, 0x3f, 0xff, 0xff, 0x10, 0x0,
    0x0, 0x0, 0x0, 0xb, 0xff, 0xff, 0xf9, 0x0,
    0x0, 0x0, 0x0, 0x4, 0xff, 0xff, 0xff, 0xf2,
    0x0, 0x0, 0x0, 0x0, 0xcf, 0xff, 0xff, 0xff,
    0xa0, 0x0, 0x0, 0x0, 0x5f, 0xff, 0xf7, 0xff,
    0xff, 0x30, 0x0, 0x0, 0xd, 0xff, 0xfa, 0xc,
    0xff, 0xfb, 0x0, 0x0, 0x6, 0xff, 0xff, 0x20,
    0x4f, 0xff, 0xf4, 0x0, 0x0, 0xef, 0xff, 0x90,
    0x0, 0xbf, 0xff, 0xc0, 0x0, 0x7f, 0xff, 0xf1,
    0x0, 0x3, 0xff, 0xff, 0x50, 0x1f, 0xff, 0xf8,
    0x0, 0x0, 0xa, 0xff, 0xfd, 0x0,

    /* U+005F "_" */
    0x0, 0x0, 0x0, 0x0, 0x0, 0x0, 0x0, 0xbf,
    0xff, 0xff, 0xff, 0xff, 0xff, 0xf7, 0xbf, 0xff,
    0xff, 0xff, 0xff, 0xff, 0xf7, 0xbf, 0xff, 0xff,
    0xff, 0xff, 0xff, 0xf7, 0xbf, 0xff, 0xff, 0xff,
    0xff, 0xff, 0xf7,

    /* U+0060 "`" */
    0x9, 0xf9, 0x0, 0x0, 0x3f, 0xff, 0x80, 0x0,
    0x2f, 0xff, 0xf5, 0x0, 0x5, 0xff, 0xff, 0x30,
    0x0, 0x2d, 0xff, 0xe1,

    /* U+0061 "a" */
    0x0, 0x0, 0x6, 0xbe, 0xff, 0xeb, 0x71, 0x0,
    0x0, 0x0, 0x5e, 0xff, 0xff, 0xff, 0xff, 0xe4,
    0x0, 0x0, 0x6f, 0xff, 0xff, 0xff, 0xff, 0xff,
    0xf2, 0x0, 0xd, 0xff, 0xfe, 0x63, 0x4b, 0xff,
    0xff, 0x90, 0x0, 0x3, 0x8d, 0x20, 0x0, 0xe,
    0xff, 0xfe, 0x0, 0x0, 0x0, 0x0, 0x0, 0x0,
    0xcf, 0xff, 0xf0, 0x0, 0x0, 0x0, 0x25, 0x8a,
    0xcf, 0xff, 0xff, 0x10, 0x0, 0x3a, 0xef, 0xff,
    0xff, 0xff, 0xff, 0xf1, 0x0, 0xaf, 0xff, 0xff,
    0xff, 0xff, 0xff, 0xff, 0x10, 0xaf, 0xff, 0xfd,
    0x74, 0x10, 0xaf, 0xff, 0xf1, 0x1f, 0xff, 0xfe,
    0x10, 0x0, 0xb, 0xff, 0xff, 0x13, 0xff, 0xff,
    0xe0, 0x0, 0x2, 0xff, 0xff, 0xf2, 0x1f, 0xff,
    0xff, 0xb5, 0x58, 0xff, 0xff, 0xff, 0x30, 0xbf,
    0xff, 0xff, 0xff, 0xff, 0xff, 0xff, 0xf4, 0x1,
    0xdf, 0xff, 0xff, 0xff, 0xd5, 0xff, 0xff, 0x60,
    0x0, 0x6c, 0xef, 0xeb, 0x60, 0xf, 0xff, 0xf8,

    /* U+0062 "b" */
    0x6f, 0xff, 0xf7, 0x0, 0x0, 0x0, 0x0, 0x0,
    0x0, 0x6f, 0xff, 0xf7, 0x0, 0x0, 0x0, 0x0,
    0x0, 0x0, 0x6f, 0xff, 0xf7, 0x0, 0x0, 0x0,
    0x0, 0x0, 0x0, 0x6f, 0xff, 0xf7, 0x0, 0x0,
    0x0, 0x0, 0x0, 0x0, 0x6f, 0xff, 0xf7, 0x0,
    0x0, 0x0, 0x0, 0x0, 0x0, 0x6f, 0xff, 0xf7,
    0x4, 0xae, 0xfd, 0xa3, 0x0, 0x0, 0x6f, 0xff,
    0xf7, 0x9f, 0xff, 0xff, 0xff, 0x90, 0x0, 0x6f,
    0xff, 0xfd, 0xff, 0xff, 0xff, 0xff, 0xf9, 0x0,
    0x6f, 0xff, 0xff, 0xff, 0xcd, 0xff, 0xff, 0xff,
    0x40, 0x6f, 0xff, 0xff, 0x90, 0x0, 0x3e, 0xff,
    0xff, 0xb0, 0x6f, 0xff, 0xfb, 0x0, 0x0, 0x4,
    0xff, 0xff, 0xf0, 0x6f, 0xff, 0xf6, 0x0, 0x0,
    0x0, 0xef, 0xff, 0xf2, 0x6f, 0xff, 0xf4, 0x0,
    0x0, 0x0, 0xcf, 0xff, 0xf4, 0x6f, 0xff, 0xf4,
    0x0, 0x0, 0x0, 0xcf, 0xff, 0xf3, 0x6f, 0xff,
    0xf6, 0x0, 0x0, 0x0, 0xff, 0xff, 0xf2, 0x6f,
    0xff, 0xfb, 0x0, 0x0, 0x6, 0xff, 0xff, 0xf0,
    0x6f, 0xff, 0xff, 0x80, 0x0, 0x4f, 0xff, 0xff,
    0xa0, 0x6f, 0xff, 0xff, 0xfe, 0xcd, 0xff, 0xff,
    0xff, 0x30, 0x6f, 0xff, 0xfe, 0xff, 0xff, 0xff,
    0xff, 0xf8, 0x0, 0x6f, 0xff, 0xf4, 0xbf, 0xff,
    0xff, 0xff, 0x80, 0x0, 0x6f, 0xff, 0xf0, 0x5,
    0xbe, 0xfd, 0xa3, 0x0, 0x0,

    /* U+0063 "c" */
    0x0, 0x0, 0x5, 0xad, 0xff, 0xda, 0x40, 0x0,
    0x0, 0x0, 0x3d, 0xff, 0xff, 0xff, 0xff, 0xc2,
    0x0, 0x0, 0x4f, 0xff, 0xff, 0xff, 0xff, 0xff,
    0xe1, 0x0, 0x1e, 0xff, 0xff, 0xfc, 0xbe, 0xff,
    0xff, 0xb0, 0x9, 0xff, 0xff, 0xd2, 0x0, 0xa,
    0xfe, 0x94, 0x0, 0xef, 0xff, 0xf3, 0x0, 0x0,
    0x4, 0x0, 0x0, 0x1f, 0xff, 0xfe, 0x0, 0x0,
    0x0, 0x0, 0x0, 0x3, 0xff, 0xff, 0xc0, 0x0,
    0x0, 0x0, 0x0, 0x0, 0x2f, 0xff, 0xfc, 0x0,
    0x0, 0x0, 0x0, 0x0, 0x1, 0xff, 0xff, 0xe0,
    0x0, 0x0, 0x0, 0x0, 0x0, 0xe, 0xff, 0xff,
    0x40, 0x0, 0x0, 0x0, 0x0, 0x0, 0x8f, 0xff,
    0xfe, 0x20, 0x0, 0x8e, 0x94, 0x0, 0x1, 0xef,
    0xff, 0xff, 0xcb, 0xef, 0xff, 0xfb, 0x0, 0x5,
    0xff, 0xff, 0xff, 0xff, 0xff, 0xfe, 0x20, 0x0,
    0x4, 0xef, 0xff, 0xff, 0xff, 0xfc, 0x20, 0x0,
    0x0, 0x0, 0x6b, 0xdf, 0xfd, 0xa4, 0x0, 0x0,

    /* U+0064 "d" */
    0x0, 0x0, 0x0, 0x0, 0x0, 0x0, 0x6f, 0xff,
    0xf7, 0x0, 0x0, 0x0, 0x0, 0x0, 0x0, 0x6,
    0xff, 0xff, 0x70, 0x0, 0x0, 0x0, 0x0, 0x0,
    0x0, 0x6f, 0xff, 0xf7, 0x0, 0x0, 0x0, 0x0,
    0x0, 0x0, 0x6, 0xff, 0xff, 0x70, 0x0, 0x0,
    0x0, 0x0, 0x0, 0x0, 0x6f, 0xff, 0xf7, 0x0,
    0x0, 0x3, 0x9d, 0xfe, 0xb4, 0x6, 0xff, 0xff,
    0x70, 0x0, 0x8, 0xff, 0xff, 0xff, 0xfa, 0x6f,
    0xff, 0xf7, 0x0, 0x8, 0xff, 0xff, 0xff, 0xff,
    0xfd, 0xff, 0xff, 0x70, 0x3, 0xff, 0xff, 0xff,
    0xdc, 0xef, 0xff, 0xff, 0xf7, 0x0, 0xaf, 0xff,
    0xff, 0x40, 0x0, 0x8f, 0xff, 0xff, 0x70, 0xf,
    0xff, 0xff, 0x60, 0x0, 0x0, 0xaf, 0xff, 0xf7,
    0x1, 0xff, 0xff, 0xf0, 0x0, 0x0, 0x5, 0xff,
    0xff, 0x70, 0x3f, 0xff, 0xfd, 0x0, 0x0, 0x0,
    0x3f, 0xff, 0xf7, 0x2, 0xff, 0xff, 0xd0, 0x0,
    0x0, 0x3, 0xff, 0xff, 0x70, 0x1f, 0xff, 0xff,
    0x0, 0x0, 0x0, 0x5f, 0xff, 0xf7, 0x0, 0xef,
    0xff, 0xf7, 0x0, 0x0, 0xa, 0xff, 0xff, 0x70,
    0x9, 0xff, 0xff, 0xf5, 0x0, 0x8, 0xff, 0xff,
    0xf8, 0x0, 0x2f, 0xff, 0xff, 0xfd, 0xbe, 0xff,
    0xff, 0xff, 0x90, 0x0, 0x7f, 0xff, 0xff, 0xff,
    0xff, 0xef, 0xff, 0xfa, 0x0, 0x0, 0x7f, 0xff,
    0xff, 0xff, 0xc2, 0xff, 0xff, 0xd0, 0x0, 0x0,
    0x29, 0xdf, 0xeb, 0x60, 0xc, 0xff, 0xff, 0x0,

    /* U+0065 "e" */
    0x0, 0x0, 0x2, 0x8c, 0xef, 0xeb, 0x70, 0x0,
    0x0, 0x0, 0x1, 0xaf, 0xff, 0xff, 0xff, 0xfe,
    0x40, 0x0, 0x0, 0x1e, 0xff, 0xff, 0xff, 0xff,
    0xff, 0xf5, 0x0, 0x0, 0xcf, 0xff, 0xfe, 0xa9,
    0xbf, 0xff, 0xff, 0x10, 0x7, 0xff, 0xff, 0x90,
    0x0, 0x1, 0xdf, 0xff, 0xa0, 0xd, 0xff, 0xfe,
    0x0, 0x0, 0x0, 0x4f, 0xff, 0xf0, 0x1f, 0xff,
    0xff, 0xdd, 0xdd, 0xdd, 0xdf, 0xff, 0xf4, 0x3f,
    0xff, 0xff, 0xff, 0xff, 0xff, 0xff, 0xff, 0xf6,
    0x3f, 0xff, 0xff, 0xff, 0xff, 0xff, 0xff, 0xff,
    0xf6, 0x1f, 0xff, 0xfc, 0x0, 0x0, 0x0, 0x0,
    0x0, 0x0, 0xe, 0xff, 0xff, 0x20, 0x0, 0x0,
    0x0, 0x0, 0x0, 0x8, 0xff, 0xff, 0xd3, 0x0,
    0x2, 0xb8, 0x20, 0x0, 0x1, 0xdf, 0xff, 0xff,
    0xdb, 0xdf, 0xff, 0xfc, 0x20, 0x0, 0x2f, 0xff,
    0xff, 0xff, 0xff, 0xff, 0xf8, 0x0, 0x0, 0x2,
    0xbf, 0xff, 0xff, 0xff, 0xfe, 0x60, 0x0, 0x0,
    0x0, 0x3, 0x9c, 0xef, 0xeb, 0x61, 0x0, 0x0,

    /* U+0066 "f" */
    0x0, 0x0, 0x6, 0x9b, 0xbc, 0xc1, 0x0, 0x3,
    0xef, 0xff, 0xff, 0xf1, 0x0, 0xc, 0xff, 0xff,
    0xff, 0xf1, 0x0, 0x1f, 0xff, 0xff, 0xff, 0xf1,
    0x0, 0x3f, 0xff, 0xfd, 0x10, 0x0, 0x0, 0x3f,
    0xff, 0xfa, 0x0, 0x0, 0x0, 0x3f, 0xff, 0xfa,
    0x0, 0x0, 0xdf, 0xff, 0xff, 0xff, 0xff, 0xf1,
    0xdf, 0xff, 0xff, 0xff, 0xff, 0xf1, 0xdf, 0xff,
    0xff, 0xff, 0xff, 0xf1, 0x8a, 0xbf, 0xff, 0xfd,
    0xaa, 0xa1, 0x0, 0x3f, 0xff, 0xfa, 0x0, 0x0,
    0x0, 0x3f, 0xff, 0xfa, 0x0, 0x0, 0x0, 0x3f,
    0xff, 0xfa, 0x0, 0x0, 0x0, 0x3f, 0xff, 0xfa,
    0x0, 0x0, 0x0, 0x3f, 0xff, 0xfa, 0x0, 0x0,
    0x0, 0x3f, 0xff, 0xfa, 0x0, 0x0, 0x0, 0x3f,
    0xff, 0xfa, 0x0, 0x0, 0x0, 0x3f, 0xff, 0xfa,
    0x0, 0x0, 0x0, 0x3f, 0xff, 0xfa, 0x0, 0x0,
    0x0, 0x3f, 0xff, 0xfa, 0x0, 0x0, 0x0, 0x3f,
    0xff, 0xfa, 0x0, 0x0, 0x0, 0x3f, 0xff, 0xfa,
    0x0, 0x0,

    /* U+0067 "g" */
    0x0, 0x0, 0x3a, 0xdf, 0xea, 0x40, 0xd, 0xff,
    0xf7, 0x0, 0x8, 0xff, 0xff, 0xff, 0xfa, 0x2f,
    0xff, 0xf7, 0x0, 0x8f, 0xff, 0xff, 0xff, 0xff,
    0xef, 0xff, 0xf7, 0x3, 0xff, 0xff, 0xff, 0xec,
    0xef, 0xff, 0xff, 0xf7, 0xb, 0xff, 0xff, 0xe4,
    0x0, 0x7, 0xff, 0xff, 0xf7, 0xf, 0xff, 0xff,
    0x40, 0x0, 0x0, 0x9f, 0xff, 0xf7, 0x2f, 0xff,
    0xff, 0x0, 0x0, 0x0, 0x4f, 0xff, 0xf7, 0x3f,
    0xff, 0xfd, 0x0, 0x0, 0x0, 0x3f, 0xff, 0xf7,
    0x2f, 0xff, 0xfe, 0x0, 0x0, 0x0, 0x3f, 0xff,
    0xf7, 0x1f, 0xff, 0xff, 0x10, 0x0, 0x0, 0x6f,
    0xff, 0xf7, 0xe, 0xff, 0xff, 0x80, 0x0, 0x0,
    0xcf, 0xff, 0xf7, 0x7, 0xff, 0xff, 0xf8, 0x10,
    0x2a, 0xff, 0xff, 0xf7, 0x1, 0xef, 0xff, 0xff,
    0xff, 0xff, 0xff, 0xff, 0xf7, 0x0, 0x3f, 0xff,
    0xff, 0xff, 0xff, 0xbf, 0xff, 0xf7, 0x0, 0x2,
    0xdf, 0xff, 0xff, 0xe5, 0x5f, 0xff, 0xf7, 0x0,
    0x0, 0x4, 0x8a, 0x95, 0x0, 0x5f, 0xff, 0xf6,
    0x0, 0x0, 0x0, 0x0, 0x0, 0x0, 0x7f, 0xff,
    0xf5, 0x0, 0x0, 0x2, 0x30, 0x0, 0x0, 0xbf,
    0xff, 0xf2, 0x0, 0x17, 0xdf, 0xe6, 0x10, 0x2a,
    0xff, 0xff, 0xd0, 0x0, 0x4f, 0xff, 0xff, 0xff,
    0xff, 0xff, 0xff, 0x50, 0x0, 0x7, 0xff, 0xff,
    0xff, 0xff, 0xff, 0xf8, 0x0, 0x0, 0x0, 0x5d,
    0xff, 0xff, 0xff, 0xfd, 0x50, 0x0, 0x0, 0x0,
    0x0, 0x37, 0x99, 0x97, 0x30, 0x0, 0x0,

    /* U+0068 "h" */
    0x6f, 0xff, 0xf7, 0x0, 0x0, 0x0, 0x0, 0x0,
    0x6f, 0xff, 0xf7, 0x0, 0x0, 0x0, 0x0, 0x0,
    0x6f, 0xff, 0xf7, 0x0, 0x0, 0x0, 0x0, 0x0,
    0x6f, 0xff, 0xf7, 0x0, 0x0, 0x0, 0x0, 0x0,
    0x6f, 0xff, 0xf7, 0x0, 0x0, 0x0, 0x0, 0x0,
    0x6f, 0xff, 0xf7, 0x4, 0xbe, 0xfe, 0xb4, 0x0,
    0x6f, 0xff, 0xf7, 0x9f, 0xff, 0xff, 0xff, 0x60,
    0x6f, 0xff, 0xfe, 0xff, 0xff, 0xff, 0xff, 0xe0,
    0x6f, 0xff, 0xff, 0xfd, 0xbe, 0xff, 0xff, 0xf5,
    0x6f, 0xff, 0xff, 0x70, 0x0, 0xcf, 0xff, 0xf8,
    0x6f, 0xff, 0xfd, 0x0, 0x0, 0x5f, 0xff, 0xfa,
    0x6f, 0xff, 0xf9, 0x0, 0x0, 0x3f, 0xff, 0xfb,
    0x6f, 0xff, 0xf7, 0x0, 0x0, 0x2f, 0xff, 0xfb,
    0x6f, 0xff, 0xf7, 0x0, 0x0, 0x2f, 0xff, 0xfb,
    0x6f, 0xff, 0xf7, 0x0, 0x0, 0x2f, 0xff, 0xfb,
    0x6f, 0xff, 0xf7, 0x0, 0x0, 0x2f, 0xff, 0xfb,
    0x6f, 0xff, 0xf7, 0x0, 0x0, 0x2f, 0xff, 0xfb,
    0x6f, 0xff, 0xf7, 0x0, 0x0, 0x2f, 0xff, 0xfb,
    0x6f, 0xff, 0xf7, 0x0, 0x0, 0x2f, 0xff, 0xfb,
    0x6f, 0xff, 0xf7, 0x0, 0x0, 0x2f, 0xff, 0xfb,
    0x6f, 0xff, 0xf7, 0x0, 0x0, 0x2f, 0xff, 0xfb,

    /* U+0069 "i" */
    0x0, 0x0, 0x18, 0x95, 0x0, 0x0, 0x1, 0xef,
    0xff, 0x70, 0x0, 0x8, 0xff, 0xff, 0xf0, 0x0,
    0x9, 0xff, 0xff, 0xf0, 0x0, 0x3, 0xff, 0xff,
    0xb0, 0x0, 0x0, 0x5d, 0xfa, 0x10, 0x0, 0x0,
    0x0, 0x0, 0x0, 0x0, 0x0, 0x0, 0x0, 0x0,
    0x3f, 0xff, 0xff, 0xff, 0xa0, 0x3f, 0xff, 0xff,
    0xff, 0xa0, 0x3f, 0xff, 0xff, 0xff, 0xa0, 0x2a,
    0xab, 0xff, 0xff, 0xa0, 0x0, 0x3, 0xff, 0xff,
    0xa0, 0x0, 0x3, 0xff, 0xff, 0xa0, 0x0, 0x3,
    0xff, 0xff, 0xa0, 0x0, 0x3, 0xff, 0xff, 0xa0,
    0x0, 0x3, 0xff, 0xff, 0xa0, 0x0, 0x3, 0xff,
    0xff, 0xa0, 0x0, 0x3, 0xff, 0xff, 0xa0, 0x0,
    0x3, 0xff, 0xff, 0xa0, 0x0, 0x3, 0xff, 0xff,
    0xa0, 0x0, 0x3, 0xff, 0xff, 0xa0, 0x0, 0x3,
    0xff, 0xff, 0xa0, 0x0, 0x3, 0xff, 0xff, 0xa0,

    /* U+006A "j" */
    0x0, 0x0, 0x5, 0xde, 0xa1, 0x0, 0x0, 0x4,
    0xff, 0xff, 0xb0, 0x0, 0x0, 0x9f, 0xff, 0xff,
    0x0, 0x0, 0x8, 0xff, 0xff, 0xf0, 0x0, 0x0,
    0x1e, 0xff, 0xf7, 0x0, 0x0, 0x0, 0x18, 0x94,
    0x0, 0x0, 0x0, 0x0, 0x0, 0x0, 0x0, 0x0,
    0x0, 0x0, 0x0, 0x0, 0x0, 0x0, 0x3f, 0xff,
    0xfa, 0x0, 0x0, 0x3, 0xff, 0xff, 0xa0, 0x0,
    0x0, 0x3f, 0xff, 0xfa, 0x0, 0x0, 0x3, 0xff,
    0xff, 0xa0, 0x0, 0x0, 0x3f, 0xff, 0xfa, 0x0,
    0x0, 0x3, 0xff, 0xff, 0xa0, 0x0, 0x0, 0x3f,
    0xff, 0xfa, 0x0, 0x0, 0x3, 0xff, 0xff, 0xa0,
    0x0, 0x0, 0x3f, 0xff, 0xfa, 0x0, 0x0, 0x3,
    0xff, 0xff, 0xa0, 0x0, 0x0, 0x3f, 0xff, 0xfa,
    0x0, 0x0, 0x3, 0xff, 0xff, 0xa0, 0x0, 0x0,
    0x3f, 0xff, 0xfa, 0x0, 0x0, 0x3, 0xff, 0xff,
    0xa0, 0x0, 0x0, 0x3f, 0xff, 0xfa, 0x0, 0x0,
    0x3, 0xff, 0xff, 0xa0, 0x0, 0x0, 0x5f, 0xff,
    0xf9, 0x2, 0xcc, 0xdf, 0xff, 0xff, 0x80, 0x3f,
    0xff, 0xff, 0xff, 0xf4, 0x3, 0xff, 0xff, 0xff,
    0xfa, 0x0, 0x3f, 0xff, 0xfd, 0xa5, 0x0, 0x0,

    /* U+006B "k" */
    0x6f, 0xff, 0xf7, 0x0, 0x0, 0x0, 0x0, 0x0,
    0x0, 0x6f, 0xff, 0xf7, 0x0, 0x0, 0x0, 0x0,
    0x0, 0x0, 0x6f, 0xff, 0xf7, 0x0, 0x0, 0x0,
    0x0, 0x0, 0x0, 0x6f, 0xff, 0xf7, 0x0, 0x0,
    0x0, 0x0, 0x0, 0x0, 0x6f, 0xff, 0xf7, 0x0,
    0x0, 0x0, 0x0, 0x0, 0x0, 0x6f, 0xff, 0xf7,
    0x0, 0x0, 0xaf, 0xff, 0xfe, 0x20, 0x6f, 0xff,
    0xf7, 0x0, 0x8, 0xff, 0xff, 0xf3, 0x0, 0x6f,
    0xff, 0xf7, 0x0, 0x6f, 0xff, 0xff, 0x30, 0x0,
    0x6f, 0xff, 0xf7, 0x4, 0xff, 0xff, 0xf4, 0x0,
    0x0, 0x6f, 0xff, 0xf7, 0x3f, 0xff, 0xff, 0x50,
    0x0, 0x0, 0x6f, 0xff, 0xf9, 0xef, 0xff, 0xf6,
    0x0, 0x0, 0x0, 0x6f, 0xff, 0xff, 0xff, 0xff,
    0x90, 0x0, 0x0, 0x0, 0x6f, 0xff, 0xff, 0xff,
    0xff, 0xd0, 0x0, 0x0, 0x0, 0x6f, 0xff, 0xff,
    0xff, 0xff, 0xfa, 0x0, 0x0, 0x0, 0x6f, 0xff,
    0xff, 0xff, 0xff, 0xff, 0x50, 0x0, 0x0, 0x6f,
    0xff, 0xff, 0xca, 0xff, 0xff, 0xf2, 0x0, 0x0,
    0x6f, 0xff, 0xfd, 0x11, 0xef, 0xff, 0xfc, 0x0,
    0x0, 0x6f, 0xff, 0xf7, 0x0, 0x3f, 0xff, 0xff,
    0x80, 0x0, 0x6f, 0xff, 0xf7, 0x0, 0x8, 0xff,
    0xff, 0xf3, 0x0, 0x6f, 0xff, 0xf7, 0x0, 0x0,
    0xcf, 0xff, 0xfe, 0x0, 0x6f, 0xff, 0xf7, 0x0,
    0x0, 0x2f, 0xff, 0xff, 0xa0,

    /* U+006C "l" */
    0x6f, 0xff, 0xf7, 0x0, 0x6, 0xff, 0xff, 0x70,
    0x0, 0x6f, 0xff, 0xf7, 0x0, 0x6, 0xff, 0xff,
    0x70, 0x0, 0x6f, 0xff, 0xf7, 0x0, 0x6, 0xff,
    0xff, 0x70, 0x0, 0x6f, 0xff, 0xf7, 0x0, 0x6,
    0xff, 0xff, 0x70, 0x0, 0x6f, 0xff, 0xf7, 0x0,
    0x6, 0xff, 0xff, 0x70, 0x0, 0x6f, 0xff, 0xf7,
    0x0, 0x6, 0xff, 0xff, 0x70, 0x0, 0x6f, 0xff,
    0xf7, 0x0, 0x6, 0xff, 0xff, 0x70, 0x0, 0x6f,
    0xff, 0xf7, 0x0, 0x6, 0xff, 0xff, 0x70, 0x0,
    0x6f, 0xff, 0xfc, 0x0, 0x5, 0xff, 0xff, 0xff,
    0xed, 0x2f, 0xff, 0xff, 0xff, 0xf0, 0xcf, 0xff,
    0xff, 0xff, 0x1, 0x8d, 0xef, 0xff, 0xf0,

    /* U+006D "m" */
    0x6f, 0xff, 0xf0, 0x5, 0xbe, 0xfe, 0xa3, 0x0,
    0x6, 0xbe, 0xfe, 0xb4, 0x0, 0x6f, 0xff, 0xf4,
    0xaf, 0xff, 0xff, 0xff, 0x52, 0xdf, 0xff, 0xff,
    0xff, 0x60, 0x6f, 0xff, 0xfe, 0xff, 0xff, 0xff,
    0xff, 0xee, 0xff, 0xff, 0xff, 0xff, 0xf1, 0x6f,
    0xff, 0xff, 0xfd, 0xbe, 0xff, 0xff, 0xff, 0xfd,
    0xbe, 0xff, 0xff, 0xf6, 0x6f, 0xff, 0xff, 0x60,
    0x0, 0xdf, 0xff, 0xff, 0x80, 0x0, 0xbf, 0xff,
    0xf9, 0x6f, 0xff, 0xfd, 0x0, 0x0, 0x7f, 0xff,
    0xfe, 0x0, 0x0, 0x5f, 0xff, 0xfb, 0x6f, 0xff,
    0xf9, 0x0, 0x0, 0x5f, 0xff, 0xfb, 0x0, 0x0,
    0x3f, 0xff, 0xfb, 0x6f, 0xff, 0xf8, 0x0, 0x0,
    0x4f, 0xff, 0xf9, 0x0, 0x0, 0x2f, 0xff, 0xfc,
    0x6f, 0xff, 0xf7, 0x0, 0x0, 0x4f, 0xff, 0xf9,
    0x0, 0x0, 0x1f, 0xff, 0xfc, 0x6f, 0xff, 0xf7,
    0x0, 0x0, 0x4f, 0xff, 0xf9, 0x0, 0x0, 0x1f,
    0xff, 0xfc, 0x6f, 0xff, 0xf7, 0x0, 0x0, 0x4f,
    0xff, 0xf9, 0x0, 0x0, 0x1f, 0xff, 0xfc, 0x6f,
    0xff, 0xf7, 0x0, 0x0, 0x4f, 0xff, 0xf9, 0x0,
    0x0, 0x1f, 0xff, 0xfc, 0x6f, 0xff, 0xf7, 0x0,
    0x0, 0x4f, 0xff, 0xf9, 0x0, 0x0, 0x1f, 0xff,
    0xfc, 0x6f, 0xff, 0xf7, 0x0, 0x0, 0x4f, 0xff,
    0xf9, 0x0, 0x0, 0x1f, 0xff, 0xfc, 0x6f, 0xff,
    0xf7, 0x0, 0x0, 0x4f, 0xff, 0xf9, 0x0, 0x0,
    0x1f, 0xff, 0xfc, 0x6f, 0xff, 0xf7, 0x0, 0x0,
    0x4f, 0xff, 0xf9, 0x0, 0x0, 0x1f, 0xff, 0xfc,

    /* U+006E "n" */
    0x6f, 0xff, 0xf0, 0x5, 0xbe, 0xfe, 0xb4, 0x0,
    0x6f, 0xff, 0xf4, 0xaf, 0xff, 0xff, 0xff, 0x60,
    0x6f, 0xff, 0xfe, 0xff, 0xff, 0xff, 0xff, 0xe0,
    0x6f, 0xff, 0xff, 0xfd, 0xbe, 0xff, 0xff, 0xf5,
    0x6f, 0xff, 0xff, 0x70, 0x0, 0xcf, 0xff, 0xf8,
    0x6f, 0xff, 0xfd, 0x0, 0x0, 0x5f, 0xff, 0xfa,
    0x6f, 0xff, 0xf9, 0x0, 0x0, 0x3f, 0xff, 0xfb,
    0x6f, 0xff, 0xf7, 0x0, 0x0, 0x2f, 0xff, 0xfb,
    0x6f, 0xff, 0xf7, 0x0, 0x0, 0x2f, 0xff, 0xfb,
    0x6f, 0xff, 0xf7, 0x0, 0x0, 0x2f, 0xff, 0xfb,
    0x6f, 0xff, 0xf7, 0x0, 0x0, 0x2f, 0xff, 0xfb,
    0x6f, 0xff, 0xf7, 0x0, 0x0, 0x2f, 0xff, 0xfb,
    0x6f, 0xff, 0xf7, 0x0, 0x0, 0x2f, 0xff, 0xfb,
    0x6f, 0xff, 0xf7, 0x0, 0x0, 0x2f, 0xff, 0xfb,
    0x6f, 0xff, 0xf7, 0x0, 0x0, 0x2f, 0xff, 0xfb,
    0x6f, 0xff, 0xf7, 0x0, 0x0, 0x2f, 0xff, 0xfb,

    /* U+006F "o" */
    0x0, 0x0, 0x4, 0x9d, 0xef, 0xdb, 0x61, 0x0,
    0x0, 0x0, 0x3, 0xcf, 0xff, 0xff, 0xff, 0xfe,
    0x60, 0x0, 0x0, 0x3f, 0xff, 0xff, 0xff, 0xff,
    0xff, 0xf8, 0x0, 0x1, 0xef, 0xff, 0xff, 0xdc,
    0xff, 0xff, 0xff, 0x60, 0x9, 0xff, 0xff, 0xd2,
    0x0, 0xa, 0xff, 0xff, 0xe0, 0xe, 0xff, 0xff,
    0x20, 0x0, 0x0, 0xdf, 0xff, 0xf4, 0x2f, 0xff,
    0xfd, 0x0, 0x0, 0x0, 0x8f, 0xff, 0xf7, 0x3f,
    0xff, 0xfc, 0x0, 0x0, 0x0, 0x6f, 0xff, 0xf8,
    0x3f, 0xff, 0xfc, 0x0, 0x0, 0x0, 0x6f, 0xff,
    0xf8, 0x1f, 0xff, 0xfe, 0x0, 0x0, 0x0, 0x8f,
    0xff, 0xf7, 0xe, 0xff, 0xff, 0x30, 0x0, 0x0,
    0xdf, 0xff, 0xf3, 0x8, 0xff, 0xff, 0xd3, 0x0,
    0xa, 0xff, 0xff, 0xe0, 0x1, 0xef, 0xff, 0xff,
    0xdc, 0xff, 0xff, 0xff, 0x50, 0x0, 0x3f, 0xff,
    0xff, 0xff, 0xff, 0xff, 0xf8, 0x0, 0x0, 0x3,
    0xcf, 0xff, 0xff, 0xff, 0xfe, 0x60, 0x0, 0x0,
    0x0, 0x4, 0x9d, 0xef, 0xdb, 0x61, 0x0, 0x0,

    /* U+0070 "p" */
    0x6f, 0xff, 0xf0, 0x4, 0xae, 0xfd, 0xa3, 0x0,
    0x0, 0x6f, 0xff, 0xf3, 0xaf, 0xff, 0xff, 0xff,
    0x80, 0x0, 0x6f, 0xff, 0xfe, 0xff, 0xff, 0xff,
    0xff, 0xf8, 0x0, 0x6f, 0xff, 0xff, 0xfe, 0xcd,
    0xff, 0xff, 0xff, 0x30, 0x6f, 0xff, 0xff, 0x80,
    0x0, 0x4f, 0xff, 0xff, 0xa0, 0x6f, 0xff, 0xfb,
    0x0, 0x0, 0x5, 0xff, 0xff, 0xf0, 0x6f, 0xff,
    0xf6, 0x0, 0x0, 0x0, 0xff, 0xff, 0xf2, 0x6f,
    0xff, 0xf4, 0x0, 0x0, 0x0, 0xcf, 0xff, 0xf3,
    0x6f, 0xff, 0xf4, 0x0, 0x0, 0x0, 0xcf, 0xff,
    0xf4, 0x6f, 0xff, 0xf6, 0x0, 0x0, 0x0, 0xef,
    0xff, 0xf2, 0x6f, 0xff, 0xfc, 0x0, 0x0, 0x5,
    0xff, 0xff, 0xf0, 0x6f, 0xff, 0xff, 0x80, 0x0,
    0x3e, 0xff, 0xff, 0xa0, 0x6f, 0xff, 0xff, 0xfe,
    0xbc, 0xff, 0xff, 0xff, 0x40, 0x6f, 0xff, 0xfd,
    0xff, 0xff, 0xff, 0xff, 0xf9, 0x0, 0x6f, 0xff,
    0xf7, 0x8f, 0xff, 0xff, 0xff, 0x90, 0x0, 0x6f,
    0xff, 0xf7, 0x3, 0xae, 0xfd, 0xa3, 0x0, 0x0,
    0x6f, 0xff, 0xf7, 0x0, 0x0, 0x0, 0x0, 0x0,
    0x0, 0x6f, 0xff, 0xf7, 0x0, 0x0, 0x0, 0x0,
    0x0, 0x0, 0x6f, 0xff, 0xf7, 0x0, 0x0, 0x0,
    0x0, 0x0, 0x0, 0x6f, 0xff, 0xf7, 0x0, 0x0,
    0x0, 0x0, 0x0, 0x0, 0x6f, 0xff, 0xf7, 0x0,
    0x0, 0x0, 0x0, 0x0, 0x0,

    /* U+0071 "q" */
    0x0, 0x0, 0x29, 0xdf, 0xeb, 0x50, 0xe, 0xff,
    0xf7, 0x0, 0x0, 0x0, 0x7, 0xff, 0xff, 0xff,
    0xfb, 0x2f, 0xff, 0xf7, 0x0, 0x0, 0x0, 0x7f,
    0xff, 0xff, 0xff, 0xff, 0xef, 0xff, 0xf7, 0x0,
    0x0, 0x2, 0xff, 0xff, 0xff, 0xdc, 0xef, 0xff,
    0xff, 0xf7, 0x0, 0x0, 0x9, 0xff, 0xff, 0xf5,
    0x0, 0x8, 0xff, 0xff, 0xf7, 0x0, 0x0, 0xe,
    0xff, 0xff, 0x60, 0x0, 0x0, 0xaf, 0xff, 0xf7,
    0x0, 0x0, 0x1f, 0xff, 0xff, 0x0, 0x0, 0x0,
    0x5f, 0xff, 0xf7, 0x0, 0x0, 0x2f, 0xff, 0xfd,
    0x0, 0x0, 0x0, 0x3f, 0xff, 0xf7, 0x0, 0x0,
    0x3f, 0xff, 0xfd, 0x0, 0x0, 0x0, 0x3f, 0xff,
    0xf7, 0x0, 0x0, 0x1f, 0xff, 0xff, 0x0, 0x0,
    0x0, 0x5f, 0xff, 0xf7, 0x0, 0x0, 0xe, 0xff,
    0xff, 0x60, 0x0, 0x0, 0xbf, 0xff, 0xf7, 0x0,
    0x0, 0x9, 0xff, 0xff, 0xf4, 0x0, 0x8, 0xff,
    0xff, 0xf7, 0x0, 0x0, 0x3, 0xff, 0xff, 0xff,
    0xdb, 0xef, 0xff, 0xff, 0xf7, 0x0, 0x0, 0x0,
    0x8f, 0xff, 0xff, 0xff, 0xff, 0xdf, 0xff, 0xf7,
    0x0, 0x0, 0x0, 0x8, 0xff, 0xff, 0xff, 0xfa,
    0x6f, 0xff, 0xf7, 0x0, 0x0, 0x0, 0x0, 0x39,
    0xdf, 0xeb, 0x40, 0x6f, 0xff, 0xf9, 0x0, 0x0,
    0x0, 0x0, 0x0, 0x0, 0x0, 0x0, 0x5f, 0xff,
    0xff, 0x75, 0x75, 0x0, 0x0, 0x0, 0x0, 0x0,
    0x0, 0x3f, 0xff, 0xff, 0xff, 0xf9, 0x0, 0x0,
    0x0, 0x0, 0x0, 0x0, 0xd, 0xff, 0xff, 0xff,
    0xf9, 0x0, 0x0, 0x0, 0x0, 0x0, 0x0, 0x3,
    0xff, 0xff, 0xff, 0xf9, 0x0, 0x0, 0x0, 0x0,
    0x0, 0x0, 0x0, 0x29, 0xdf, 0xfd, 0xb4,

    /* U+0072 "r" */
    0x6f, 0xff, 0x90, 0x5, 0xbe, 0x66, 0xff, 0xfd,
    0x9, 0xff, 0xf6, 0x6f, 0xff, 0xf7, 0xff, 0xff,
    0x66, 0xff, 0xff, 0xff, 0xff, 0xf6, 0x6f, 0xff,
    0xff, 0xff, 0xdb, 0x56, 0xff, 0xff, 0xf8, 0x0,
    0x0, 0x6f, 0xff, 0xfc, 0x0, 0x0, 0x6, 0xff,
    0xff, 0x80, 0x0, 0x0, 0x6f, 0xff, 0xf7, 0x0,
    0x0, 0x6, 0xff, 0xff, 0x70, 0x0, 0x0, 0x6f,
    0xff, 0xf7, 0x0, 0x0, 0x6, 0xff, 0xff, 0x70,
    0x0, 0x0, 0x6f, 0xff, 0xf7, 0x0, 0x0, 0x6,
    0xff, 0xff, 0x70, 0x0, 0x0, 0x6f, 0xff, 0xf7,
    0x0, 0x0, 0x6, 0xff, 0xff, 0x70, 0x0, 0x0,

    /* U+0073 "s" */
    0x0, 0x0, 0x5a, 0xdf, 0xfe, 0xc8, 0x30, 0x0,
    0x0, 0x3, 0xef, 0xff, 0xff, 0xff, 0xff, 0xa1,
    0x0, 0x3, 0xff, 0xff, 0xff, 0xff, 0xff, 0xff,
    0xc0, 0x0, 0xbf, 0xff, 0xfc, 0x87, 0x9e, 0xff,
    0xfb, 0x20, 0xe, 0xff, 0xfc, 0x0, 0x0, 0xb,
    0x71, 0x0, 0x0, 0xdf, 0xff, 0xf6, 0x20, 0x0,
    0x0, 0x0, 0x0, 0x8, 0xff, 0xff, 0xff, 0xfc,
    0x96, 0x20, 0x0, 0x0, 0xb, 0xff, 0xff, 0xff,
    0xff, 0xff, 0xc5, 0x0, 0x0, 0x5, 0xdf, 0xff,
    0xff, 0xff, 0xff, 0xf7, 0x0, 0x0, 0x0, 0x15,
    0x7a, 0xdf, 0xff, 0xff, 0xf0, 0x0, 0x0, 0x30,
    0x0, 0x0, 0x1c, 0xff, 0xff, 0x30, 0x39, 0xef,
    0x70, 0x0, 0x0, 0xaf, 0xff, 0xf2, 0x1f, 0xff,
    0xff, 0xd9, 0x89, 0xcf, 0xff, 0xfd, 0x0, 0x5f,
    0xff, 0xff, 0xff, 0xff, 0xff, 0xff, 0x40, 0x0,
    0x4e, 0xff, 0xff, 0xff, 0xff, 0xfd, 0x30, 0x0,
    0x0, 0x4, 0xad, 0xef, 0xed, 0x95, 0x0, 0x0,

    /* U+0074 "t" */
    0x0, 0x7, 0x88, 0x87, 0x0, 0x0, 0x0, 0xf,
    0xff, 0xfe, 0x0, 0x0, 0x0, 0xf, 0xff, 0xfe,
    0x0, 0x0, 0x0, 0xf, 0xff, 0xfe, 0x0, 0x0,
    0x9f, 0xff, 0xff, 0xff, 0xff, 0xf5, 0x9f, 0xff,
    0xff, 0xff, 0xff, 0xf5, 0x9f, 0xff, 0xff, 0xff,
    0xff, 0xf5, 0x5a, 0xaf, 0xff, 0xff, 0xaa, 0xa3,
    0x0, 0xf, 0xff, 0xfe, 0x0, 0x0, 0x0, 0xf,
    0xff, 0xfe, 0x0, 0x0, 0x0, 0xf, 0xff, 0xfe,
    0x0, 0x0, 0x0, 0xf, 0xff, 0xfe, 0x0, 0x0,
    0x0, 0xf, 0xff, 0xfe, 0x0, 0x0, 0x0, 0xf,
    0xff, 0xfe, 0x0, 0x0, 0x0, 0xf, 0xff, 0xfe,
    0x0, 0x0, 0x0, 0xf, 0xff, 0xff, 0x30, 0x0,
    0x0, 0xe, 0xff, 0xff, 0xfe, 0xe5, 0x0, 0xb,
    0xff, 0xff, 0xff, 0xf5, 0x0, 0x4, 0xff, 0xff,
    0xff, 0xf5, 0x0, 0x0, 0x4b, 0xef, 0xff, 0xf5,

    /* U+0075 "u" */
    0x6f, 0xff, 0xf7, 0x0, 0x0, 0x4f, 0xff, 0xf9,
    0x6f, 0xff, 0xf7, 0x0, 0x0, 0x4f, 0xff, 0xf9,
    0x6f, 0xff, 0xf7, 0x0, 0x0, 0x4f, 0xff, 0xf9,
    0x6f, 0xff, 0xf7, 0x0, 0x0, 0x4f, 0xff, 0xf9,
    0x6f, 0xff, 0xf7, 0x0, 0x0, 0x4f, 0xff, 0xf9,
    0x6f, 0xff, 0xf7, 0x0, 0x0, 0x4f, 0xff, 0xf9,
    0x6f, 0xff, 0xf7, 0x0, 0x0, 0x4f, 0xff, 0xf9,
    0x6f, 0xff, 0xf7, 0x0, 0x0, 0x4f, 0xff, 0xf9,
    0x6f, 0xff, 0xf7, 0x0, 0x0, 0x4f, 0xff, 0xf9,
    0x6f, 0xff, 0xf8, 0x0, 0x0, 0x5f, 0xff, 0xf9,
    0x5f, 0xff, 0xfa, 0x0, 0x0, 0x9f, 0xff, 0xf9,
    0x3f, 0xff, 0xff, 0x20, 0x3, 0xff, 0xff, 0xf9,
    0xf, 0xff, 0xff, 0xfc, 0xcf, 0xff, 0xff, 0xf9,
    0xa, 0xff, 0xff, 0xff, 0xff, 0xef, 0xff, 0xf9,
    0x1, 0xdf, 0xff, 0xff, 0xfd, 0x2f, 0xff, 0xf9,
    0x0, 0x18, 0xdf, 0xfd, 0x80, 0xb, 0xff, 0xf9,

    /* U+0076 "v" */
    0xdf, 0xff, 0xf2, 0x0, 0x0, 0x5, 0xff, 0xff,
    0xa7, 0xff, 0xff, 0x70, 0x0, 0x0, 0xaf, 0xff,
    0xf4, 0x1f, 0xff, 0xfc, 0x0, 0x0, 0xf, 0xff,
    0xfe, 0x0, 0xcf, 0xff, 0xf1, 0x0, 0x4, 0xff,
    0xff, 0x90, 0x6, 0xff, 0xff, 0x60, 0x0, 0x9f,
    0xff, 0xf3, 0x0, 0x1f, 0xff, 0xfb, 0x0, 0xe,
    0xff, 0xfd, 0x0, 0x0, 0xbf, 0xff, 0xf1, 0x3,
    0xff, 0xff, 0x80, 0x0, 0x5, 0xff, 0xff, 0x50,
    0x8f, 0xff, 0xf2, 0x0, 0x0, 0xf, 0xff, 0xfa,
    0xd, 0xff, 0xfc, 0x0, 0x0, 0x0, 0xaf, 0xff,
    0xf2, 0xff, 0xff, 0x70, 0x0, 0x0, 0x4, 0xff,
    0xff, 0xbf, 0xff, 0xf1, 0x0, 0x0, 0x0, 0xe,
    0xff, 0xff, 0xff, 0xfb, 0x0, 0x0, 0x0, 0x0,
    0x9f, 0xff, 0xff, 0xff, 0x60, 0x0, 0x0, 0x0,
    0x3, 0xff, 0xff, 0xff, 0xf0, 0x0, 0x0, 0x0,
    0x0, 0xd, 0xff, 0xff, 0xfa, 0x0, 0x0, 0x0,
    0x0, 0x0, 0x8f, 0xff, 0xff, 0x50, 0x0, 0x0,

    /* U+0077 "w" */
    0xef, 0xff, 0xe0, 0x0, 0xd, 0xff, 0xff, 0x0,
    0x0, 0xdf, 0xff, 0xf0, 0xaf, 0xff, 0xf2, 0x0,
    0xf, 0xff, 0xff, 0x20, 0x0, 0xff, 0xff, 0xc0,
    0x6f, 0xff, 0xf5, 0x0, 0x3f, 0xff, 0xff, 0x50,
    0x4, 0xff, 0xff, 0x80, 0x2f, 0xff, 0xf9, 0x0,
    0x6f, 0xff, 0xff, 0x80, 0x7, 0xff, 0xff, 0x40,
    0xe, 0xff, 0xfc, 0x0, 0x9f, 0xff, 0xff, 0xb0,
    0xb, 0xff, 0xff, 0x0, 0xa, 0xff, 0xff, 0x0,
    0xcf, 0xf9, 0xff, 0xe0, 0xe, 0xff, 0xfc, 0x0,
    0x6, 0xff, 0xff, 0x30, 0xff, 0xf3, 0xff, 0xf1,
    0x2f, 0xff, 0xf8, 0x0, 0x2, 0xff, 0xff, 0x72,
    0xff, 0xf0, 0xdf, 0xf4, 0x5f, 0xff, 0xf4, 0x0,
    0x0, 0xef, 0xff, 0xa5, 0xff, 0xc0, 0xaf, 0xf7,
    0x9f, 0xff, 0xf0, 0x0, 0x0, 0xaf, 0xff, 0xe8,
    0xff, 0x90, 0x7f, 0xfa, 0xcf, 0xff, 0xc0, 0x0,
    0x0, 0x6f, 0xff, 0xfd, 0xff, 0x50, 0x4f, 0xfd,
    0xff, 0xff, 0x80, 0x0, 0x0, 0x2f, 0xff, 0xff,
    0xff, 0x20, 0xf, 0xff, 0xff, 0xff, 0x40, 0x0,
    0x0, 0xe, 0xff, 0xff, 0xff, 0x0, 0xd, 0xff,
    0xff, 0xff, 0x0, 0x0, 0x0, 0xa, 0xff, 0xff,
    0xfc, 0x0, 0xa, 0xff, 0xff, 0xfc, 0x0, 0x0,
    0x0, 0x6, 0xff, 0xff, 0xf9, 0x0, 0x7, 0xff,
    0xff, 0xf8, 0x0, 0x0, 0x0, 0x2, 0xff, 0xff,
    0xf6, 0x0, 0x3, 0xff, 0xff, 0xf4, 0x0, 0x0,

    /* U+0078 "x" */
    0x3f, 0xff, 0xff, 0x20, 0x0, 0x2f, 0xff, 0xff,
    0x30, 0x7, 0xff, 0xff, 0xd0, 0x0, 0xcf, 0xff,
    0xf8, 0x0, 0x0, 0xbf, 0xff, 0xf8, 0x7, 0xff,
    0xff, 0xc0, 0x0, 0x0, 0x1e, 0xff, 0xff, 0x7f,
    0xff, 0xff, 0x20, 0x0, 0x0, 0x5, 0xff, 0xff,
    0xff, 0xff, 0xf6, 0x0, 0x0, 0x0, 0x0, 0xaf,
    0xff, 0xff, 0xff, 0xa0, 0x0, 0x0, 0x0, 0x0,
    0xd, 0xff, 0xff, 0xfe, 0x10, 0x0, 0x0, 0x0,
    0x0, 0x4, 0xff, 0xff, 0xf5, 0x0, 0x0, 0x0,
    0x0, 0x0, 0xb, 0xff, 0xff, 0xfc, 0x0, 0x0,
    0x0, 0x0, 0x0, 0x6f, 0xff, 0xff, 0xff, 0x70,
    0x0, 0x0, 0x0, 0x2, 0xff, 0xff, 0xff, 0xff,
    0xf3, 0x0, 0x0, 0x0, 0xc, 0xff, 0xff, 0xbf,
    0xff, 0xfd, 0x0, 0x0, 0x0, 0x8f, 0xff, 0xfc,
    0xa, 0xff, 0xff, 0x90, 0x0, 0x3, 0xff, 0xff,
    0xf1, 0x1, 0xef, 0xff, 0xf4, 0x0, 0xe, 0xff,
    0xff, 0x50, 0x0, 0x4f, 0xff, 0xfe, 0x10, 0xaf,
    0xff, 0xfa, 0x0, 0x0, 0x9, 0xff, 0xff, 0xb0,

    /* U+0079 "y" */
    0xcf, 0xff, 0xf5, 0x0, 0x0, 0xc, 0xff, 0xff,
    0x66, 0xff, 0xff, 0xa0, 0x0, 0x1, 0xff, 0xff,
    0xf0, 0x1f, 0xff, 0xff, 0x0, 0x0, 0x6f, 0xff,
    0xf9, 0x0, 0xaf, 0xff, 0xf4, 0x0, 0xb, 0xff,
    0xff, 0x30, 0x4, 0xff, 0xff, 0x90, 0x0, 0xff,
    0xff, 0xd0, 0x0, 0xe, 0xff, 0xfe, 0x0, 0x5f,
    0xff, 0xf7, 0x0, 0x0, 0x8f, 0xff, 0xf3, 0xa,
    0xff, 0xff, 0x10, 0x0, 0x2, 0xff, 0xff, 0x80,
    0xef, 0xff, 0xb0, 0x0, 0x0, 0xb, 0xff, 0xfd,
    0x3f, 0xff, 0xf5, 0x0, 0x0, 0x0, 0x5f, 0xff,
    0xfb, 0xff, 0xfe, 0x0, 0x0, 0x0, 0x0, 0xef,
    0xff, 0xff, 0xff, 0x80, 0x0, 0x0, 0x0, 0x9,
    0xff, 0xff, 0xff, 0xf2, 0x0, 0x0, 0x0, 0x0,
    0x3f, 0xff, 0xff, 0xfc, 0x0, 0x0, 0x0, 0x0,
    0x0, 0xcf, 0xff, 0xff, 0x60, 0x0, 0x0, 0x0,
    0x0, 0x6, 0xff, 0xff, 0xf0, 0x0, 0x0, 0x0,
    0x0, 0x0, 0x1f, 0xff, 0xfa, 0x0, 0x0, 0x0,
    0x0, 0x0, 0x3, 0xff, 0xff, 0x30, 0x0, 0x0,
    0x0, 0x6, 0x78, 0xef, 0xff, 0xc0, 0x0, 0x0,
    0x0, 0x0, 0xef, 0xff, 0xff, 0xf3, 0x0, 0x0,
    0x0, 0x0, 0xe, 0xff, 0xff, 0xf7, 0x0, 0x0,
    0x0, 0x0, 0x0, 0xef, 0xfd, 0xa4, 0x0, 0x0,
    0x0, 0x0, 0x0,

    /* U+007A "z" */
    0x9, 0xff, 0xff, 0xff, 0xff, 0xff, 0xff, 0xf6,
    0x9, 0xff, 0xff, 0xff, 0xff, 0xff, 0xff, 0xf6,
    0x9, 0xff, 0xff, 0xff, 0xff, 0xff, 0xff, 0xf6,
    0x7, 0xcc, 0xcc, 0xcc, 0xcf, 0xff, 0xff, 0xf6,
    0x0, 0x0, 0x0, 0x0, 0x8f, 0xff, 0xff, 0xb0,
    0x0, 0x0, 0x0, 0x7, 0xff, 0xff, 0xfb, 0x0,
    0x0, 0x0, 0x0, 0x7f, 0xff, 0xff, 0xc0, 0x0,
    0x0, 0x0, 0x7, 0xff, 0xff, 0xfc, 0x0, 0x0,
    0x0, 0x0, 0x6f, 0xff, 0xff, 0xc0, 0x0, 0x0,
    0x0, 0x6, 0xff, 0xff, 0xfc, 0x10, 0x0, 0x0,
    0x0, 0x6f, 0xff, 0xff, 0xd1, 0x0, 0x0, 0x0,
    0x5, 0xff, 0xff, 0xfd, 0x10, 0x0, 0x0, 0x0,
    0xf, 0xff, 0xff, 0xfd, 0xcc, 0xcc, 0xcc, 0xcb,
    0xf, 0xff, 0xff, 0xff, 0xff, 0xff, 0xff, 0xfe,
    0xf, 0xff, 0xff, 0xff, 0xff, 0xff, 0xff, 0xfe,
    0xf, 0xff, 0xff, 0xff, 0xff, 0xff, 0xff, 0xfe,

    /* U+007B "{" */
    0x0, 0x0, 0x6, 0xbe, 0xff, 0xc0, 0x0, 0xc,
    0xff, 0xff, 0xfc, 0x0, 0x7, 0xff, 0xff, 0xff,
    0xc0, 0x0, 0xdf, 0xff, 0xfe, 0xc9, 0x0, 0xe,
    0xff, 0xfc, 0x0, 0x0, 0x0, 0xff, 0xff, 0x90,
    0x0, 0x0, 0xf, 0xff, 0xf9, 0x0, 0x0, 0x0,
    0xff, 0xff, 0x90, 0x0, 0x0, 0xf, 0xff, 0xf9,
    0x0, 0x0, 0x2, 0xff, 0xff, 0x80, 0x0, 0x1,
    0xaf, 0xff, 0xf5, 0x0, 0x3, 0xff, 0xff, 0xfc,
    0x0, 0x0, 0x3f, 0xff, 0xe7, 0x0, 0x0, 0x3,
    0xff, 0xff, 0xa2, 0x0, 0x0, 0x3f, 0xff, 0xff,
    0xe1, 0x0, 0x0, 0x8, 0xff, 0xff, 0x60, 0x0,
    0x0, 0x2f, 0xff, 0xf9, 0x0, 0x0, 0x0, 0xff,
    0xff, 0x90, 0x0, 0x0, 0xf, 0xff, 0xf9, 0x0,
    0x0, 0x0, 0xff, 0xff, 0x90, 0x0, 0x0, 0xf,
    0xff, 0xf9, 0x0, 0x0, 0x0, 0xef, 0xff, 0xc0,
    0x0, 0x0, 0xc, 0xff, 0xff, 0xec, 0x90, 0x0,
    0x7f, 0xff, 0xff, 0xfc, 0x0, 0x0, 0xcf, 0xff,
    0xff, 0xc0, 0x0, 0x0, 0x6b, 0xef, 0xfc,

    /* U+007C "|" */
    0x9f, 0xff, 0xf1, 0x9f, 0xff, 0xf1, 0x9f, 0xff,
    0xf1, 0x9f, 0xff, 0xf1, 0x9f, 0xff, 0xf1, 0x9f,
    0xff, 0xf1, 0x9f, 0xff, 0xf1, 0x9f, 0xff, 0xf1,
    0x9f, 0xff, 0xf1, 0x9f, 0xff, 0xf1, 0x9f, 0xff,
    0xf1, 0x9f, 0xff, 0xf1, 0x9f, 0xff, 0xf1, 0x9f,
    0xff, 0xf1, 0x9f, 0xff, 0xf1, 0x9f, 0xff, 0xf1,
    0x9f, 0xff, 0xf1, 0x9f, 0xff, 0xf1, 0x9f, 0xff,
    0xf1, 0x9f, 0xff, 0xf1, 0x9f, 0xff, 0xf1, 0x9f,
    0xff, 0xf1, 0x9f, 0xff, 0xf1, 0x9f, 0xff, 0xf1,
    0x9f, 0xff, 0xf1, 0x9f, 0xff, 0xf1,

    /* U+007D "}" */
    0xef, 0xfe, 0xb5, 0x0, 0x0, 0xe, 0xff, 0xff,
    0xfa, 0x0, 0x0, 0xef, 0xff, 0xff, 0xf5, 0x0,
    0xb, 0xce, 0xff, 0xff, 0xa0, 0x0, 0x0, 0xe,
    0xff, 0xfc, 0x0, 0x0, 0x0, 0xcf, 0xff, 0xd0,
    0x0, 0x0, 0xc, 0xff, 0xfd, 0x0, 0x0, 0x0,
    0xcf, 0xff, 0xd0, 0x0, 0x0, 0xc, 0xff, 0xfe,
    0x0, 0x0, 0x0, 0xbf, 0xff, 0xf0, 0x0, 0x0,
    0x8, 0xff, 0xff, 0x80, 0x0, 0x0, 0x1e, 0xff,
    0xff, 0xf1, 0x0, 0x0, 0x19, 0xff, 0xff, 0x10,
    0x0, 0x3, 0xbf, 0xff, 0xf1, 0x0, 0x2, 0xff,
    0xff, 0xfe, 0x10, 0x0, 0x9f, 0xff, 0xf6, 0x0,
    0x0, 0xb, 0xff, 0xff, 0x0, 0x0, 0x0, 0xcf,
    0xff, 0xe0, 0x0, 0x0, 0xc, 0xff, 0xfd, 0x0,
    0x0, 0x0, 0xcf, 0xff, 0xd0, 0x0, 0x0, 0xc,
    0xff, 0xfd, 0x0, 0x0, 0x0, 0xef, 0xff, 0xc0,
    0x0, 0xbc, 0xef, 0xff, 0xfa, 0x0, 0xe, 0xff,
    0xff, 0xff, 0x50, 0x0, 0xef, 0xff, 0xff, 0xa0,
    0x0, 0xe, 0xff, 0xeb, 0x50, 0x0, 0x0,

    /* U+007E "~" */
    0x0, 0x0, 0x0, 0x0, 0x0, 0x3, 0x10, 0x0,
    0x6, 0xbd, 0xc7, 0x0, 0x0, 0x9f, 0xb5, 0x8,
    0xff, 0xff, 0xfe, 0x60, 0xd, 0xff, 0xb1, 0xff,
    0xff, 0xff, 0xff, 0xff, 0xff, 0xf8, 0x6f, 0xff,
    0xff, 0xff, 0xff, 0xff, 0xff, 0x39, 0xff, 0xe2,
    0x16, 0xef, 0xff, 0xff, 0xb0, 0x6e, 0xfa, 0x0,
    0x0, 0x8d, 0xfe, 0x90, 0x0, 0x3, 0x50, 0x0,
    0x0, 0x0, 0x0, 0x0
};


/*---------------------
 *  GLYPH DESCRIPTION
 *--------------------*/

static const lv_font_fmt_txt_glyph_dsc_t glyph_dsc[] = {
    {.bitmap_index = 0, .adv_w = 0, .box_w = 0, .box_h = 0, .ofs_x = 0, .ofs_y = 0} /* id = 0 reserved */,
    {.bitmap_index = 0, .adv_w = 164, .box_w = 0, .box_h = 0, .ofs_x = 0, .ofs_y = 0},
    {.bitmap_index = 0, .adv_w = 145, .box_w = 7, .box_h = 21, .ofs_x = 1, .ofs_y = 0},
    {.bitmap_index = 74, .adv_w = 210, .box_w = 11, .box_h = 8, .ofs_x = 1, .ofs_y = 13},
    {.bitmap_index = 118, .adv_w = 401, .box_w = 25, .box_h = 21, .ofs_x = 0, .ofs_y = 0},
    {.bitmap_index = 381, .adv_w = 317, .box_w = 20, .box_h = 27, .ofs_x = 0, .ofs_y = -3},
    {.bitmap_index = 651, .adv_w = 500, .box_w = 31, .box_h = 21, .ofs_x = 0, .ofs_y = 0},
    {.bitmap_index = 977, .adv_w = 359, .box_w = 23, .box_h = 23, .ofs_x = 0, .ofs_y = 0},
    {.bitmap_index = 1242, .adv_w = 114, .box_w = 5, .box_h = 8, .ofs_x = 1, .ofs_y = 13},
    {.bitmap_index = 1262, .adv_w = 187, .box_w = 10, .box_h = 26, .ofs_x = 1, .ofs_y = -5},
    {.bitmap_index = 1392, .adv_w = 187, .box_w = 10, .box_h = 26, .ofs_x = 1, .ofs_y = -5},
    {.bitmap_index = 1522, .adv_w = 222, .box_w = 12, .box_h = 10, .ofs_x = 1, .ofs_y = 11},
    {.bitmap_index = 1582, .adv_w = 316, .box_w = 18, .box_h = 16, .ofs_x = 1, .ofs_y = 0},
    {.bitmap_index = 1726, .adv_w = 124, .box_w = 8, .box_h = 11, .ofs_x = 0, .ofs_y = -5},
    {.bitmap_index = 1770, .adv_w = 191, .box_w = 12, .box_h = 5, .ofs_x = 0, .ofs_y = 6},
    {.bitmap_index = 1800, .adv_w = 124, .box_w = 8, .box_h = 7, .ofs_x = 0, .ofs_y = 0},
    {.bitmap_index = 1828, .adv_w = 226, .box_w = 14, .box_h = 21, .ofs_x = 0, .ofs_y = 0},
    {.bitmap_index = 1975, .adv_w = 334, .box_w = 19, .box_h = 21, .ofs_x = 1, .ofs_y = 0},
    {.bitmap_index = 2175, .adv_w = 229, .box_w = 11, .box_h = 21, .ofs_x = 1, .ofs_y = 0},
    {.bitmap_index = 2291, .adv_w = 300, .box_w = 17, .box_h = 21, .ofs_x = 1, .ofs_y = 0},
    {.bitmap_index = 2470, .adv_w = 310, .box_w = 17, .box_h = 21, .ofs_x = 1, .ofs_y = 0},
    {.bitmap_index = 2649, .adv_w = 321, .box_w = 19, .box_h = 21, .ofs_x = 0, .ofs_y = 0},
    {.bitmap_index = 2849, .adv_w = 313, .box_w = 18, .box_h = 21, .ofs_x = 1, .ofs_y = 0},
    {.bitmap_index = 3038, .adv_w = 324, .box_w = 18, .box_h = 21, .ofs_x = 1, .ofs_y = 0},
    {.bitmap_index = 3227, .adv_w = 278, .box_w = 17, .box_h = 21, .ofs_x = 0, .ofs_y = 0},
    {.bitmap_index = 3406, .adv_w = 320, .box_w = 18, .box_h = 21, .ofs_x = 1, .ofs_y = 0},
    {.bitmap_index = 3595, .adv_w = 287, .box_w = 16, .box_h = 21, .ofs_x = 1, .ofs_y = 0},
    {.bitmap_index = 3763, .adv_w = 124, .box_w = 8, .box_h = 16, .ofs_x = 0, .ofs_y = 0},
    {.bitmap_index = 3827, .adv_w = 124, .box_w = 8, .box_h = 21, .ofs_x = 0, .ofs_y = -5},
    {.bitmap_index = 3911, .adv_w = 293, .box_w = 17, .box_h = 17, .ofs_x = 1, .ofs_y = -1},
    {.bitmap_index = 4056, .adv_w = 316, .box_w = 18, .box_h = 10, .ofs_x = 1, .ofs_y = 3},
    {.bitmap_index = 4146, .adv_w = 293, .box_w = 17, .box_h = 17, .ofs_x = 1, .ofs_y = -1},
    {.bitmap_index = 4291, .adv_w = 314, .box_w = 18, .box_h = 21, .ofs_x = 1, .ofs_y = 0},
    {.bitmap_index = 4480, .adv_w = 386, .box_w = 23, .box_h = 21, .ofs_x = 1, .ofs_y = 0},
    {.bitmap_index = 4722, .adv_w = 353, .box_w = 22, .box_h = 21, .ofs_x = 0, .ofs_y = 0},
    {.bitmap_index = 4953, .adv_w = 327, .box_w = 19, .box_h = 21, .ofs_x = 1, .ofs_y = 0},
    {.bitmap_index = 5153, .adv_w = 345, .box_w = 20, .box_h = 21, .ofs_x = 1, .ofs_y = 0},
    {.bitmap_index = 5363, .adv_w = 351, .box_w = 20, .box_h = 21, .ofs_x = 1, .ofs_y = 0},
    {.bitmap_index = 5573, .adv_w = 297, .box_w = 17, .box_h = 21, .ofs_x = 1, .ofs_y = 0},
    {.bitmap_index = 5752, .adv_w = 279, .box_w = 16, .box_h = 21, .ofs_x = 1, .ofs_y = 0},
    {.bitmap_index = 5920, .adv_w = 368, .box_w = 21, .box_h = 21, .ofs_x = 1, .ofs_y = 0},
    {.bitmap_index = 6141, .adv_w = 348, .box_w = 20, .box_h = 21, .ofs_x = 1, .ofs_y = 0},
    {.bitmap_index = 6351, .adv_w = 234, .box_w = 12, .box_h = 21, .ofs_x = 1, .ofs_y = 0},
    {.bitmap_index = 6477, .adv_w = 287, .box_w = 17, .box_h = 21, .ofs_x = 0, .ofs_y = 0},
    {.bitmap_index = 6656, .adv_w = 337, .box_w = 20, .box_h = 21, .ofs_x = 1, .ofs_y = 0},
    {.bitmap_index = 6866, .adv_w = 275, .box_w = 16, .box_h = 21, .ofs_x = 1, .ofs_y = 0},
    {.bitmap_index = 7034, .adv_w = 431, .box_w = 25, .box_h = 21, .ofs_x = 1, .ofs_y = 0},
    {.bitmap_index = 7297, .adv_w = 358, .box_w = 20, .box_h = 21, .ofs_x = 1, .ofs_y = 0},
    {.bitmap_index = 7507, .adv_w = 391, .box_w = 23, .box_h = 21, .ofs_x = 1, .ofs_y = 0},
    {.bitmap_index = 7749, .adv_w = 321, .box_w = 19, .box_h = 21, .ofs_x = 1, .ofs_y = 0},
    {.bitmap_index = 7949, .adv_w = 400, .box_w = 24, .box_h = 23, .ofs_x = 1, .ofs_y = -2},
    {.bitmap_index = 8225, .adv_w = 335, .box_w = 20, .box_h = 21, .ofs_x = 1, .ofs_y = 0},
    {.bitmap_index = 8435, .adv_w = 317, .box_w = 20, .box_h = 21, .ofs_x = 0, .ofs_y = 0},
    {.bitmap_index = 8645, .adv_w = 316, .box_w = 20, .box_h = 21, .ofs_x = 0, .ofs_y = 0},
    {.bitmap_index = 8855, .adv_w = 339, .box_w = 19, .box_h = 21, .ofs_x = 1, .ofs_y = 0},
    {.bitmap_index = 9055, .adv_w = 336, .box_w = 21, .box_h = 21, .ofs_x = 0, .ofs_y = 0},
    {.bitmap_index = 9276, .adv_w = 452, .box_w = 28, .box_h = 21, .ofs_x = 0, .ofs_y = 0},
    {.bitmap_index = 9570, .adv_w = 358, .box_w = 23, .box_h = 21, .ofs_x = 0, .ofs_y = 0},
    {.bitmap_index = 9812, .adv_w = 352, .box_w = 22, .box_h = 21, .ofs_x = 0, .ofs_y = 0},
    {.bitmap_index = 10043, .adv_w = 318, .box_w = 18, .box_h = 21, .ofs_x = 1, .ofs_y = 0},
    {.bitmap_index = 10232, .adv_w = 170, .box_w = 9, .box_h = 26, .ofs_x = 1, .ofs_y = -5},
    {.bitmap_index = 10349, .adv_w = 226, .box_w = 14, .box_h = 21, .ofs_x = 0, .ofs_y = 0},
    {.bitmap_index = 10496, .adv_w = 170, .box_w = 9, .box_h = 26, .ofs_x = 1, .ofs_y = -5},
    {.bitmap_index = 10613, .adv_w = 302, .box_w = 17, .box_h = 11, .ofs_x = 1, .ofs_y = 10},
    {.bitmap_index = 10707, .adv_w = 220, .box_w = 14, .box_h = 5, .ofs_x = 0, .ofs_y = -4},
    {.bitmap_index = 10742, .adv_w = 161, .box_w = 8, .box_h = 5, .ofs_x = 1, .ofs_y = 18},
    {.bitmap_index = 10762, .adv_w = 283, .box_w = 17, .box_h = 16, .ofs_x = 0, .ofs_y = 0},
    {.bitmap_index = 10898, .adv_w = 305, .box_w = 18, .box_h = 21, .ofs_x = 1, .ofs_y = 0},
    {.bitmap_index = 11087, .adv_w = 266, .box_w = 17, .box_h = 16, .ofs_x = 0, .ofs_y = 0},
    {.bitmap_index = 11223, .adv_w = 305, .box_w = 19, .box_h = 21, .ofs_x = 0, .ofs_y = 0},
    {.bitmap_index = 11423, .adv_w = 290, .box_w = 18, .box_h = 16, .ofs_x = 0, .ofs_y = 0},
    {.bitmap_index = 11567, .adv_w = 188, .box_w = 12, .box_h = 23, .ofs_x = 0, .ofs_y = 0},
    {.bitmap_index = 11705, .adv_w = 306, .box_w = 18, .box_h = 23, .ofs_x = 0, .ofs_y = -7},
    {.bitmap_index = 11912, .adv_w = 293, .box_w = 16, .box_h = 21, .ofs_x = 1, .ofs_y = 0},
    {.bitmap_index = 12080, .adv_w = 161, .box_w = 10, .box_h = 24, .ofs_x = 0, .ofs_y = 0},
    {.bitmap_index = 12200, .adv_w = 133, .box_w = 11, .box_h = 29, .ofs_x = -3, .ofs_y = -5},
    {.bitmap_index = 12360, .adv_w = 290, .box_w = 18, .box_h = 21, .ofs_x = 1, .ofs_y = 0},
    {.bitmap_index = 12549, .adv_w = 161, .box_w = 9, .box_h = 21, .ofs_x = 1, .ofs_y = 0},
    {.bitmap_index = 12644, .adv_w = 454, .box_w = 26, .box_h = 16, .ofs_x = 1, .ofs_y = 0},
    {.bitmap_index = 12852, .adv_w = 293, .box_w = 16, .box_h = 16, .ofs_x = 1, .ofs_y = 0},
    {.bitmap_index = 12980, .adv_w = 293, .box_w = 18, .box_h = 16, .ofs_x = 0, .ofs_y = 0},
    {.bitmap_index = 13124, .adv_w = 305, .box_w = 18, .box_h = 21, .ofs_x = 1, .ofs_y = -5},
    {.bitmap_index = 13313, .adv_w = 308, .box_w = 22, .box_h = 21, .ofs_x = 0, .ofs_y = -5},
    {.bitmap_index = 13544, .adv_w = 190, .box_w = 11, .box_h = 16, .ofs_x = 1, .ofs_y = 0},
    {.bitmap_index = 13632, .adv_w = 273, .box_w = 17, .box_h = 16, .ofs_x = 0, .ofs_y = 0},
    {.bitmap_index = 13768, .adv_w = 194, .box_w = 12, .box_h = 20, .ofs_x = 0, .ofs_y = 0},
    {.bitmap_index = 13888, .adv_w = 292, .box_w = 16, .box_h = 16, .ofs_x = 1, .ofs_y = 0},
    {.bitmap_index = 14016, .adv_w = 269, .box_w = 17, .box_h = 16, .ofs_x = 0, .ofs_y = 0},
    {.bitmap_index = 14152, .adv_w = 370, .box_w = 24, .box_h = 16, .ofs_x = 0, .ofs_y = 0},
    {.bitmap_index = 14344, .adv_w = 273, .box_w = 18, .box_h = 16, .ofs_x = 0, .ofs_y = 0},
    {.bitmap_index = 14488, .adv_w = 265, .box_w = 17, .box_h = 21, .ofs_x = 0, .ofs_y = -5},
    {.bitmap_index = 14667, .adv_w = 264, .box_w = 16, .box_h = 16, .ofs_x = 0, .ofs_y = 0},
    {.bitmap_index = 14795, .adv_w = 189, .box_w = 11, .box_h = 26, .ofs_x = 0, .ofs_y = -5},
    {.bitmap_index = 14938, .adv_w = 120, .box_w = 6, .box_h = 26, .ofs_x = 1, .ofs_y = -5},
    {.bitmap_index = 15016, .adv_w = 189, .box_w = 11, .box_h = 26, .ofs_x = 1, .ofs_y = -5},
    {.bitmap_index = 15159, .adv_w = 273, .box_w = 15, .box_h = 8, .ofs_x = 1, .ofs_y = 4}
};

/*---------------------
 *  CHARACTER MAPPING
 *--------------------*/



/*Collect the unicode lists and glyph_id offsets*/
static const lv_font_fmt_txt_cmap_t cmaps[] =
{
    {
        .range_start = 32, .range_length = 95, .glyph_id_start = 1,
        .unicode_list = NULL, .glyph_id_ofs_list = NULL, .list_length = 0, .type = LV_FONT_FMT_TXT_CMAP_FORMAT0_TINY
    }
};

/*-----------------
 *    KERNING
 *----------------*/


/*Pair left and right glyphs for kerning*/
static const uint8_t kern_pair_glyph_ids[] =
{
    9, 24,
    13, 72,
    14, 18,
    14, 19,
    14, 21,
    14, 24,
    15, 72,
    16, 16,
    18, 10,
    19, 21,
    21, 21,
    21, 26,
    22, 26,
    23, 18,
    23, 19,
    24, 6,
    24, 14,
    24, 21,
    24, 24,
    24, 25,
    25, 6,
    25, 18,
    25, 24,
    25, 26,
    26, 21,
    26, 24,
    26, 25,
    34, 34,
    34, 36,
    34, 40,
    34, 48,
    34, 50,
    34, 53,
    34, 54,
    34, 55,
    34, 56,
    34, 58,
    34, 77,
    34, 85,
    34, 86,
    34, 87,
    34, 88,
    34, 89,
    34, 90,
    35, 34,
    35, 55,
    35, 57,
    35, 58,
    35, 66,
    36, 36,
    36, 40,
    36, 48,
    36, 50,
    36, 58,
    36, 68,
    36, 69,
    36, 70,
    36, 80,
    36, 82,
    37, 34,
    37, 42,
    37, 53,
    37, 55,
    37, 56,
    37, 57,
    37, 58,
    37, 59,
    37, 66,
    37, 91,
    38, 36,
    38, 40,
    38, 48,
    38, 50,
    38, 55,
    38, 56,
    38, 68,
    38, 69,
    38, 70,
    38, 80,
    38, 82,
    39, 34,
    39, 43,
    39, 53,
    39, 66,
    40, 53,
    40, 55,
    40, 58,
    42, 36,
    42, 40,
    42, 48,
    42, 50,
    42, 71,
    42, 72,
    42, 85,
    43, 34,
    43, 66,
    44, 36,
    44, 40,
    44, 48,
    44, 50,
    44, 68,
    44, 69,
    44, 70,
    44, 74,
    44, 80,
    44, 82,
    44, 86,
    44, 87,
    44, 88,
    44, 90,
    45, 34,
    45, 36,
    45, 40,
    45, 43,
    45, 48,
    45, 50,
    45, 53,
    45, 55,
    45, 56,
    45, 57,
    45, 58,
    45, 66,
    45, 74,
    45, 87,
    45, 88,
    45, 89,
    45, 90,
    48, 34,
    48, 42,
    48, 53,
    48, 55,
    48, 56,
    48, 57,
    48, 58,
    48, 59,
    48, 66,
    48, 91,
    49, 34,
    49, 43,
    49, 57,
    49, 58,
    49, 59,
    49, 66,
    49, 84,
    50, 34,
    50, 57,
    50, 58,
    50, 91,
    51, 34,
    51, 36,
    51, 40,
    51, 48,
    51, 50,
    51, 58,
    51, 72,
    51, 86,
    52, 56,
    53, 34,
    53, 36,
    53, 40,
    53, 43,
    53, 48,
    53, 50,
    53, 53,
    53, 54,
    53, 55,
    53, 56,
    53, 58,
    53, 66,
    53, 68,
    53, 69,
    53, 70,
    53, 71,
    53, 72,
    53, 78,
    53, 79,
    53, 80,
    53, 81,
    53, 82,
    53, 83,
    53, 84,
    53, 86,
    54, 34,
    55, 34,
    55, 36,
    55, 40,
    55, 43,
    55, 48,
    55, 50,
    55, 53,
    55, 55,
    55, 56,
    55, 58,
    55, 66,
    55, 68,
    55, 69,
    55, 70,
    55, 72,
    55, 78,
    55, 79,
    55, 80,
    55, 82,
    55, 84,
    56, 34,
    56, 36,
    56, 40,
    56, 43,
    56, 48,
    56, 50,
    56, 53,
    56, 55,
    56, 58,
    56, 66,
    56, 68,
    56, 69,
    56, 70,
    56, 72,
    56, 80,
    56, 82,
    57, 36,
    57, 40,
    57, 48,
    57, 50,
    57, 66,
    57, 68,
    57, 69,
    57, 70,
    57, 72,
    57, 74,
    57, 80,
    57, 82,
    57, 86,
    57, 87,
    57, 90,
    58, 34,
    58, 36,
    58, 40,
    58, 43,
    58, 48,
    58, 50,
    58, 53,
    58, 55,
    58, 66,
    58, 68,
    58, 69,
    58, 70,
    58, 72,
    58, 74,
    58, 80,
    58, 81,
    58, 82,
    58, 84,
    58, 86,
    58, 89,
    58, 91,
    59, 36,
    59, 40,
    59, 48,
    59, 50,
    59, 72,
    59, 85,
    68, 53,
    68, 56,
    68, 58,
    69, 75,
    70, 53,
    70, 55,
    70, 56,
    70, 57,
    70, 58,
    70, 87,
    70, 90,
    71, 53,
    71, 56,
    71, 66,
    71, 68,
    71, 69,
    71, 70,
    71, 80,
    71, 82,
    71, 85,
    72, 58,
    73, 53,
    73, 56,
    73, 58,
    73, 68,
    73, 69,
    73, 70,
    73, 74,
    73, 80,
    73, 82,
    75, 75,
    76, 34,
    76, 36,
    76, 40,
    76, 48,
    76, 50,
    76, 68,
    76, 69,
    76, 70,
    76, 74,
    76, 80,
    76, 82,
    76, 85,
    77, 13,
    77, 15,
    77, 16,
    77, 57,
    77, 66,
    77, 74,
    77, 81,
    78, 53,
    78, 56,
    78, 58,
    78, 68,
    78, 69,
    78, 70,
    78, 74,
    78, 80,
    78, 82,
    79, 53,
    79, 56,
    79, 58,
    79, 68,
    79, 69,
    79, 70,
    79, 74,
    79, 80,
    79, 82,
    82, 53,
    82, 58,
    83, 56,
    83, 66,
    83, 71,
    83, 74,
    83, 85,
    83, 87,
    83, 88,
    83, 89,
    83, 90,
    84, 43,
    84, 53,
    84, 55,
    84, 58,
    84, 74,
    84, 84,
    85, 34,
    85, 58,
    85, 77,
    85, 88,
    86, 53,
    86, 58,
    87, 34,
    87, 57,
    87, 59,
    87, 66,
    87, 68,
    87, 69,
    87, 70,
    87, 71,
    87, 74,
    87, 80,
    87, 82,
    88, 87,
    88, 90,
    89, 34,
    89, 58,
    90, 34,
    90, 57,
    90, 59,
    90, 66,
    90, 68,
    90, 69,
    90, 70,
    90, 71,
    90, 74,
    90, 80,
    90, 82,
    91, 58
};

/* Kerning between the respective left and right glyphs
 * 4.4 format which needs to scaled with `kern_scale`*/
static const int8_t kern_pair_values[] =
{
    16, -11, -24, -16, 16, -28, -11, -70,
    8, -4, 10, -11, -14, -12, -10, 16,
    -28, -19, 18, -24, -13, -14, -10, -12,
    -12, -10, -12, 10, -19, -19, -19, -19,
    -34, -14, -46, -24, -34, -11, -22, -12,
    -20, -23, 10, -20, -10, -10, -10, -14,
    -7, -10, -10, -10, -10, -12, -9, -9,
    -9, -9, -9, -19, -14, -19, -14, -10,
    -10, -24, -10, -14, -10, -10, -10, -10,
    -10, 9, 9, -9, -9, -9, -9, -9,
    -19, -16, 12, -11, -10, -14, -24, -14,
    -14, -14, -14, -11, -11, -14, -14, -9,
    -24, -24, -24, -24, -17, -17, -17, -29,
    -17, -17, -22, -26, -26, -26, 14, -19,
    -19, 14, -19, -19, -49, -34, -19, 14,
    -48, 6, -10, -19, -24, 14, -19, -19,
    -14, -19, -14, -10, -10, -24, -10, -14,
    -10, -42, -34, -15, -10, -10, -14, -10,
    14, 10, -19, 10, 9, -11, -11, -11,
    -11, -8, -10, -10, -10, -34, -19, -19,
    -53, -19, -19, 15, 9, 19, 14, 10,
    -29, -44, -44, -44, 10, -34, -34, -34,
    -44, -29, -44, -29, -19, -29, -14, -34,
    -14, -14, -19, -14, -14, 19, 10, 10,
    10, -19, -24, -24, -24, -24, -10, -10,
    -24, -24, -10, -24, -10, -10, -14, -10,
    -10, 14, 10, 7, -14, -12, -12, -12,
    -14, -12, -12, -14, -14, -14, -14, -10,
    -9, -9, -9, -10, -11, -9, -9, -14,
    -10, -10, -34, -24, -24, -29, -24, -24,
    10, 10, -39, -44, -44, -44, -44, -18,
    -44, -27, -44, -31, -19, -10, -10, -14,
    -14, -14, -14, -14, -14, -24, -14, -39,
    9, -34, -19, -14, -10, -39, -6, -6,
    14, 10, -12, -11, -11, -11, -11, -11,
    6, -24, -29, -14, -34, -4, -4, -4,
    -8, -4, -4, 23, 14, -10, -10, -10,
    -10, -15, -15, -15, -6, -15, -15, -6,
    13, 13, 15, 10, 11, -14, 6, -29,
    -14, -34, -4, -4, -4, -8, -4, -4,
    -29, -14, -34, -4, -4, -4, -8, -4,
    -4, -24, -14, 14, -7, 10, 8, 8,
    13, 12, 11, 13, 11, -19, -10, -29,
    -6, -6, 12, -14, 14, 6, -36, -20,
    -29, -10, -10, -10, -5, -5, -5, 14,
    9, -5, -5, 13, 13, 10, -10, -29,
    -10, -10, -10, -5, -5, -5, 14, 9,
    -5, -5, -10
};

/*Collect the kern pair's data in one place*/
static const lv_font_fmt_txt_kern_pair_t kern_pairs =
{
    .glyph_ids = kern_pair_glyph_ids,
    .values = kern_pair_values,
    .pair_cnt = 379,
    .glyph_ids_size = 0
};

/*--------------------
 *  ALL CUSTOM DATA
 *--------------------*/

#if LVGL_VERSION_MAJOR == 8
/*Store all the custom data of the font*/
static  lv_font_fmt_txt_glyph_cache_t cache;
#endif

#if LVGL_VERSION_MAJOR >= 8
static const lv_font_fmt_txt_dsc_t font_dsc = {
#else
static lv_font_fmt_txt_dsc_t font_dsc = {
#endif
    .glyph_bitmap = glyph_bitmap,
    .glyph_dsc = glyph_dsc,
    .cmaps = cmaps,
    .kern_dsc = &kern_pairs,
    .kern_scale = 16,
    .cmap_num = 1,
    .bpp = 4,
    .kern_classes = 0,
    .bitmap_format = 0,
#if LVGL_VERSION_MAJOR == 8
    .cache = &cache
#endif
};



/*-----------------
 *  PUBLIC FONT
 *----------------*/

/*Initialize a public general font descriptor*/
#if LVGL_VERSION_MAJOR >= 8
const lv_font_t ollo_font_32 = {
#else
lv_font_t ollo_font_32 = {
#endif
    .get_glyph_dsc = lv_font_get_glyph_dsc_fmt_txt,    /*Function pointer to get glyph's data*/
    .get_glyph_bitmap = lv_font_get_bitmap_fmt_txt,    /*Function pointer to get glyph's bitmap*/
    .line_height = 31,          /*The maximum line height required by the font*/
    .base_line = 7,             /*Baseline measured from the bottom of the line*/
#if !(LVGL_VERSION_MAJOR == 6 && LVGL_VERSION_MINOR == 0)
    .subpx = LV_FONT_SUBPX_NONE,
#endif
#if LV_VERSION_CHECK(7, 4, 0) || LVGL_VERSION_MAJOR >= 8
    .underline_position = -2,
    .underline_thickness = 2,
#endif
    .dsc = &font_dsc,          /*The custom font data. Will be accessed by `get_glyph_bitmap/dsc` */
#if LV_VERSION_CHECK(8, 2, 0) || LVGL_VERSION_MAJOR >= 9
    .fallback = NULL,
#endif
    .user_data = NULL,
};



#endif /*#if OLLO_FONT_32*/

